timestamp,suhu,kelembaban
2026-07-17 21:54:00,25.6,81.4
2026-07-17 21:55:00,25.600000000000005,81.33333333333333
2026-07-17 21:56:00,25.600000000000005,81.3
2026-07-17 21:57:00,25.600000000000005,81.3
2026-07-17 21:58:00,25.600000000000005,81.3
2026-07-17 21:59:00,25.600000000000005,81.16666666666667
2026-07-17 22:00:00,25.600000000000005,81.2
2026-07-17 22:01:00,25.600000000000005,81.10000000000001
2026-07-17 22:02:00,25.566666666666666,81.16666666666667
2026-07-17 22:03:00,25.5,81.2
2026-07-17 22:04:00,25.5,81.23333333333333
2026-07-17 22:05:00,25.5,81.23333333333333
2026-07-17 22:06:00,25.566666666666666,81.2
2026-07-17 22:07:00,25.53333333333333,81.06666666666666
2026-07-17 22:08:00,25.5,81.1
2026-07-17 22:09:00,25.5,81.16666666666667
2026-07-17 22:10:00,25.5,81.06666666666666
2026-07-17 22:11:00,25.5,80.93333333333334
2026-07-17 22:12:00,25.5,80.96666666666667
2026-07-17 22:13:00,25.5,81.0
2026-07-17 22:14:00,25.5,81.0
2026-07-17 22:15:00,25.5,80.93333333333334
2026-07-17 22:16:00,25.5,80.9
2026-07-17 22:17:00,25.5,81.10000000000001
2026-07-17 22:18:00,25.5,81.03333333333333
2026-07-17 22:19:00,25.5,81.06666666666666
2026-07-17 22:20:00,25.5,80.96666666666667
2026-07-17 22:21:00,25.46666666666667,80.86666666666667
2026-07-17 22:22:00,25.399999999999995,80.83333333333333
2026-07-17 22:23:00,25.399999999999995,80.86666666666667
2026-07-17 22:24:00,25.46666666666667,81.0
2026-07-17 22:25:00,25.5,80.86666666666667
2026-07-17 22:26:00,25.5,80.76666666666667
2026-07-17 22:27:00,25.5,80.7
2026-07-17 22:28:00,25.5,80.8
2026-07-17 22:29:00,25.46666666666667,80.95
2026-07-17 22:30:00,25.399999999999995,81.15
2026-07-17 22:31:00,25.4,81.0
2026-07-17 22:32:00,25.399999999999995,80.83333333333333
2026-07-17 22:33:00,25.399999999999995,80.8
2026-07-17 22:34:00,25.399999999999995,80.93333333333334
2026-07-17 22:35:00,25.399999999999995,81.03333333333333
2026-07-17 22:36:00,25.399999999999995,80.8
2026-07-17 22:37:00,25.399999999999995,80.83333333333333
2026-07-17 22:38:00,25.399999999999995,80.73333333333333
2026-07-17 22:39:00,25.399999999999995,80.63333333333333
2026-07-17 22:40:00,25.399999999999995,81.03333333333333
2026-07-17 22:41:00,25.399999999999995,80.93333333333334
2026-07-17 22:42:00,25.399999999999995,80.86666666666667
2026-07-17 22:43:00,25.399999999999995,80.96666666666667
2026-07-17 22:44:00,25.46666666666667,80.73333333333333
2026-07-17 22:45:00,25.46666666666667,80.7
2026-07-17 22:46:00,25.46666666666667,80.73333333333333
2026-07-17 22:47:00,25.399999999999995,80.76666666666667
2026-07-17 22:48:00,25.399999999999995,80.73333333333333
2026-07-17 22:49:00,25.399999999999995,80.8
2026-07-17 22:50:00,25.399999999999995,80.73333333333333
2026-07-17 22:51:00,25.399999999999995,80.73333333333333
2026-07-17 22:52:00,25.399999999999995,80.86666666666667
2026-07-17 22:53:00,25.399999999999995,80.8
2026-07-17 22:54:00,25.399999999999995,80.76666666666667
2026-07-17 22:55:00,25.399999999999995,80.7
2026-07-17 22:56:00,25.399999999999995,80.83333333333333
2026-07-17 22:57:00,25.399999999999995,80.83333333333333
2026-07-17 22:58:00,25.399999999999995,80.86666666666667
2026-07-17 22:59:00,25.399999999999995,80.83333333333333
2026-07-17 23:00:00,25.399999999999995,80.83333333333333
2026-07-17 23:01:00,25.399999999999995,80.76666666666667
2026-07-17 23:02:00,25.399999999999995,80.73333333333333
2026-07-17 23:03:00,25.399999999999995,80.7
2026-07-17 23:04:00,25.399999999999995,80.8
2026-07-17 23:05:00,25.366666666666664,80.76666666666667
2026-07-17 23:06:00,25.399999999999995,80.73333333333333
2026-07-17 23:07:00,25.3,80.9
2026-07-17 23:08:00,25.3,81.0
2026-07-17 23:09:00,25.3,81.06666666666666
2026-07-17 23:10:00,25.3,81.03333333333333
2026-07-17 23:11:00,25.3,81.06666666666666
2026-07-17 23:12:00,25.3,80.93333333333334
2026-07-17 23:13:00,25.3,81.03333333333333
2026-07-17 23:14:00,25.3,80.86666666666667
2026-07-17 23:15:00,25.3,80.9
2026-07-17 23:16:00,25.3,80.93333333333334
2026-07-17 23:17:00,25.3,81.03333333333333
2026-07-17 23:18:00,25.3,80.96666666666667
2026-07-17 23:19:00,25.266666666666666,80.9
2026-07-17 23:20:00,25.266666666666666,80.86666666666667
2026-07-17 23:21:00,25.266666666666666,80.86666666666667
2026-07-17 23:22:00,25.2,80.9
2026-07-17 23:23:00,25.2,80.86666666666667
2026-07-17 23:24:00,25.233333333333334,80.83333333333333
2026-07-17 23:25:00,25.3,80.73333333333333
2026-07-17 23:26:00,25.3,80.63333333333333
2026-07-17 23:27:00,25.3,80.56666666666666
2026-07-17 23:28:00,25.3,80.53333333333333
2026-07-17 23:29:00,25.266666666666666,80.7
2026-07-17 23:30:00,25.233333333333334,80.96666666666667
2026-07-17 23:31:00,25.3,80.76666666666667
2026-07-17 23:32:00,25.2,80.7
2026-07-17 23:33:00,25.2,80.56666666666666
2026-07-17 23:34:00,25.2,80.56666666666666
2026-07-17 23:35:00,25.2,80.73333333333333
2026-07-17 23:36:00,25.2,80.9
2026-07-17 23:37:00,25.2,80.86666666666667
2026-07-17 23:38:00,25.2,80.83333333333333
2026-07-17 23:39:00,25.2,81.03333333333333
2026-07-17 23:40:00,25.2,80.76666666666667
2026-07-17 23:41:00,25.2,80.83333333333333
2026-07-17 23:42:00,25.2,80.93333333333334
2026-07-17 23:43:00,25.2,80.96666666666667
2026-07-17 23:44:00,25.2,80.8
2026-07-17 23:45:00,25.2,80.76666666666667
2026-07-17 23:46:00,25.2,80.7
2026-07-17 23:47:00,25.2,80.6
2026-07-17 23:48:00,25.2,80.6
2026-07-17 23:49:00,25.2,80.65
2026-07-17 23:50:00,25.2,80.6
2026-07-17 23:51:00,25.2,80.66666666666667
2026-07-17 23:52:00,25.2,80.63333333333333
2026-07-17 23:53:00,25.2,80.56666666666666
2026-07-17 23:54:00,25.2,80.6
2026-07-17 23:55:00,25.2,80.56666666666666
2026-07-17 23:56:00,25.2,80.63333333333333
2026-07-17 23:57:00,25.2,80.63333333333333
2026-07-17 23:58:00,25.2,80.63333333333333
2026-07-17 23:59:00,25.2,80.76666666666667
2026-07-18 00:00:00,25.166666666666668,80.8
2026-07-18 00:01:00,25.133333333333336,80.7
2026-07-18 00:02:00,25.2,80.63333333333333
2026-07-18 00:03:00,25.2,80.7
2026-07-18 00:04:00,25.2,80.63333333333333
2026-07-18 00:05:00,25.133333333333336,80.7
2026-07-18 00:06:00,25.100000000000005,80.76666666666667
2026-07-18 00:07:00,25.100000000000005,80.8
2026-07-18 00:08:00,25.100000000000005,80.8
2026-07-18 00:09:00,25.100000000000005,80.8
2026-07-18 00:10:00,25.100000000000005,80.76666666666667
2026-07-18 00:11:00,25.100000000000005,80.73333333333333
2026-07-18 00:12:00,25.100000000000005,80.83333333333333
2026-07-18 00:13:00,25.100000000000005,80.9
2026-07-18 00:14:00,25.100000000000005,80.9
2026-07-18 00:15:00,25.100000000000005,80.96666666666667
2026-07-18 00:16:00,25.100000000000005,80.96666666666667
2026-07-18 00:17:00,25.100000000000005,80.96666666666667
2026-07-18 00:18:00,25.100000000000005,80.9
2026-07-18 00:19:00,25.100000000000005,80.9
2026-07-18 00:20:00,25.100000000000005,80.86666666666667
2026-07-18 00:21:00,25.100000000000005,81.0
2026-07-18 00:22:00,25.100000000000005,81.0
2026-07-18 00:23:00,25.100000000000005,80.96666666666667
2026-07-18 00:24:00,25.100000000000005,80.9
2026-07-18 00:25:00,25.166666666666668,81.06666666666666
2026-07-18 00:26:00,25.100000000000005,81.1
2026-07-18 00:27:00,25.2,81.06666666666666
2026-07-18 00:28:00,25.133333333333336,81.1
2026-07-18 00:29:00,25.100000000000005,81.26666666666667
2026-07-18 00:30:00,25.100000000000005,81.33333333333333
2026-07-18 00:31:00,25.100000000000005,81.3
2026-07-18 00:32:00,25.100000000000005,81.4
2026-07-18 00:33:00,25.100000000000005,81.4
2026-07-18 00:34:00,25.100000000000005,81.43333333333334
2026-07-18 00:35:00,25.100000000000005,81.56666666666666
2026-07-18 00:36:00,25.100000000000005,81.6
2026-07-18 00:37:00,25.100000000000005,81.6
2026-07-18 00:38:00,25.100000000000005,81.66666666666667
2026-07-18 00:39:00,25.100000000000005,81.56666666666666
2026-07-18 00:40:00,25.03333333333333,81.63333333333334
2026-07-18 00:41:00,25.0,81.73333333333333
2026-07-18 00:42:00,25.0,81.9
2026-07-18 00:43:00,25.0,81.9
2026-07-18 00:44:00,25.0,81.83333333333333
2026-07-18 00:45:00,25.0,81.93333333333334
2026-07-18 00:46:00,24.96666666666667,82.06666666666666
2026-07-18 00:47:00,25.0,82.0
2026-07-18 00:48:00,25.0,82.1
2026-07-18 00:49:00,25.0,82.03333333333333
2026-07-18 00:50:00,25.0,81.9
2026-07-18 00:51:00,25.0,81.89999999999999
2026-07-18 00:52:00,25.0,81.93333333333334
2026-07-18 00:53:00,25.0,82.06666666666666
2026-07-18 00:54:00,25.0,82.13333333333333
2026-07-18 00:55:00,24.96666666666667,82.2
2026-07-18 00:56:00,24.96666666666667,82.26666666666667
2026-07-18 00:57:00,25.0,82.33333333333333
2026-07-18 00:58:00,24.96666666666667,82.33333333333333
2026-07-18 00:59:00,25.0,82.4
2026-07-18 01:00:00,25.0,82.43333333333334
2026-07-18 01:01:00,25.0,82.43333333333334
2026-07-18 01:02:00,25.0,82.5
2026-07-18 01:03:00,25.0,82.43333333333334
2026-07-18 01:04:00,24.933333333333334,82.46666666666667
2026-07-18 01:05:00,24.933333333333334,82.56666666666666
2026-07-18 01:06:00,24.933333333333334,82.43333333333334
2026-07-18 01:07:00,24.899999999999995,82.46666666666667
2026-07-18 01:08:00,24.899999999999995,82.53333333333333
2026-07-18 01:09:00,24.899999999999995,82.66666666666667
2026-07-18 01:10:00,24.899999999999995,82.73333333333333
2026-07-18 01:11:00,24.899999999999995,82.96666666666667
2026-07-18 01:12:00,24.899999999999995,82.8
2026-07-18 01:13:00,24.899999999999995,82.73333333333333
2026-07-18 01:14:00,24.899999999999995,82.76666666666667
2026-07-18 01:15:00,24.8,82.8
2026-07-18 01:16:00,24.8,82.83333333333333
2026-07-18 01:17:00,24.8,82.8
2026-07-18 01:18:00,24.8,82.7
2026-07-18 01:19:00,24.8,82.73333333333333
2026-07-18 01:20:00,24.8,82.8
2026-07-18 01:21:00,24.8,82.8
2026-07-18 01:22:00,24.8,82.9
2026-07-18 01:23:00,24.8,82.9
2026-07-18 01:24:00,24.8,82.9
2026-07-18 01:25:00,24.8,82.83333333333333
2026-07-18 01:26:00,24.8,82.93333333333334
2026-07-18 01:27:00,24.8,82.9
2026-07-18 01:28:00,24.8,82.86666666666667
2026-07-18 01:29:00,24.8,82.93333333333334
2026-07-18 01:30:00,24.8,83.0
2026-07-18 01:31:00,24.8,83.0
2026-07-18 01:32:00,24.8,82.96666666666667
2026-07-18 01:33:00,24.8,82.9
2026-07-18 01:34:00,24.8,82.96666666666667
2026-07-18 01:35:00,24.8,83.0
2026-07-18 01:36:00,24.766666666666666,83.0
2026-07-18 01:37:00,24.766666666666666,83.03333333333333
2026-07-18 01:38:00,24.7,83.1
2026-07-18 01:39:00,24.733333333333334,83.13333333333334
2026-07-18 01:40:00,24.766666666666666,82.96666666666667
2026-07-18 01:41:00,24.733333333333334,82.9
2026-07-18 01:42:00,24.7,82.96666666666667
2026-07-18 01:43:00,24.7,83.0
2026-07-18 01:44:00,24.733333333333334,82.93333333333334
2026-07-18 01:45:00,24.8,82.76666666666667
2026-07-18 01:46:00,24.766666666666666,82.73333333333333
2026-07-18 01:47:00,24.733333333333334,82.63333333333333
2026-07-18 01:48:00,24.7,82.6
2026-07-18 01:49:00,24.7,82.8
2026-07-18 01:50:00,24.7,82.9
2026-07-18 01:51:00,24.7,82.93333333333334
2026-07-18 01:52:00,24.7,82.96666666666667
2026-07-18 01:53:00,24.633333333333336,82.83333333333333
2026-07-18 01:54:00,24.600000000000005,82.9
2026-07-18 01:55:00,24.633333333333336,82.83333333333333
2026-07-18 01:56:00,24.600000000000005,82.8
2026-07-18 01:57:00,24.600000000000005,82.83333333333333
2026-07-18 01:58:00,24.600000000000005,82.8
2026-07-18 01:59:00,24.600000000000005,82.73333333333333
2026-07-18 02:00:00,24.600000000000005,82.7
2026-07-18 02:01:00,24.600000000000005,82.76666666666667
2026-07-18 02:02:00,24.600000000000005,82.8
2026-07-18 02:03:00,24.600000000000005,82.8
2026-07-18 02:04:00,24.600000000000005,82.66666666666667
2026-07-18 02:05:00,24.600000000000005,82.7
2026-07-18 02:06:00,24.600000000000005,82.7
2026-07-18 02:07:00,24.600000000000005,82.73333333333333
2026-07-18 02:08:00,24.566666666666666,82.6
2026-07-18 02:09:00,24.566666666666666,82.6
2026-07-18 02:10:00,24.566666666666666,82.56666666666666
2026-07-18 02:11:00,24.600000000000005,82.6
2026-07-18 02:12:00,24.53333333333333,82.56666666666666
2026-07-18 02:13:00,24.53333333333333,82.5
2026-07-18 02:14:00,24.5,82.46666666666667
2026-07-18 02:15:00,24.5,82.46666666666667
2026-07-18 02:16:00,24.5,82.46666666666667
2026-07-18 02:17:00,24.5,82.46666666666667
2026-07-18 02:18:00,24.5,82.46666666666667
2026-07-18 02:19:00,24.5,82.5
2026-07-18 02:20:00,24.5,82.46666666666667
2026-07-18 02:21:00,24.566666666666666,82.4
2026-07-18 02:22:00,24.53333333333333,82.39999999999999
2026-07-18 02:23:00,24.53333333333333,82.4
2026-07-18 02:24:00,24.53333333333333,82.36666666666667
2026-07-18 02:25:00,24.5,82.3
2026-07-18 02:26:00,24.5,82.4
2026-07-18 02:27:00,24.5,82.43333333333334
2026-07-18 02:28:00,24.5,82.26666666666667
2026-07-18 02:29:00,24.5,82.26666666666667
2026-07-18 02:30:00,24.5,82.23333333333333
2026-07-18 02:31:00,24.5,82.23333333333333
2026-07-18 02:32:00,24.5,82.26666666666667
2026-07-18 02:33:00,24.5,82.2
2026-07-18 02:34:00,24.5,82.2
2026-07-18 02:35:00,24.5,82.23333333333333
2026-07-18 02:36:00,24.399999999999995,82.2
2026-07-18 02:37:00,24.46666666666667,82.2
2026-07-18 02:38:00,24.433333333333334,82.13333333333333
2026-07-18 02:39:00,24.5,82.1
2026-07-18 02:40:00,24.5,82.1
2026-07-18 02:41:00,24.5,82.06666666666666
2026-07-18 02:42:00,24.5,81.93333333333334
2026-07-18 02:43:00,24.5,81.9
2026-07-18 02:44:00,24.433333333333334,81.93333333333334
2026-07-18 02:45:00,24.433333333333334,81.9
2026-07-18 02:46:00,24.399999999999995,81.9
2026-07-18 02:47:00,24.399999999999995,81.93333333333334
2026-07-18 02:48:00,24.399999999999995,81.9
2026-07-18 02:49:00,24.399999999999995,81.8
2026-07-18 02:50:00,24.399999999999995,81.8
2026-07-18 02:51:00,24.399999999999995,81.76666666666667
2026-07-18 02:52:00,24.399999999999995,81.73333333333333
2026-07-18 02:53:00,24.399999999999995,81.7
2026-07-18 02:54:00,24.399999999999995,81.7
2026-07-18 02:55:00,24.399999999999995,81.7
2026-07-18 02:56:00,24.366666666666664,81.66666666666667
2026-07-18 02:57:00,24.333333333333332,81.73333333333333
2026-07-18 02:58:00,24.366666666666664,81.7
2026-07-18 02:59:00,24.333333333333332,81.6
2026-07-18 03:00:00,24.3,81.6
2026-07-18 03:01:00,24.333333333333332,81.53333333333333
2026-07-18 03:02:00,24.3,81.43333333333334
2026-07-18 03:03:00,24.366666666666664,81.43333333333334
2026-07-18 03:04:00,24.399999999999995,81.36666666666667
2026-07-18 03:05:00,24.333333333333332,81.2
2026-07-18 03:06:00,24.3,81.26666666666667
2026-07-18 03:07:00,24.3,81.23333333333333
2026-07-18 03:08:00,24.266666666666666,81.26666666666667
2026-07-18 03:09:00,24.266666666666666,81.3
2026-07-18 03:10:00,24.2,81.23333333333333
2026-07-18 03:11:00,24.2,81.23333333333333
2026-07-18 03:12:00,24.2,81.2
2026-07-18 03:13:00,24.2,81.2
2026-07-18 03:14:00,24.100000000000005,81.26666666666667
2026-07-18 03:15:00,24.100000000000005,81.3
2026-07-18 03:16:00,24.100000000000005,81.33333333333333
2026-07-18 03:17:00,24.100000000000005,81.3
2026-07-18 03:18:00,24.100000000000005,81.23333333333333
2026-07-18 03:19:00,24.133333333333336,81.10000000000001
2026-07-18 03:20:00,24.100000000000005,81.06666666666666
2026-07-18 03:21:00,24.100000000000005,81.0
2026-07-18 03:22:00,24.100000000000005,80.9
2026-07-18 03:23:00,24.100000000000005,80.86666666666667
2026-07-18 03:24:00,24.100000000000005,80.76666666666667
2026-07-18 03:25:00,24.100000000000005,80.66666666666667
2026-07-18 03:26:00,24.100000000000005,80.66666666666667
2026-07-18 03:27:00,24.100000000000005,80.6
2026-07-18 03:28:00,24.100000000000005,80.6
2026-07-18 03:29:00,24.100000000000005,80.6
2026-07-18 03:30:00,24.100000000000005,80.43333333333334
2026-07-18 03:31:00,24.100000000000005,80.4
2026-07-18 03:32:00,24.100000000000005,80.3
2026-07-18 03:33:00,24.100000000000005,80.3
2026-07-18 03:34:00,24.100000000000005,80.26666666666667
2026-07-18 03:35:00,24.100000000000005,80.2
2026-07-18 03:36:00,24.100000000000005,80.16666666666667
2026-07-18 03:37:00,24.100000000000005,80.1
2026-07-18 03:38:00,24.100000000000005,80.03333333333333
2026-07-18 03:39:00,24.100000000000005,80.03333333333333
2026-07-18 03:40:00,24.100000000000005,79.9
2026-07-18 03:41:00,24.100000000000005,79.83333333333333
2026-07-18 03:42:00,24.03333333333333,79.83333333333333
2026-07-18 03:43:00,24.0,79.7
2026-07-18 03:44:00,24.0,79.66666666666667
2026-07-18 03:45:00,24.0,79.73333333333333
2026-07-18 03:46:00,24.0,79.7
2026-07-18 03:47:00,24.0,79.7
2026-07-18 03:48:00,24.0,79.7
2026-07-18 03:49:00,24.0,79.63333333333333
2026-07-18 03:50:00,23.933333333333334,79.6
2026-07-18 03:51:00,23.96666666666667,79.63333333333333
2026-07-18 03:52:00,23.899999999999995,79.46666666666667
2026-07-18 03:53:00,23.899999999999995,79.43333333333334
2026-07-18 03:54:00,23.899999999999995,79.4
2026-07-18 03:55:00,23.899999999999995,79.43333333333334
2026-07-18 03:56:00,23.899999999999995,79.4
2026-07-18 03:57:00,23.866666666666664,79.33333333333333
2026-07-18 03:58:00,23.899999999999995,79.3
2026-07-18 03:59:00,23.899999999999995,79.23333333333333
2026-07-18 04:00:00,23.899999999999995,79.13333333333333
2026-07-18 04:01:00,23.833333333333332,79.1
2026-07-18 04:02:00,23.8,79.13333333333333
2026-07-18 04:03:00,23.8,79.06666666666666
2026-07-18 04:04:00,23.8,79.03333333333333
2026-07-18 04:05:00,23.8,78.93333333333334
2026-07-18 04:06:00,23.8,78.86666666666667
2026-07-18 04:07:00,23.8,78.8
2026-07-18 04:08:00,23.8,78.86666666666667
2026-07-18 04:09:00,23.8,78.83333333333333
2026-07-18 04:10:00,23.8,78.76666666666667
2026-07-18 04:11:00,23.8,78.73333333333333
2026-07-18 04:12:00,23.8,78.73333333333333
2026-07-18 04:13:00,23.8,78.7
2026-07-18 04:14:00,23.766666666666666,78.7
2026-07-18 04:15:00,23.8,78.73333333333333
2026-07-18 04:16:00,23.8,78.63333333333333
2026-07-18 04:17:00,23.766666666666666,78.56666666666666
2026-07-18 04:18:00,23.8,78.55
2026-07-18 04:19:00,23.8,78.56666666666666
2026-07-18 04:20:00,23.8,78.56666666666666
2026-07-18 04:21:00,23.8,78.53333333333333
2026-07-18 04:22:00,23.733333333333334,78.43333333333334
2026-07-18 04:23:00,23.7,78.43333333333334
2026-07-18 04:24:00,23.8,78.4
2026-07-18 05:42:00,23.399999999999995,78.4
2026-07-18 05:43:00,23.399999999999995,78.4
2026-07-18 05:44:00,23.399999999999995,78.36666666666667
2026-07-18 05:45:00,23.399999999999995,78.33333333333333
2026-07-18 05:46:00,23.366666666666664,78.3
2026-07-18 05:47:00,23.399999999999995,78.26666666666667
2026-07-18 05:48:00,23.4,78.2
2026-07-18 05:49:00,23.399999999999995,78.13333333333333
2026-07-18 05:50:00,23.366666666666664,78.03333333333333
2026-07-18 05:51:00,23.399999999999995,78.03333333333333
2026-07-18 05:52:00,23.366666666666664,77.96666666666667
2026-07-18 05:53:00,23.399999999999995,77.93333333333334
2026-07-18 05:54:00,23.399999999999995,77.83333333333333
2026-07-18 05:55:00,23.399999999999995,77.73333333333333
2026-07-18 05:56:00,23.3,77.73333333333333
2026-07-18 05:57:00,23.3,77.76666666666667
2026-07-18 05:58:00,23.3,77.86666666666667
2026-07-18 05:59:00,23.3,77.83333333333333
2026-07-18 06:00:00,23.3,77.8
2026-07-18 06:01:00,23.3,77.73333333333333
2026-07-18 06:02:00,23.3,77.7
2026-07-18 06:03:00,23.3,77.73333333333333
2026-07-18 06:04:00,23.3,77.66666666666667
2026-07-18 06:05:00,23.3,77.63333333333333
2026-07-18 06:06:00,23.3,77.66666666666667
2026-07-18 06:07:00,23.3,77.66666666666667
2026-07-18 06:08:00,23.333333333333332,77.63333333333333
2026-07-18 06:09:00,23.366666666666664,77.6
2026-07-18 06:10:00,23.366666666666664,77.56666666666666
2026-07-18 06:11:00,23.366666666666664,77.53333333333333
2026-07-18 06:12:00,23.399999999999995,77.56666666666666
2026-07-18 06:13:00,23.399999999999995,77.5
2026-07-18 06:14:00,23.399999999999995,77.46666666666667
2026-07-18 06:15:00,23.399999999999995,77.5
2026-07-18 06:16:00,23.399999999999995,77.6
2026-07-18 06:17:00,23.399999999999995,77.56666666666666
2026-07-18 06:18:00,23.399999999999995,77.5
2026-07-18 06:19:00,23.399999999999995,77.5
2026-07-18 06:20:00,23.399999999999995,77.5
2026-07-18 06:21:00,23.399999999999995,77.5
2026-07-18 06:22:00,23.399999999999995,77.56666666666666
2026-07-18 06:23:00,23.399999999999995,77.5
2026-07-18 06:24:00,23.399999999999995,77.5
2026-07-18 06:25:00,23.399999999999995,77.43333333333334
2026-07-18 06:26:00,23.399999999999995,77.5
2026-07-18 06:27:00,23.399999999999995,77.56666666666666
2026-07-18 06:28:00,23.399999999999995,77.6
2026-07-18 06:29:00,23.433333333333334,77.6
2026-07-18 06:30:00,23.399999999999995,77.6
2026-07-18 06:31:00,23.5,77.6
2026-07-18 06:32:00,23.5,77.56666666666666
2026-07-18 06:33:00,23.5,77.63333333333333
2026-07-18 06:34:00,23.5,77.5
2026-07-18 06:35:00,23.5,77.53333333333333
2026-07-18 06:36:00,23.53333333333333,77.46666666666667
2026-07-18 06:37:00,23.566666666666666,77.46666666666667
2026-07-18 06:38:00,23.600000000000005,77.5
2026-07-18 06:39:00,23.600000000000005,77.53333333333333
2026-07-18 06:40:00,23.600000000000005,77.63333333333333
2026-07-18 06:41:00,23.600000000000005,77.73333333333333
2026-07-18 06:42:00,23.600000000000005,77.83333333333333
2026-07-18 06:43:00,23.666666666666668,77.9
2026-07-18 06:44:00,23.7,77.8
2026-07-18 06:45:00,23.633333333333336,77.96666666666667
2026-07-18 06:46:00,23.7,78.06666666666666
2026-07-18 06:47:00,23.7,78.06666666666666
2026-07-18 06:48:00,23.7,78.10000000000001
2026-07-18 06:49:00,23.666666666666668,78.16666666666667
2026-07-18 06:50:00,23.53333333333333,78.03333333333335
2026-07-18 06:51:00,23.333333333333332,78.60000000000001
2026-07-18 06:52:00,23.2,79.2
2026-07-18 06:53:00,23.100000000000005,79.63333333333334
2026-07-18 06:54:00,23.100000000000005,79.8
2026-07-18 06:55:00,23.066666666666666,79.86666666666667
2026-07-18 06:56:00,23.100000000000005,79.73333333333333
2026-07-18 06:57:00,23.166666666666668,79.6
2026-07-18 06:58:00,23.2,79.66666666666667
2026-07-18 06:59:00,23.2,79.5
2026-07-18 07:00:00,23.2,79.43333333333334
2026-07-18 07:01:00,23.233333333333334,79.53333333333333
2026-07-18 07:02:00,23.366666666666664,79.43333333333334
2026-07-18 07:03:00,23.399999999999995,79.46666666666667
2026-07-18 07:04:00,23.433333333333334,79.33333333333333
2026-07-18 07:05:00,23.5,79.23333333333333
2026-07-18 07:06:00,23.5,79.13333333333333
2026-07-18 07:07:00,23.53333333333333,79.0
2026-07-18 07:08:00,23.5,78.76666666666667
2026-07-18 07:09:00,23.600000000000005,78.7
2026-07-18 07:10:00,23.600000000000005,78.53333333333333
2026-07-18 07:11:00,23.600000000000005,78.5
2026-07-18 07:12:00,23.566666666666666,78.76666666666667
2026-07-18 07:13:00,23.600000000000005,78.7
2026-07-18 07:14:00,23.600000000000005,78.60000000000001
2026-07-18 07:15:00,23.600000000000005,78.63333333333333
2026-07-18 07:16:00,23.600000000000005,78.66666666666667
2026-07-18 07:17:00,23.600000000000005,78.76666666666667
2026-07-18 07:18:00,23.600000000000005,78.76666666666667
2026-07-18 07:19:00,23.600000000000005,78.66666666666667
2026-07-18 07:20:00,23.600000000000005,78.63333333333333
2026-07-18 07:21:00,23.600000000000005,78.73333333333333
2026-07-18 07:22:00,23.600000000000005,78.76666666666667
2026-07-18 07:23:00,23.633333333333336,78.8
2026-07-18 07:24:00,23.666666666666668,78.93333333333334
2026-07-18 07:25:00,23.7,79.03333333333333
2026-07-18 07:26:00,23.7,78.96666666666667
2026-07-18 07:27:00,23.7,78.7
2026-07-18 07:28:00,23.7,78.7
2026-07-18 07:29:00,23.733333333333334,78.66666666666667
2026-07-18 07:30:00,23.8,78.53333333333333
2026-07-18 07:31:00,23.8,78.3
2026-07-18 07:32:00,23.899999999999995,78.06666666666666
2026-07-18 07:33:00,23.899999999999995,77.9
2026-07-18 07:34:00,23.899999999999995,77.9
2026-07-18 07:35:00,23.899999999999995,77.83333333333333
2026-07-18 07:36:00,23.899999999999995,77.73333333333333
2026-07-18 07:37:00,23.899999999999995,77.86666666666667
2026-07-18 07:38:00,23.899999999999995,78.0
2026-07-18 07:39:00,23.899999999999995,78.13333333333333
2026-07-18 07:40:00,23.933333333333334,78.0
2026-07-18 07:41:00,23.933333333333334,77.93333333333334
2026-07-18 07:42:00,23.96666666666667,77.86666666666667
2026-07-18 07:43:00,24.0,77.86666666666667
2026-07-18 07:46:00,24.0,78.1
2026-07-18 07:47:00,24.0,77.93333333333334
2026-07-18 07:48:00,24.0,77.8
2026-07-18 07:49:00,24.0,77.65
2026-07-18 09:17:00,25.2,71.8
2026-07-18 09:18:00,25.2,72.13333333333333
2026-07-18 09:19:00,25.3,72.2
2026-07-18 09:20:00,25.3,72.16666666666667
2026-07-18 09:21:00,25.333333333333332,72.13333333333334
2026-07-18 09:22:00,25.3,72.0
2026-07-18 09:23:00,25.3,72.03333333333333
2026-07-18 09:24:00,25.3,72.03333333333333
2026-07-18 09:25:00,25.399999999999995,72.10000000000001
2026-07-18 09:26:00,25.5,72.26666666666667
2026-07-18 09:27:00,25.666666666666668,72.0
2026-07-18 09:28:00,25.7,71.8
2026-07-18 09:29:00,25.7,71.9
2026-07-18 09:30:00,25.633333333333336,71.93333333333334
2026-07-18 09:31:00,25.600000000000005,72.10000000000001
2026-07-18 09:32:00,25.566666666666666,72.13333333333333
2026-07-18 09:33:00,25.566666666666666,72.13333333333333
2026-07-18 09:34:00,25.5,72.2
2026-07-18 09:35:00,25.53333333333333,72.36666666666667
2026-07-18 09:36:00,25.633333333333336,72.4
2026-07-18 09:37:00,25.7,72.4
2026-07-18 09:38:00,25.8,72.2
2026-07-18 09:39:00,25.8,72.0
2026-07-18 09:40:00,25.766666666666666,71.5
2026-07-18 09:41:00,25.7,71.26666666666667
2026-07-18 09:42:00,25.7,71.0
2026-07-18 09:43:00,25.600000000000005,70.93333333333334
2026-07-18 09:44:00,25.600000000000005,70.93333333333334
2026-07-18 09:45:00,25.600000000000005,70.86666666666667
2026-07-18 09:46:00,25.600000000000005,70.96666666666667
2026-07-18 09:47:00,25.7,71.06666666666666
2026-07-18 09:48:00,25.8,71.0
2026-07-18 09:49:00,25.866666666666664,70.96666666666667
2026-07-18 09:50:00,26.0,70.83333333333333
2026-07-18 09:51:00,26.0,70.43333333333334
2026-07-18 09:52:00,25.95,70.05
2026-07-18 09:53:00,25.96666666666667,69.66666666666667
2026-07-18 09:54:00,26.0,69.36666666666667
2026-07-18 09:55:00,26.100000000000005,68.96666666666665
2026-07-18 09:56:00,26.166666666666668,68.39999999999999
2026-07-18 09:57:00,26.2,68.05
2026-07-18 09:58:00,26.233333333333334,67.63333333333333
2026-07-18 09:59:00,26.3,67.33333333333333
2026-07-18 10:00:00,26.3,66.76666666666667
2026-07-18 10:01:00,26.3,66.46666666666667
2026-07-18 10:02:00,26.233333333333334,65.7
2026-07-18 10:03:00,26.133333333333336,65.36666666666666
2026-07-18 10:04:00,26.2,66.10000000000001
2026-07-18 10:05:00,26.2,66.55
2026-07-18 10:06:00,26.2,66.3
2026-07-18 10:07:00,26.233333333333334,65.66666666666667
2026-07-18 10:08:00,26.333333333333332,64.13333333333333
2026-07-18 10:09:00,26.333333333333332,63.23333333333333
2026-07-18 10:10:00,26.3,63.1
2026-07-18 10:11:00,26.3,63.53333333333333
2026-07-18 10:12:00,26.3,64.0
2026-07-18 10:13:00,26.3,64.13333333333333
2026-07-18 10:14:00,26.3,64.13333333333333
2026-07-18 10:15:00,26.3,63.93333333333334
2026-07-18 10:16:00,26.3,63.96666666666667
2026-07-18 10:17:00,26.3,64.10000000000001
2026-07-18 10:18:00,26.3,64.43333333333334
2026-07-18 10:19:00,26.233333333333334,64.7
2026-07-18 10:20:00,26.266666666666666,64.73333333333333
2026-07-18 10:21:00,26.2,64.60000000000001
2026-07-18 10:22:00,26.3,64.2
2026-07-18 10:23:00,26.366666666666664,63.43333333333334
2026-07-18 10:24:00,26.3,62.43333333333334
2026-07-18 10:25:00,26.266666666666666,62.0
2026-07-18 10:26:00,26.2,61.5
2026-07-18 10:27:00,26.233333333333334,61.333333333333336
2026-07-18 10:28:00,26.3,61.666666666666664
2026-07-18 10:29:00,26.399999999999995,61.53333333333333
2026-07-18 10:30:00,26.399999999999995,61.26666666666667
2026-07-18 10:31:00,26.399999999999995,61.1
2026-07-18 10:32:00,26.5,61.4
2026-07-18 10:33:00,26.399999999999995,61.26666666666667
2026-07-18 10:34:00,26.399999999999995,61.03333333333333
2026-07-18 10:35:00,26.399999999999995,60.46666666666667
2026-07-18 10:36:00,26.333333333333332,59.73333333333333
2026-07-18 10:37:00,26.399999999999995,59.666666666666664
2026-07-18 10:38:00,26.399999999999995,59.53333333333333
2026-07-18 10:39:00,26.399999999999995,59.06666666666666
2026-07-18 10:40:00,26.5,58.96666666666667
2026-07-18 10:41:00,26.5,59.1
2026-07-18 10:42:00,26.600000000000005,58.833333333333336
2026-07-18 10:43:00,26.633333333333336,58.96666666666667
2026-07-18 10:44:00,26.7,59.199999999999996
2026-07-18 10:45:00,26.8,59.23333333333333
2026-07-18 10:46:00,26.833333333333332,59.166666666666664
2026-07-18 10:47:00,26.899999999999995,59.06666666666666
2026-07-18 10:48:00,26.899999999999995,59.0
2026-07-18 10:49:00,26.933333333333334,58.9
2026-07-18 10:50:00,27.0,58.63333333333333
2026-07-18 10:51:00,26.96666666666667,58.03333333333333
2026-07-18 10:52:00,26.899999999999995,57.53333333333333
2026-07-18 10:53:00,26.899999999999995,57.6
2026-07-18 10:54:00,26.866666666666664,57.666666666666664
2026-07-18 10:55:00,26.899999999999995,58.1
2026-07-18 10:56:00,26.899999999999995,58.5
2026-07-18 10:57:00,26.8,58.666666666666664
2026-07-18 10:58:00,26.733333333333334,58.93333333333334
2026-07-18 10:59:00,26.8,59.23333333333333
2026-07-18 11:00:00,26.899999999999995,59.1
2026-07-18 11:01:00,26.899999999999995,58.93333333333334
2026-07-18 11:02:00,27.0,59.0
2026-07-18 11:03:00,26.96666666666667,59.03333333333333
2026-07-18 11:04:00,26.866666666666664,59.06666666666666
2026-07-18 11:05:00,26.866666666666664,59.1
2026-07-18 11:06:00,26.899999999999995,59.13333333333333
2026-07-18 11:07:00,26.96666666666667,59.1
2026-07-18 11:08:00,27.066666666666666,59.166666666666664
2026-07-18 11:09:00,27.03333333333333,59.199999999999996
2026-07-18 11:10:00,27.03333333333333,59.4
2026-07-18 11:11:00,27.066666666666666,59.79999999999999
2026-07-18 11:12:00,27.100000000000005,59.56666666666666
2026-07-18 11:13:00,27.133333333333336,58.93333333333334
2026-07-18 11:14:00,27.166666666666668,58.53333333333333
2026-07-18 11:15:00,27.100000000000005,57.333333333333336
2026-07-18 11:16:00,27.100000000000005,57.199999999999996
2026-07-18 11:17:00,27.0,57.4
2026-07-18 11:18:00,27.0,57.73333333333333
2026-07-18 11:19:00,27.03333333333333,58.4
2026-07-18 11:20:00,27.0,58.86666666666667
2026-07-18 11:21:00,27.0,59.199999999999996
2026-07-18 11:22:00,27.100000000000005,59.26666666666667
2026-07-18 11:23:00,27.100000000000005,59.13333333333333
2026-07-18 11:24:00,27.100000000000005,58.333333333333336
2026-07-18 11:25:00,27.066666666666666,57.699999999999996
2026-07-18 11:26:00,27.03333333333333,57.699999999999996
2026-07-18 11:27:00,27.0,57.833333333333336
2026-07-18 11:28:00,27.0,57.76666666666667
2026-07-18 11:29:00,27.0,57.76666666666667
2026-07-18 11:30:00,27.0,57.800000000000004
2026-07-18 11:31:00,27.0,57.56666666666666
2026-07-18 11:32:00,27.066666666666666,57.63333333333333
2026-07-18 11:33:00,27.100000000000005,57.36666666666667
2026-07-18 11:34:00,27.0,57.199999999999996
2026-07-18 11:35:00,27.03333333333333,57.46666666666667
2026-07-18 11:36:00,27.100000000000005,57.73333333333333
2026-07-18 11:37:00,27.133333333333336,57.96666666666667
2026-07-18 11:38:00,27.2,57.76666666666667
2026-07-18 11:39:00,27.2,57.70000000000001
2026-07-18 11:40:00,27.133333333333336,58.0
2026-07-18 11:41:00,27.066666666666666,58.43333333333334
2026-07-18 11:42:00,27.0,58.833333333333336
2026-07-18 11:43:00,27.0,59.13333333333333
2026-07-18 11:44:00,27.100000000000005,59.0
2026-07-18 11:45:00,27.03333333333333,59.13333333333333
2026-07-18 11:46:00,27.100000000000005,58.93333333333334
2026-07-18 11:47:00,27.133333333333336,58.70000000000001
2026-07-18 11:48:00,27.3,58.666666666666664
2026-07-18 11:50:00,27.399999999999995,58.63333333333333
2026-07-18 11:51:00,27.46666666666667,58.199999999999996
2026-07-18 11:52:00,27.46666666666667,57.53333333333333
2026-07-18 11:53:00,27.5,57.20000000000001
2026-07-18 11:54:00,27.5,57.333333333333336
2026-07-18 11:55:00,27.399999999999995,57.56666666666666
2026-07-18 11:56:00,27.399999999999995,57.833333333333336
2026-07-18 11:58:00,27.333333333333332,58.53333333333333
2026-07-18 11:59:00,27.399999999999995,58.833333333333336
2026-07-18 12:00:00,27.399999999999995,59.166666666666664
2026-07-18 12:01:00,27.399999999999995,59.5
2026-07-18 12:02:00,27.399999999999995,59.86666666666667
2026-07-18 12:03:00,27.399999999999995,59.800000000000004
2026-07-18 12:04:00,27.333333333333332,59.833333333333336
2026-07-18 12:05:00,27.46666666666667,59.86666666666667
2026-07-18 12:06:00,27.5,59.53333333333333
2026-07-18 12:07:00,27.46666666666667,59.166666666666664
2026-07-18 12:08:00,27.433333333333334,58.86666666666667
2026-07-18 12:09:00,27.433333333333334,58.86666666666667
2026-07-18 12:10:00,27.5,58.53333333333333
2026-07-18 12:11:00,27.46666666666667,58.5
2026-07-18 12:12:00,27.399999999999995,58.4
2026-07-18 12:13:00,27.399999999999995,58.63333333333333
2026-07-18 12:14:00,27.46666666666667,59.0
2026-07-18 12:15:00,27.5,59.300000000000004
2026-07-18 12:16:00,27.5,59.5
2026-07-18 12:17:00,27.53333333333333,59.46666666666667
2026-07-18 12:18:00,27.5,59.76666666666667
2026-07-18 12:19:00,27.566666666666666,59.70000000000001
2026-07-18 12:20:00,27.600000000000005,59.666666666666664
2026-07-18 12:21:00,27.600000000000005,59.46666666666667
2026-07-18 12:22:00,27.566666666666666,59.46666666666667
2026-07-18 12:23:00,27.5,59.56666666666666
2026-07-18 12:24:00,27.433333333333334,59.46666666666667
2026-07-18 12:25:00,27.366666666666664,59.43333333333334
2026-07-18 12:26:00,27.366666666666664,59.4
2026-07-18 12:27:00,27.399999999999995,59.36666666666667
2026-07-18 12:28:00,27.3,59.36666666666667
2026-07-18 12:29:00,27.3,58.86666666666667
2026-07-18 12:30:00,27.2,58.800000000000004
2026-07-18 12:31:00,27.2,58.4
2026-07-18 12:32:00,27.2,58.53333333333333
2026-07-18 12:33:00,27.2,58.300000000000004
2026-07-18 12:34:00,27.266666666666666,58.53333333333333
2026-07-18 12:35:00,27.399999999999995,58.03333333333333
2026-07-18 12:36:00,27.433333333333334,57.333333333333336
2026-07-18 12:37:00,27.433333333333334,57.93333333333334
2026-07-18 12:38:00,27.3,58.46666666666667
2026-07-18 12:39:00,27.3,59.03333333333333
2026-07-18 12:40:00,27.333333333333332,59.43333333333334
2026-07-18 12:41:00,27.366666666666664,59.53333333333333
2026-07-18 12:42:00,27.433333333333334,59.833333333333336
2026-07-18 12:43:00,27.5,59.93333333333334
2026-07-18 12:44:00,27.46666666666667,59.86666666666667
2026-07-18 12:45:00,27.399999999999995,59.86666666666667
2026-07-18 12:46:00,27.399999999999995,59.9
2026-07-18 12:47:00,27.399999999999995,59.43333333333334
2026-07-18 12:48:00,27.399999999999995,59.03333333333333
2026-07-18 12:49:00,27.433333333333334,59.46666666666667
2026-07-18 12:50:00,27.566666666666666,59.6
2026-07-18 12:51:00,27.600000000000005,59.13333333333333
2026-07-18 12:52:00,27.600000000000005,59.166666666666664
2026-07-18 12:53:00,27.600000000000005,59.166666666666664
2026-07-18 12:54:00,27.53333333333333,58.93333333333334
2026-07-18 12:55:00,27.5,58.86666666666667
2026-07-18 12:56:00,27.5,58.96666666666667
2026-07-18 12:57:00,27.566666666666666,58.666666666666664
2026-07-18 12:58:00,27.5,58.93333333333334
2026-07-18 12:59:00,27.666666666666668,59.333333333333336
2026-07-18 13:00:00,27.8,59.36666666666667
2026-07-18 13:01:00,27.899999999999995,59.43333333333334
2026-07-18 13:02:00,27.8,59.4
2026-07-18 13:03:00,27.8,58.73333333333333
2026-07-18 13:04:00,27.8,58.29999999999999
2026-07-18 13:05:00,27.8,58.46666666666667
2026-07-18 13:06:00,27.766666666666666,58.9
2026-07-18 13:07:00,27.633333333333336,59.36666666666667
2026-07-18 13:08:00,27.7,59.26666666666667
2026-07-18 13:09:00,27.733333333333334,59.6
2026-07-18 13:10:00,27.733333333333334,59.76666666666667
2026-07-18 13:11:00,27.733333333333334,59.93333333333334
2026-07-18 13:12:00,27.733333333333334,59.800000000000004
2026-07-18 13:13:00,27.666666666666668,59.63333333333333
2026-07-18 13:14:00,27.600000000000005,59.800000000000004
2026-07-18 13:15:00,27.5,60.20000000000001
2026-07-18 13:16:00,27.566666666666666,60.1
2026-07-18 13:17:00,27.5,60.199999999999996
2026-07-18 13:18:00,27.399999999999995,60.53333333333333
2026-07-18 13:19:00,27.399999999999995,60.86666666666667
2026-07-18 13:20:00,27.399999999999995,61.333333333333336
2026-07-18 13:21:00,27.399999999999995,61.46666666666667
2026-07-18 13:22:00,27.5,61.63333333333333
2026-07-18 13:23:00,27.5,61.800000000000004
2026-07-18 13:24:00,27.600000000000005,61.93333333333334
2026-07-18 13:25:00,27.7,61.96666666666667
2026-07-18 13:26:00,27.7,61.86666666666667
2026-07-18 13:27:00,27.7,61.9
2026-07-18 13:28:00,27.600000000000005,61.73333333333333
2026-07-18 13:29:00,27.600000000000005,61.13333333333333
2026-07-18 13:30:00,27.600000000000005,60.63333333333333
2026-07-18 13:31:00,27.600000000000005,60.96666666666667
2026-07-18 13:32:00,27.566666666666666,61.199999999999996
2026-07-18 13:33:00,27.5,61.56666666666666
2026-07-18 13:34:00,27.566666666666666,61.833333333333336
2026-07-18 13:35:00,27.600000000000005,61.833333333333336
2026-07-18 13:36:00,27.566666666666666,61.93333333333334
2026-07-18 13:37:00,27.5,62.1
2026-07-18 13:38:00,27.5,60.833333333333336
2026-07-18 13:39:00,27.600000000000005,60.4
2026-07-18 13:40:00,27.7,59.800000000000004
2026-07-18 13:41:00,27.833333333333332,59.0
2026-07-18 13:42:00,27.899999999999995,58.199999999999996
2026-07-18 13:43:00,27.833333333333332,57.9
2026-07-18 13:44:00,27.733333333333334,57.9
2026-07-18 13:45:00,27.766666666666666,58.06666666666666
2026-07-18 13:46:00,27.733333333333334,58.4
2026-07-18 13:47:00,27.7,58.36666666666667
2026-07-18 13:48:00,27.7,58.36666666666667
2026-07-18 13:49:00,27.8,58.3
2026-07-18 13:50:00,27.8,58.53333333333333
2026-07-18 13:51:00,27.8,58.9
2026-07-18 13:52:00,27.733333333333334,59.03333333333333
2026-07-18 13:53:00,27.7,59.300000000000004
2026-07-18 13:54:00,27.7,59.6
2026-07-18 13:55:00,27.7,59.93333333333334
2026-07-18 13:56:00,27.8,60.46666666666667
2026-07-18 13:57:00,27.8,60.9
2026-07-18 13:58:00,27.8,61.4
2026-07-18 13:59:00,27.833333333333332,61.6
2026-07-18 14:00:00,27.899999999999995,61.03333333333333
2026-07-18 14:01:00,27.899999999999995,60.93333333333334
2026-07-18 14:02:00,27.8,61.1
2026-07-18 14:03:00,27.8,60.833333333333336
2026-07-18 14:04:00,27.899999999999995,60.5
2026-07-18 14:05:00,27.899999999999995,60.300000000000004
2026-07-18 14:06:00,27.899999999999995,60.20000000000001
2026-07-18 14:07:00,27.866666666666664,60.13333333333333
2026-07-18 14:08:00,27.8,60.29999999999999
2026-07-18 14:09:00,27.733333333333334,60.36666666666667
2026-07-18 14:10:00,27.733333333333334,60.46666666666667
2026-07-18 14:11:00,27.766666666666666,60.800000000000004
2026-07-18 14:12:00,27.8,61.03333333333333
2026-07-18 14:13:00,27.8,61.1
2026-07-18 14:14:00,27.8,61.23333333333333
2026-07-18 14:15:00,27.8,61.199999999999996
2026-07-18 14:16:00,27.8,61.0
2026-07-18 14:17:00,27.8,61.03333333333333
2026-07-18 14:18:00,27.7,61.199999999999996
2026-07-18 14:19:00,27.600000000000005,61.5
2026-07-18 14:20:00,27.666666666666668,61.6
2026-07-18 14:21:00,27.666666666666668,61.63333333333333
2026-07-18 14:22:00,27.566666666666666,61.56666666666666
2026-07-18 14:23:00,27.5,61.73333333333333
2026-07-18 14:24:00,27.600000000000005,61.76666666666667
2026-07-18 14:25:00,27.53333333333333,61.73333333333333
2026-07-18 14:26:00,27.5,61.86666666666667
2026-07-18 14:27:00,27.5,61.73333333333333
2026-07-18 14:28:00,27.566666666666666,61.800000000000004
2026-07-18 14:29:00,27.600000000000005,61.86666666666667
2026-07-18 14:30:00,27.600000000000005,61.96666666666667
2026-07-18 14:31:00,27.600000000000005,62.23333333333333
2026-07-18 14:32:00,27.600000000000005,62.53333333333333
2026-07-18 14:33:00,27.600000000000005,62.5
2026-07-18 14:34:00,27.600000000000005,62.43333333333334
2026-07-18 14:35:00,27.53333333333333,62.56666666666666
2026-07-18 14:36:00,27.5,62.13333333333333
2026-07-18 14:37:00,27.5,61.23333333333333
2026-07-18 14:38:00,27.5,60.833333333333336
2026-07-18 14:39:00,27.5,60.86666666666667
2026-07-18 14:40:00,27.5,61.06666666666666
2026-07-18 14:41:00,27.399999999999995,61.1
2026-07-18 14:42:00,27.399999999999995,61.43333333333334
2026-07-18 14:43:00,27.433333333333334,61.1
2026-07-18 14:44:00,27.433333333333334,61.06666666666666
2026-07-18 14:45:00,27.399999999999995,61.199999999999996
2026-07-18 14:46:00,27.333333333333332,61.46666666666667
2026-07-18 14:47:00,27.266666666666666,61.46666666666667
2026-07-18 14:48:00,27.3,61.46666666666667
2026-07-18 14:49:00,27.266666666666666,61.46666666666667
2026-07-18 14:50:00,27.3,61.36666666666667
2026-07-18 14:51:00,27.3,61.46666666666667
2026-07-18 14:52:00,27.333333333333332,61.46666666666667
2026-07-18 14:53:00,27.366666666666664,61.63333333333333
2026-07-18 14:54:00,27.4,61.7
2026-07-18 17:00:00,26.9,66.85
2026-07-18 17:01:00,26.9,66.9
2026-07-18 18:08:00,26.399999999999995,70.46666666666667
2026-07-18 18:09:00,26.333333333333332,70.53333333333333
2026-07-18 18:10:00,26.4,70.7
2026-07-18 18:34:00,26.2,71.2
2026-07-18 18:35:00,26.2,71.26666666666667
2026-07-18 18:36:00,26.2,71.36666666666667
2026-07-18 18:37:00,26.2,71.4
2026-07-18 18:48:00,26.0,72.2
2026-07-18 18:49:00,26.066666666666666,72.39999999999999
2026-07-18 18:50:00,26.100000000000005,72.1
2026-07-18 18:51:00,26.166666666666668,71.89999999999999
2026-07-18 18:52:00,26.2,71.9
2026-07-18 22:29:00,25.5,81.85
2026-07-18 22:30:00,25.5,81.75
2026-07-18 22:31:00,25.424999999999997,81.825
2026-07-18 22:32:00,25.4,81.85
2026-07-18 22:33:00,25.399999999999995,81.93333333333334
2026-07-18 22:34:00,25.399999999999995,81.96666666666667
2026-07-18 22:35:00,25.399999999999995,81.96666666666667
2026-07-18 22:36:00,25.366666666666664,82.03333333333333
2026-07-18 22:37:00,25.399999999999995,82.0
2026-07-18 22:38:00,25.399999999999995,82.0
2026-07-18 22:39:00,25.399999999999995,81.96666666666667
2026-07-18 22:40:00,25.399999999999995,81.86666666666667
2026-07-18 22:41:00,25.399999999999995,81.9
2026-07-18 22:42:00,25.433333333333334,82.10000000000001
2026-07-18 22:43:00,25.53333333333333,82.06666666666666
2026-07-18 22:44:00,25.600000000000005,81.73333333333333
2026-07-18 22:45:00,25.600000000000005,81.46666666666667
2026-07-18 22:46:00,25.600000000000005,81.43333333333334
2026-07-18 22:47:00,25.600000000000005,81.4
2026-07-18 22:50:00,25.600000000000005,81.46666666666667
2026-07-18 22:51:00,25.566666666666666,81.4
2026-07-18 22:52:00,25.53333333333333,81.46666666666667
2026-07-18 22:53:00,25.399999999999995,81.63333333333333
2026-07-18 22:54:00,25.333333333333332,81.86666666666667
2026-07-18 22:55:00,25.3,82.06666666666666
2026-07-18 22:56:00,25.2,82.23333333333333
2026-07-18 22:57:00,25.2,82.4
2026-07-18 22:58:00,25.166666666666668,82.5
2026-07-18 22:59:00,25.100000000000005,82.63333333333333
2026-07-18 23:00:00,25.15,82.6
2026-07-18 23:01:00,25.2,82.66666666666667
2026-07-18 23:02:00,25.3,82.33333333333333
2026-07-18 23:03:00,25.3,82.06666666666666
2026-07-18 23:04:00,25.333333333333332,82.06666666666666
2026-07-18 23:05:00,25.3,82.16666666666667
2026-07-18 23:06:00,25.3,82.16666666666667
2026-07-18 23:07:00,25.3,82.26666666666667
2026-07-18 23:08:00,25.3,82.23333333333333
2026-07-18 23:09:00,25.3,82.33333333333333
2026-07-18 23:10:00,25.233333333333334,82.4
2026-07-18 23:11:00,25.233333333333334,82.46666666666667
2026-07-18 23:12:00,25.266666666666666,82.56666666666666
2026-07-18 23:13:00,25.266666666666666,82.53333333333333
2026-07-18 23:14:00,25.233333333333334,82.53333333333333
2026-07-18 23:15:00,25.3,82.43333333333334
2026-07-18 23:16:00,25.3,82.3
2026-07-18 23:17:00,25.3,82.2
2026-07-18 23:18:00,25.266666666666666,82.36666666666667
2026-07-18 23:19:00,25.2,82.46666666666667
2026-07-18 23:20:00,25.2,82.5
2026-07-18 23:21:00,25.2,82.6
2026-07-18 23:22:00,25.2,82.63333333333333
2026-07-18 23:23:00,25.2,82.63333333333333
2026-07-18 23:24:00,25.2,82.56666666666666
2026-07-18 23:25:00,25.2,82.56666666666666
2026-07-18 23:26:00,25.133333333333336,82.73333333333333
2026-07-18 23:27:00,25.100000000000005,82.86666666666667
2026-07-18 23:28:00,25.100000000000005,82.83333333333333
2026-07-18 23:29:00,25.2,82.76666666666667
2026-07-18 23:30:00,25.2,82.7
2026-07-18 23:31:00,25.2,82.66666666666667
2026-07-18 23:32:00,25.2,82.5
2026-07-18 23:33:00,25.266666666666666,82.46666666666667
2026-07-18 23:34:00,25.266666666666666,82.5
2026-07-18 23:35:00,25.266666666666666,82.5
2026-07-18 23:36:00,25.3,82.36666666666667
2026-07-18 23:37:00,25.3,82.23333333333333
2026-07-18 23:38:00,25.3,82.2
2026-07-18 23:39:00,25.3,82.16666666666667
2026-07-18 23:40:00,25.3,82.16666666666667
2026-07-18 23:41:00,25.3,82.13333333333333
2026-07-18 23:42:00,25.3,82.16666666666667
2026-07-18 23:43:00,25.3,82.2
2026-07-18 23:44:00,25.3,82.2
2026-07-18 23:45:00,25.399999999999995,82.03333333333333
2026-07-18 23:46:00,25.399999999999995,82.0
2026-07-18 23:47:00,25.399999999999995,81.96666666666667
2026-07-18 23:48:00,25.399999999999995,81.96666666666667
2026-07-18 23:49:00,25.399999999999995,81.9
2026-07-18 23:50:00,25.35,81.95
2026-07-18 23:51:00,25.3,82.03333333333333
2026-07-18 23:52:00,25.3,82.13333333333333
2026-07-18 23:53:00,25.3,82.03333333333333
2026-07-18 23:54:00,25.3,81.96666666666667
2026-07-18 23:55:00,25.3,82.0
2026-07-18 23:56:00,25.25,82.0
2026-07-18 23:57:00,25.166666666666668,82.1
2026-07-18 23:58:00,25.166666666666668,82.23333333333333
2026-07-18 23:59:00,25.100000000000005,82.23333333333333
2026-07-19 00:00:00,25.100000000000005,82.43333333333334
2026-07-19 00:01:00,25.100000000000005,82.53333333333333
2026-07-19 00:02:00,25.1,82.5
2026-07-19 00:03:00,25.100000000000005,82.4
2026-07-19 00:04:00,25.100000000000005,82.4
2026-07-19 00:05:00,25.100000000000005,82.3
2026-07-19 00:06:00,25.100000000000005,82.23333333333333
2026-07-19 00:07:00,25.100000000000005,82.1
2026-07-19 00:08:00,25.166666666666668,82.0
2026-07-19 00:09:00,25.100000000000005,82.0
2026-07-19 00:10:00,25.100000000000005,82.06666666666666
2026-07-19 00:11:00,25.100000000000005,82.03333333333333
2026-07-19 00:12:00,25.100000000000005,82.0
2026-07-19 00:13:00,25.100000000000005,82.03333333333333
2026-07-19 00:14:00,25.0,82.16666666666667
2026-07-19 00:15:00,25.0,82.26666666666667
2026-07-19 00:16:00,24.933333333333334,82.4
2026-07-19 00:17:00,25.0,82.4
2026-07-19 00:18:00,24.899999999999995,82.46666666666667
2026-07-19 00:19:00,24.899999999999995,82.46666666666667
2026-07-19 00:20:00,24.899999999999995,82.5
2026-07-19 00:21:00,24.899999999999995,82.53333333333333
2026-07-19 00:22:00,24.899999999999995,82.66666666666667
2026-07-19 00:23:00,24.899999999999995,82.7
2026-07-19 00:24:00,24.899999999999995,82.6
2026-07-19 00:25:00,24.933333333333334,82.5
2026-07-19 00:26:00,25.0,82.5
2026-07-19 00:27:00,25.0,82.4
2026-07-19 00:28:00,25.0,82.36666666666667
2026-07-19 00:29:00,25.0,82.36666666666667
2026-07-19 00:30:00,25.0,82.4
2026-07-19 00:31:00,25.0,82.36666666666667
2026-07-19 00:32:00,25.0,82.33333333333333
2026-07-19 00:33:00,25.0,82.3
2026-07-19 00:34:00,25.066666666666666,82.23333333333333
2026-07-19 00:35:00,25.100000000000005,82.3
2026-07-19 00:36:00,25.100000000000005,82.23333333333333
2026-07-19 00:37:00,25.100000000000005,82.3
2026-07-19 00:38:00,25.100000000000005,82.23333333333333
2026-07-19 00:39:00,25.100000000000005,82.2
2026-07-19 00:40:00,25.100000000000005,82.16666666666667
2026-07-19 00:41:00,25.100000000000005,82.06666666666666
2026-07-19 00:42:00,25.100000000000005,82.0
2026-07-19 00:43:00,25.100000000000005,81.96666666666667
2026-07-19 00:44:00,25.100000000000005,82.06666666666666
2026-07-19 00:45:00,25.066666666666666,82.1
2026-07-19 00:46:00,25.0,82.16666666666667
2026-07-19 00:47:00,25.0,82.23333333333333
2026-07-19 00:48:00,25.0,82.33333333333333
2026-07-19 00:49:00,25.0,82.4
2026-07-19 00:50:00,25.0,82.33333333333333
2026-07-19 00:51:00,25.0,82.26666666666667
2026-07-19 00:52:00,25.0,82.26666666666667
2026-07-19 00:53:00,25.0,82.06666666666666
2026-07-19 00:54:00,25.03333333333333,81.96666666666667
2026-07-19 00:55:00,25.03333333333333,81.93333333333334
2026-07-19 00:56:00,25.03333333333333,81.93333333333334
2026-07-19 00:57:00,25.0,81.8
2026-07-19 00:58:00,25.03333333333333,81.8
2026-07-19 00:59:00,25.0,81.8
2026-07-19 01:00:00,25.0,81.8
2026-07-19 01:01:00,24.899999999999995,81.89999999999999
2026-07-19 01:02:00,24.899999999999995,81.96666666666667
2026-07-19 01:03:00,24.899999999999995,82.06666666666666
2026-07-19 01:04:00,24.866666666666664,82.0
2026-07-19 01:05:00,24.8,82.06666666666666
2026-07-19 01:06:00,24.8,82.06666666666666
2026-07-19 01:07:00,24.866666666666664,82.0
2026-07-19 01:08:00,24.899999999999995,82.0
2026-07-19 01:09:00,24.899999999999995,81.96666666666667
2026-07-19 01:10:00,24.866666666666664,81.93333333333334
2026-07-19 01:11:00,24.899999999999995,81.93333333333334
2026-07-19 01:12:00,24.899999999999995,81.9
2026-07-19 01:13:00,24.899999999999995,81.83333333333333
2026-07-19 01:14:00,24.899999999999995,81.8
2026-07-19 01:15:00,24.899999999999995,81.83333333333333
2026-07-19 01:16:00,24.899999999999995,81.8
2026-07-19 01:17:00,24.899999999999995,81.8
2026-07-19 01:18:00,24.899999999999995,81.8
2026-07-19 01:19:00,24.899999999999995,81.8
2026-07-19 01:20:00,24.899999999999995,81.93333333333334
2026-07-19 01:21:00,24.899999999999995,81.93333333333334
2026-07-19 01:22:00,24.899999999999995,81.83333333333333
2026-07-19 01:23:00,24.899999999999995,81.9
2026-07-19 01:24:00,24.899999999999995,81.8
2026-07-19 01:25:00,24.899999999999995,81.76666666666667
2026-07-19 01:26:00,24.899999999999995,81.7
2026-07-19 01:27:00,24.899999999999995,81.66666666666667
2026-07-19 01:28:00,24.899999999999995,81.6
2026-07-19 01:29:00,24.899999999999995,81.6
2026-07-19 01:30:00,24.899999999999995,81.7
2026-07-19 01:31:00,24.899999999999995,81.66666666666667
2026-07-19 01:32:00,24.899999999999995,81.7
2026-07-19 01:33:00,24.866666666666664,81.76666666666667
2026-07-19 01:34:00,24.8,82.03333333333333
2026-07-19 01:35:00,24.7,82.26666666666667
2026-07-19 01:36:00,24.633333333333336,82.5
2026-07-19 01:37:00,24.600000000000005,82.7
2026-07-19 01:38:00,24.666666666666668,82.63333333333333
2026-07-19 01:39:00,24.7,82.46666666666667
2026-07-19 01:40:00,24.8,82.33333333333333
2026-07-19 01:41:00,24.8,82.23333333333333
2026-07-19 01:42:00,24.8,82.26666666666667
2026-07-19 01:43:00,24.8,82.2
2026-07-19 01:44:00,24.833333333333332,82.1
2026-07-19 01:45:00,24.866666666666664,82.13333333333333
2026-07-19 01:46:00,24.833333333333332,82.2
2026-07-19 01:47:00,24.833333333333332,82.23333333333333
2026-07-19 01:48:00,24.8,82.26666666666667
2026-07-19 01:49:00,24.866666666666664,82.23333333333333
2026-07-19 01:50:00,24.9,82.2
2026-07-19 01:51:00,24.899999999999995,82.26666666666667
2026-07-19 01:52:00,24.899999999999995,82.2
2026-07-19 01:53:00,24.899999999999995,82.2
2026-07-19 01:54:00,24.899999999999995,82.23333333333333
2026-07-19 01:55:00,24.899999999999995,82.23333333333333
2026-07-19 01:56:00,24.833333333333332,82.3
2026-07-19 01:57:00,24.866666666666664,82.5
2026-07-19 01:58:00,24.8,82.56666666666666
2026-07-19 01:59:00,24.8,82.6
2026-07-19 02:00:00,24.8,82.6
2026-07-19 02:01:00,24.8,82.5
2026-07-19 02:02:00,24.8,82.46666666666667
2026-07-19 02:03:00,24.8,82.53333333333333
2026-07-19 02:04:00,24.8,82.6
2026-07-19 02:05:00,24.8,82.63333333333333
2026-07-19 02:06:00,24.8,82.56666666666666
2026-07-19 02:07:00,24.8,82.46666666666667
2026-07-19 02:08:00,24.899999999999995,82.4
2026-07-19 02:09:00,24.866666666666664,82.3
2026-07-19 02:10:00,24.833333333333332,82.43333333333334
2026-07-19 02:11:00,24.8,82.5
2026-07-19 02:12:00,24.8,82.66666666666667
2026-07-19 02:13:00,24.8,82.86666666666667
2026-07-19 02:14:00,24.733333333333334,83.03333333333333
2026-07-19 02:15:00,24.7,83.0
2026-07-19 02:16:00,24.733333333333334,82.89999999999999
2026-07-19 02:17:00,24.8,82.76666666666667
2026-07-19 02:18:00,24.8,82.7
2026-07-19 02:19:00,24.8,82.7
2026-07-19 02:20:00,24.8,82.7
2026-07-19 02:21:00,24.8,82.76666666666667
2026-07-19 02:22:00,24.7,82.76666666666667
2026-07-19 02:23:00,24.733333333333334,82.76666666666667
2026-07-19 02:24:00,24.733333333333334,82.7
2026-07-19 02:25:00,24.766666666666666,82.63333333333333
2026-07-19 02:26:00,24.733333333333334,82.66666666666667
2026-07-19 02:27:00,24.7,82.7
2026-07-19 02:28:00,24.733333333333334,82.76666666666667
2026-07-19 02:29:00,24.7,82.8
2026-07-19 02:30:00,24.7,82.8
2026-07-19 02:31:00,24.7,82.83333333333333
2026-07-19 02:32:00,24.7,82.8
2026-07-19 02:33:00,24.7,82.8
2026-07-19 02:34:00,24.7,82.8
2026-07-19 02:35:00,24.7,82.83333333333333
2026-07-19 02:36:00,24.7,82.7
2026-07-19 02:37:00,24.7,82.73333333333333
2026-07-19 02:38:00,24.7,82.8
2026-07-19 02:39:00,24.7,82.76666666666667
2026-07-19 02:40:00,24.7,82.66666666666667
2026-07-19 02:41:00,24.7,82.53333333333333
2026-07-19 02:42:00,24.7,82.46666666666667
2026-07-19 02:43:00,24.666666666666668,82.4
2026-07-19 02:44:00,24.600000000000005,82.4
2026-07-19 02:45:00,24.600000000000005,82.36666666666667
2026-07-19 02:46:00,24.600000000000005,82.3
2026-07-19 02:47:00,24.600000000000005,82.33333333333333
2026-07-19 02:48:00,24.600000000000005,82.36666666666667
2026-07-19 02:49:00,24.600000000000005,82.26666666666667
2026-07-19 02:50:00,24.600000000000005,82.16666666666667
2026-07-19 02:51:00,24.600000000000005,82.16666666666667
2026-07-19 02:52:00,24.600000000000005,82.2
2026-07-19 02:53:00,24.600000000000005,82.13333333333333
2026-07-19 02:54:00,24.600000000000005,82.13333333333333
2026-07-19 02:55:00,24.600000000000005,82.16666666666667
2026-07-19 02:56:00,24.600000000000005,81.96666666666667
2026-07-19 02:57:00,24.600000000000005,81.83333333333333
2026-07-19 02:58:00,24.600000000000005,81.83333333333333
2026-07-19 02:59:00,24.600000000000005,81.83333333333333
2026-07-19 03:00:00,24.53333333333333,81.86666666666667
2026-07-19 03:01:00,24.5,82.0
2026-07-19 03:02:00,24.5,82.13333333333333
2026-07-19 03:03:00,24.5,82.06666666666666
2026-07-19 03:04:00,24.5,81.9
2026-07-19 03:05:00,24.600000000000005,81.83333333333333
2026-07-19 03:06:00,24.600000000000005,81.83333333333333
2026-07-19 03:07:00,24.566666666666666,81.9
2026-07-19 03:08:00,24.5,82.0
2026-07-19 03:09:00,24.5,81.86666666666667
2026-07-19 03:10:00,24.5,81.9
2026-07-19 03:11:00,24.5,81.8
2026-07-19 03:12:00,24.5,81.7
2026-07-19 03:13:00,24.5,81.63333333333333
2026-07-19 03:14:00,24.5,81.6
2026-07-19 03:15:00,24.5,81.56666666666666
2026-07-19 03:16:00,24.5,81.53333333333333
2026-07-19 03:17:00,24.5,81.76666666666667
2026-07-19 03:18:00,24.5,81.86666666666667
2026-07-19 03:19:00,24.433333333333334,81.76666666666667
2026-07-19 03:20:00,24.433333333333334,81.76666666666667
2026-07-19 03:21:00,24.5,81.63333333333333
2026-07-19 03:22:00,24.5,81.56666666666666
2026-07-19 03:23:00,24.5,81.60000000000001
2026-07-19 03:24:00,24.46666666666667,81.76666666666667
2026-07-19 03:25:00,24.433333333333334,81.83333333333333
2026-07-19 03:26:00,24.399999999999995,81.73333333333333
2026-07-19 03:27:00,24.399999999999995,81.56666666666666
2026-07-19 03:28:00,24.46666666666667,81.4
2026-07-19 03:29:00,24.433333333333334,81.43333333333334
2026-07-19 03:30:00,24.399999999999995,81.33333333333333
2026-07-19 03:31:00,24.399999999999995,81.36666666666667
2026-07-19 03:32:00,24.399999999999995,81.4
2026-07-19 03:33:00,24.399999999999995,81.4
2026-07-19 03:34:00,24.333333333333332,81.33333333333333
2026-07-19 03:35:00,24.399999999999995,81.26666666666667
2026-07-19 03:36:00,24.399999999999995,81.23333333333333
2026-07-19 03:37:00,24.333333333333332,81.2
2026-07-19 03:38:00,24.399999999999995,81.2
2026-07-19 03:39:00,24.399999999999995,81.1
2026-07-19 03:40:00,24.399999999999995,81.06666666666666
2026-07-19 03:41:00,24.399999999999995,81.1
2026-07-19 03:42:00,24.399999999999995,81.1
2026-07-19 03:43:00,24.3,81.26666666666667
2026-07-19 03:44:00,24.3,81.36666666666667
2026-07-19 03:45:00,24.266666666666666,81.4
2026-07-19 03:46:00,24.3,81.33333333333333
2026-07-19 03:47:00,24.266666666666666,81.2
2026-07-19 03:48:00,24.3,81.13333333333333
2026-07-19 03:49:00,24.3,81.1
2026-07-19 03:50:00,24.2,81.13333333333333
2026-07-19 03:51:00,24.2,81.2
2026-07-19 03:52:00,24.2,81.13333333333333
2026-07-19 03:53:00,24.2,81.13333333333333
2026-07-19 03:54:00,24.2,81.2
2026-07-19 03:55:00,24.233333333333334,81.35
2026-07-19 03:56:00,24.2,81.4
2026-07-19 03:57:00,24.2,81.35
2026-07-19 03:58:00,24.233333333333334,81.23333333333333
2026-07-19 03:59:00,24.3,81.06666666666666
2026-07-19 04:00:00,24.3,81.13333333333333
2026-07-19 04:01:00,24.3,81.13333333333333
2026-07-19 04:02:00,24.3,81.03333333333333
2026-07-19 04:03:00,24.3,80.9
2026-07-19 04:04:00,24.266666666666666,80.93333333333334
2026-07-19 04:05:00,24.2,80.86666666666667
2026-07-19 04:06:00,24.2,81.0
2026-07-19 04:07:00,24.2,81.0
2026-07-19 04:08:00,24.2,80.96666666666667
2026-07-19 04:09:00,24.2,81.03333333333333
2026-07-19 04:10:00,24.166666666666668,81.0
2026-07-19 04:11:00,24.133333333333336,80.9
2026-07-19 04:12:00,24.100000000000005,80.8
2026-07-19 04:13:00,24.100000000000005,80.76666666666667
2026-07-19 04:14:00,24.100000000000005,80.73333333333333
2026-07-19 04:15:00,24.100000000000005,80.96666666666667
2026-07-19 04:16:00,24.100000000000005,80.86666666666667
2026-07-19 04:17:00,24.100000000000005,80.76666666666667
2026-07-19 04:18:00,24.100000000000005,80.7
2026-07-19 04:19:00,24.100000000000005,80.73333333333333
2026-07-19 04:20:00,24.100000000000005,80.7
2026-07-19 04:21:00,24.100000000000005,80.66666666666667
2026-07-19 04:22:00,24.100000000000005,80.60000000000001
2026-07-19 04:23:00,24.100000000000005,80.6
2026-07-19 04:24:00,24.100000000000005,80.53333333333333
2026-07-19 04:25:00,24.03333333333333,80.5
2026-07-19 04:26:00,24.0,80.56666666666666
2026-07-19 04:27:00,24.0,80.6
2026-07-19 04:28:00,24.0,80.63333333333333
2026-07-19 04:29:00,24.0,80.53333333333333
2026-07-19 04:30:00,24.0,80.46666666666667
2026-07-19 04:31:00,24.0,80.53333333333333
2026-07-19 04:32:00,24.0,80.53333333333333
2026-07-19 04:33:00,24.0,80.5
2026-07-19 04:34:00,24.0,80.5
2026-07-19 04:35:00,24.0,80.56666666666666
2026-07-19 04:36:00,24.0,80.66666666666667
2026-07-19 04:37:00,24.0,80.63333333333333
2026-07-19 04:38:00,24.0,80.63333333333333
2026-07-19 04:39:00,24.0,80.66666666666667
2026-07-19 04:40:00,24.0,80.6
2026-07-19 04:41:00,24.0,80.6
2026-07-19 04:42:00,24.0,80.53333333333333
2026-07-19 04:43:00,24.0,80.6
2026-07-19 04:44:00,24.0,80.46666666666667
2026-07-19 04:45:00,24.0,80.4
2026-07-19 04:46:00,24.0,80.46666666666667
2026-07-19 04:47:00,24.0,80.4
2026-07-19 04:48:00,24.0,80.33333333333333
2026-07-19 04:49:00,24.0,80.2
2026-07-19 04:50:00,24.0,80.2
2026-07-19 04:51:00,24.0,80.2
2026-07-19 04:52:00,24.0,80.23333333333333
2026-07-19 04:53:00,24.0,80.26666666666667
2026-07-19 04:54:00,24.0,80.3
2026-07-19 04:55:00,23.899999999999995,80.23333333333333
2026-07-19 04:56:00,23.899999999999995,80.23333333333333
2026-07-19 04:57:00,23.899999999999995,80.16666666666667
2026-07-19 04:58:00,23.899999999999995,80.2
2026-07-19 04:59:00,23.899999999999995,80.13333333333333
2026-07-19 05:00:00,23.899999999999995,80.1
2026-07-19 05:01:00,23.899999999999995,80.13333333333333
2026-07-19 05:02:00,23.899999999999995,79.93333333333334
2026-07-19 05:03:00,23.899999999999995,80.0
2026-07-19 05:04:00,23.899999999999995,79.96666666666667
2026-07-19 05:05:00,23.866666666666664,79.89999999999999
2026-07-19 05:06:00,23.833333333333332,80.1
2026-07-19 05:07:00,23.866666666666664,80.06666666666666
2026-07-19 05:08:00,23.833333333333332,80.16666666666667
2026-07-19 05:09:00,23.8,80.2
2026-07-19 05:10:00,23.8,80.2
2026-07-19 05:11:00,23.833333333333332,80.23333333333333
2026-07-19 05:12:00,23.899999999999995,80.03333333333333
2026-07-19 05:13:00,23.899999999999995,79.96666666666667
2026-07-19 05:14:00,23.899999999999995,79.93333333333334
2026-07-19 05:15:00,23.899999999999995,80.0
2026-07-19 05:16:00,23.899999999999995,80.0
2026-07-19 05:17:00,23.899999999999995,79.96666666666667
2026-07-19 05:18:00,23.899999999999995,79.96666666666667
2026-07-19 05:19:00,23.899999999999995,79.93333333333334
2026-07-19 05:20:00,23.833333333333332,79.89999999999999
2026-07-19 05:21:00,23.833333333333332,79.89999999999999
2026-07-19 05:22:00,23.8,79.76666666666667
2026-07-19 05:23:00,23.766666666666666,79.96666666666667
2026-07-19 05:24:00,23.8,80.03333333333333
2026-07-19 05:25:00,23.7,79.89999999999999
2026-07-19 05:26:00,23.7,79.96666666666667
2026-07-19 05:27:00,23.7,79.96666666666667
2026-07-19 05:28:00,23.7,79.86666666666666
2026-07-19 05:29:00,23.633333333333336,80.10000000000001
2026-07-19 05:30:00,23.600000000000005,80.10000000000001
2026-07-19 05:31:00,23.633333333333336,80.03333333333333
2026-07-19 05:32:00,23.600000000000005,80.26666666666667
2026-07-19 05:33:00,23.600000000000005,80.23333333333333
2026-07-19 05:34:00,23.600000000000005,80.3
2026-07-19 05:35:00,23.633333333333336,80.4
2026-07-19 05:36:00,23.7,80.26666666666667
2026-07-19 05:37:00,23.8,80.2
2026-07-19 05:38:00,23.8,79.93333333333334
2026-07-19 05:39:00,23.833333333333332,79.86666666666667
2026-07-19 05:40:00,23.833333333333332,79.73333333333333
2026-07-19 05:41:00,23.866666666666664,79.76666666666667
2026-07-19 05:42:00,23.866666666666664,79.66666666666667
2026-07-19 05:43:00,23.899999999999995,79.6
2026-07-19 05:44:00,23.899999999999995,79.46666666666667
2026-07-19 05:45:00,23.899999999999995,79.46666666666667
2026-07-19 05:46:00,23.899999999999995,79.4
2026-07-19 05:47:00,23.833333333333332,79.56666666666666
2026-07-19 05:48:00,23.8,79.66666666666667
2026-07-19 05:49:00,23.8,79.66666666666667
2026-07-19 05:50:00,23.7,79.8
2026-07-19 05:51:00,23.7,79.89999999999999
2026-07-19 05:52:00,23.7,79.96666666666667
2026-07-19 05:53:00,23.7,79.96666666666667
2026-07-19 05:54:00,23.7,79.93333333333334
2026-07-19 05:55:00,23.7,79.86666666666667
2026-07-19 05:56:00,23.7,79.8
2026-07-19 05:57:00,23.766666666666666,79.73333333333333
2026-07-19 05:58:00,23.766666666666666,79.63333333333333
2026-07-19 05:59:00,23.8,79.56666666666666
2026-07-19 06:00:00,23.766666666666666,79.43333333333334
2026-07-19 06:01:00,23.7,79.5
2026-07-19 06:02:00,23.7,79.60000000000001
2026-07-19 06:03:00,23.600000000000005,79.76666666666667
2026-07-19 06:04:00,23.600000000000005,79.76666666666667
2026-07-19 06:05:00,23.600000000000005,80.0
2026-07-19 06:06:00,23.633333333333336,79.83333333333333
2026-07-19 06:07:00,23.633333333333336,79.73333333333333
2026-07-19 06:08:00,23.633333333333336,79.7
2026-07-19 06:09:00,23.600000000000005,79.8
2026-07-19 06:10:00,23.600000000000005,79.83333333333333
2026-07-19 06:11:00,23.600000000000005,79.76666666666667
2026-07-19 06:12:00,23.600000000000005,79.83333333333333
2026-07-19 06:13:00,23.566666666666666,79.9
2026-07-19 06:14:00,23.600000000000005,80.03333333333333
2026-07-19 06:15:00,23.5,80.2
2026-07-19 06:16:00,23.366666666666664,80.60000000000001
2026-07-19 06:17:00,23.266666666666666,81.13333333333333
2026-07-19 06:18:00,23.166666666666668,81.60000000000001
2026-07-19 06:19:00,23.100000000000005,81.93333333333334
2026-07-19 06:20:00,23.100000000000005,81.93333333333334
2026-07-19 06:21:00,23.03333333333333,82.16666666666667
2026-07-19 06:22:00,23.0,82.3
2026-07-19 06:23:00,22.933333333333334,82.5
2026-07-19 06:24:00,22.899999999999995,82.83333333333333
2026-07-19 06:25:00,22.866666666666664,83.26666666666667
2026-07-19 06:26:00,22.733333333333334,83.60000000000001
2026-07-19 06:27:00,22.7,83.7
2026-07-19 06:28:00,22.7,83.53333333333333
2026-07-19 06:29:00,22.7,83.43333333333334
2026-07-19 06:30:00,22.766666666666666,83.36666666666667
2026-07-19 06:31:00,22.8,83.13333333333333
2026-07-19 06:32:00,22.833333333333332,82.89999999999999
2026-07-19 06:33:00,22.899999999999995,82.73333333333333
2026-07-19 06:34:00,22.899999999999995,82.56666666666666
2026-07-19 06:35:00,22.899999999999995,82.43333333333334
2026-07-19 06:36:00,23.0,82.33333333333333
2026-07-19 06:37:00,23.0,82.3
2026-07-19 06:38:00,23.0,82.26666666666667
2026-07-19 06:39:00,23.0,82.3
2026-07-19 06:40:00,23.0,82.3
2026-07-19 06:41:00,23.0,82.3
2026-07-19 06:42:00,23.0,82.5
2026-07-19 06:43:00,22.899999999999995,82.53333333333333
2026-07-19 06:44:00,22.899999999999995,82.53333333333333
2026-07-19 06:45:00,22.899999999999995,82.53333333333333
2026-07-19 06:46:00,22.899999999999995,82.7
2026-07-19 06:47:00,22.899999999999995,82.8
2026-07-19 06:48:00,22.899999999999995,82.9
2026-07-19 06:49:00,22.899999999999995,82.93333333333334
2026-07-19 06:50:00,22.899999999999995,82.83333333333333
2026-07-19 06:51:00,22.899999999999995,82.9
2026-07-19 06:52:00,23.0,82.86666666666667
2026-07-19 06:53:00,23.0,82.96666666666667
2026-07-19 06:54:00,23.0,83.03333333333333
2026-07-19 06:55:00,23.0,83.1
2026-07-19 06:56:00,23.0,83.06666666666666
2026-07-19 06:57:00,23.066666666666666,82.89999999999999
2026-07-19 06:58:00,23.100000000000005,82.8
2026-07-19 06:59:00,23.100000000000005,82.8
2026-07-19 07:00:00,23.166666666666668,82.83333333333333
2026-07-19 07:01:00,23.100000000000005,82.96666666666667
2026-07-19 07:02:00,23.166666666666668,82.93333333333334
2026-07-19 07:03:00,23.2,82.96666666666667
2026-07-19 07:04:00,23.2,82.89999999999999
2026-07-19 07:05:00,23.2,82.96666666666667
2026-07-19 07:06:00,23.333333333333332,82.89999999999999
2026-07-19 07:07:00,23.46666666666667,82.63333333333333
2026-07-19 07:08:00,23.600000000000005,82.36666666666667
2026-07-19 07:09:00,23.7,82.10000000000001
2026-07-19 07:10:00,23.8,81.39999999999999
2026-07-19 07:11:00,23.899999999999995,80.7
2026-07-19 07:12:00,23.833333333333332,83.73333333333333
2026-07-19 07:13:00,23.633333333333336,84.76666666666667
2026-07-19 07:14:00,23.5,85.3
2026-07-19 07:15:00,23.399999999999995,85.43333333333334
2026-07-19 07:16:00,23.333333333333332,86.03333333333335
2026-07-19 07:17:00,23.3,86.03333333333335
2026-07-19 07:18:00,23.3,85.7
2026-07-19 07:19:00,23.3,85.43333333333334
2026-07-19 07:20:00,23.333333333333332,85.10000000000001
2026-07-19 07:21:00,23.366666666666664,84.89999999999999
2026-07-19 07:22:00,23.399999999999995,84.83333333333333
2026-07-19 07:23:00,23.46666666666667,84.39999999999999
2026-07-19 07:24:00,23.5,84.26666666666667
2026-07-19 07:25:00,23.5,83.83333333333333
2026-07-19 07:26:00,23.5,83.56666666666666
2026-07-19 07:27:00,23.566666666666666,83.5
2026-07-19 07:28:00,23.666666666666668,83.03333333333335
2026-07-19 07:29:00,23.7,82.66666666666667
2026-07-19 07:30:00,23.633333333333336,82.96666666666667
2026-07-19 07:31:00,23.600000000000005,82.9
2026-07-19 07:32:00,23.600000000000005,82.9
2026-07-19 07:33:00,23.600000000000005,82.86666666666667
2026-07-19 07:34:00,23.7,82.7
2026-07-19 07:35:00,23.733333333333334,82.46666666666667
2026-07-19 07:36:00,23.7,82.56666666666666
2026-07-19 07:37:00,23.7,82.7
2026-07-19 07:38:00,23.733333333333334,82.93333333333334
2026-07-19 07:39:00,23.8,82.9
2026-07-19 07:40:00,23.8,82.96666666666667
2026-07-19 07:41:00,23.8,83.06666666666666
2026-07-19 07:42:00,23.8,83.36666666666667
2026-07-19 07:43:00,23.8,83.16666666666667
2026-07-19 07:44:00,23.8,83.13333333333334
2026-07-19 07:45:00,23.8,82.86666666666667
2026-07-19 07:46:00,23.899999999999995,82.56666666666666
2026-07-19 07:47:00,23.899999999999995,82.36666666666667
2026-07-19 07:48:00,23.899999999999995,82.46666666666667
2026-07-19 07:49:00,23.8,82.7
2026-07-19 07:51:00,23.833333333333332,82.10000000000001
2026-07-19 07:52:00,23.96666666666667,81.60000000000001
2026-07-19 07:53:00,24.100000000000005,81.36666666666667
2026-07-19 07:54:00,24.100000000000005,81.13333333333333
2026-07-19 07:55:00,24.2,81.03333333333333
2026-07-19 07:56:00,24.2,80.86666666666667
2026-07-19 07:57:00,24.233333333333334,80.73333333333333
2026-07-19 07:58:00,24.3,80.86666666666667
2026-07-19 07:59:00,24.3,80.96666666666667
2026-07-19 08:00:00,24.399999999999995,80.76666666666667
2026-07-19 08:01:00,24.399999999999995,80.43333333333334
2026-07-19 08:02:00,24.433333333333334,80.26666666666667
2026-07-19 08:03:00,24.53333333333333,80.36666666666667
2026-07-19 08:04:00,24.666666666666668,79.86666666666666
2026-07-19 08:05:00,24.733333333333334,79.43333333333334
2026-07-19 08:06:00,24.666666666666668,79.3
2026-07-19 08:07:00,24.600000000000005,79.4
2026-07-19 08:08:00,24.53333333333333,79.3
2026-07-19 08:09:00,24.5,79.53333333333333
2026-07-19 08:10:00,24.5,79.33333333333333
2026-07-19 08:11:00,24.46666666666667,79.26666666666667
2026-07-19 08:12:00,24.46666666666667,79.46666666666667
2026-07-19 08:13:00,24.46666666666667,79.2
2026-07-19 08:14:00,24.399999999999995,79.46666666666665
2026-07-19 08:15:00,24.399999999999995,79.7
2026-07-19 08:16:00,24.399999999999995,79.5
2026-07-19 08:17:00,24.399999999999995,79.4
2026-07-19 08:18:00,24.5,79.36666666666667
2026-07-19 08:19:00,24.399999999999995,79.46666666666667
2026-07-19 08:20:00,24.46666666666667,79.4
2026-07-19 08:21:00,24.5,79.4
2026-07-19 08:22:00,24.5,79.16666666666667
2026-07-19 08:23:00,24.566666666666666,79.13333333333334
2026-07-19 08:24:00,24.5,79.26666666666667
2026-07-19 08:25:00,24.433333333333334,79.5
2026-07-19 08:26:00,24.46666666666667,79.46666666666667
2026-07-19 08:27:00,24.46666666666667,79.39999999999999
2026-07-19 08:28:00,24.5,79.16666666666667
2026-07-19 08:29:00,24.5,79.03333333333333
2026-07-19 08:30:00,24.5,78.9
2026-07-19 08:31:00,24.53333333333333,78.93333333333334
2026-07-19 08:32:00,24.53333333333333,78.76666666666667
2026-07-19 08:33:00,24.5,78.83333333333333
2026-07-19 08:34:00,24.5,79.03333333333333
2026-07-19 08:35:00,24.633333333333336,78.96666666666665
2026-07-19 08:36:00,24.7,78.36666666666666
2026-07-19 08:37:00,24.7,78.06666666666666
2026-07-19 08:38:00,24.7,77.8
2026-07-19 08:39:00,24.7,77.73333333333333
2026-07-19 08:40:00,24.7,77.66666666666667
2026-07-19 08:41:00,24.7,77.93333333333334
2026-07-19 08:42:00,24.766666666666666,77.83333333333333
2026-07-19 08:43:00,24.8,77.6
2026-07-19 08:44:00,24.8,77.6
2026-07-19 08:45:00,24.8,77.56666666666666
2026-07-19 08:46:00,24.8,77.5
2026-07-19 08:47:00,24.8,77.43333333333334
2026-07-19 08:48:00,24.8,77.5
2026-07-19 08:49:00,24.8,77.63333333333333
2026-07-19 08:50:00,24.8,77.56666666666666
2026-07-19 08:51:00,24.8,77.36666666666667
2026-07-19 08:52:00,24.8,77.36666666666667
2026-07-19 08:53:00,24.8,77.3
2026-07-19 08:54:00,24.8,77.26666666666667
2026-07-19 08:55:00,24.833333333333332,77.46666666666667
2026-07-19 08:56:00,24.899999999999995,77.6
2026-07-19 08:57:00,24.96666666666667,77.7
2026-07-19 08:58:00,25.066666666666666,77.26666666666667
2026-07-19 08:59:00,25.100000000000005,77.1
2026-07-19 09:00:00,25.100000000000005,77.0
2026-07-19 09:01:00,25.100000000000005,77.0
2026-07-19 09:02:00,25.100000000000005,76.93333333333334
2026-07-19 09:03:00,25.2,76.9
2026-07-19 09:04:00,25.2,76.9
2026-07-19 09:05:00,25.2,76.83333333333333
2026-07-19 09:06:00,25.2,76.8
2026-07-19 09:07:00,25.2,76.86666666666667
2026-07-19 09:08:00,25.2,76.93333333333334
2026-07-19 09:09:00,25.133333333333336,76.96666666666667
2026-07-19 09:10:00,25.100000000000005,77.16666666666667
2026-07-19 09:11:00,25.100000000000005,77.23333333333333
2026-07-19 09:12:00,25.066666666666666,77.16666666666667
2026-07-19 09:13:00,25.100000000000005,77.2
2026-07-19 09:14:00,25.066666666666666,77.2
2026-07-19 09:15:00,25.100000000000005,77.36666666666667
2026-07-19 09:16:00,25.2,77.53333333333333
2026-07-19 09:17:00,25.3,77.23333333333333
2026-07-19 09:18:00,25.399999999999995,77.10000000000001
2026-07-19 09:19:00,25.399999999999995,76.83333333333333
2026-07-19 09:20:00,25.399999999999995,76.63333333333333
2026-07-19 09:21:00,25.46666666666667,76.43333333333334
2026-07-19 09:22:00,25.5,76.3
2026-07-19 09:23:00,25.666666666666668,76.06666666666666
2026-07-19 09:24:00,25.833333333333332,75.36666666666666
2026-07-19 09:25:00,25.899999999999995,75.13333333333333
2026-07-19 09:26:00,25.899999999999995,75.1
2026-07-19 09:27:00,25.899999999999995,75.2
2026-07-19 09:28:00,25.899999999999995,75.23333333333333
2026-07-19 09:29:00,25.899999999999995,75.43333333333334
2026-07-19 09:30:00,26.0,75.13333333333333
2026-07-19 09:31:00,26.100000000000005,74.53333333333335
2026-07-19 09:32:00,26.100000000000005,74.13333333333333
2026-07-19 09:33:00,26.0,74.16666666666667
2026-07-19 09:34:00,25.933333333333334,74.1
2026-07-19 09:35:00,25.866666666666664,74.2
2026-07-19 09:36:00,25.8,74.33333333333333
2026-07-19 09:37:00,25.733333333333334,74.46666666666667
2026-07-19 09:38:00,25.7,74.46666666666667
2026-07-19 09:39:00,25.766666666666666,74.56666666666666
2026-07-19 09:40:00,25.866666666666664,74.10000000000001
2026-07-19 09:41:00,25.933333333333334,73.5
2026-07-19 09:42:00,26.0,73.3
2026-07-19 09:43:00,25.899999999999995,73.43333333333334
2026-07-19 09:44:00,25.899999999999995,73.43333333333334
2026-07-19 09:45:00,25.933333333333334,73.06666666666666
2026-07-19 09:46:00,26.100000000000005,72.39999999999999
2026-07-19 09:47:00,26.100000000000005,71.8
2026-07-19 09:48:00,26.2,71.36666666666667
2026-07-19 09:49:00,26.3,70.7
2026-07-19 09:50:00,26.35,70.0
2026-07-19 09:51:00,26.433333333333334,69.63333333333333
2026-07-19 09:52:00,26.433333333333334,69.4
2026-07-19 09:53:00,26.46666666666667,69.36666666666667
2026-07-19 09:54:00,26.46666666666667,69.4
2026-07-19 09:55:00,26.53333333333333,69.0
2026-07-19 09:56:00,26.733333333333334,68.23333333333333
2026-07-19 09:57:00,26.8,68.0
2026-07-19 09:58:00,26.733333333333334,68.06666666666666
2026-07-19 09:59:00,26.7,68.23333333333333
2026-07-19 10:00:00,26.7,68.3
2026-07-19 10:01:00,26.633333333333336,68.46666666666665
2026-07-19 10:02:00,26.600000000000005,68.56666666666666
2026-07-19 10:03:00,26.600000000000005,68.7
2026-07-19 10:04:00,26.600000000000005,68.5
2026-07-19 10:05:00,26.600000000000005,68.2
2026-07-19 10:06:00,26.53333333333333,67.96666666666667
2026-07-19 10:07:00,26.5,67.83333333333333
2026-07-19 10:08:00,26.5,67.86666666666667
2026-07-19 10:09:00,26.399999999999995,67.96666666666667
2026-07-19 10:10:00,26.399999999999995,68.23333333333333
2026-07-19 10:11:00,26.399999999999995,68.26666666666667
2026-07-19 10:12:00,26.333333333333332,68.46666666666667
2026-07-19 10:13:00,26.3,68.53333333333333
2026-07-19 10:14:00,26.333333333333332,68.43333333333334
2026-07-19 10:15:00,26.3,68.76666666666667
2026-07-19 10:16:00,26.399999999999995,68.7
2026-07-19 10:17:00,26.5,68.23333333333333
2026-07-19 10:18:00,26.5,68.06666666666666
2026-07-19 10:19:00,26.566666666666666,67.73333333333333
2026-07-19 10:20:00,26.600000000000005,67.43333333333334
2026-07-19 10:21:00,26.633333333333336,67.46666666666667
2026-07-19 10:22:00,26.766666666666666,67.2
2026-07-19 10:23:00,26.866666666666664,66.86666666666667
2026-07-19 10:24:00,26.96666666666667,66.53333333333333
2026-07-19 10:25:00,26.933333333333334,66.36666666666667
2026-07-19 10:26:00,26.833333333333332,66.7
2026-07-19 10:27:00,26.666666666666668,67.10000000000001
2026-07-19 10:28:00,26.600000000000005,67.16666666666667
2026-07-19 10:29:00,26.7,66.93333333333334
2026-07-19 10:30:00,26.766666666666666,66.5
2026-07-19 10:31:00,26.8,66.06666666666666
2026-07-19 10:32:00,26.8,65.56666666666666
2026-07-19 10:33:00,26.766666666666666,65.36666666666667
2026-07-19 10:34:00,26.7,65.4
2026-07-19 10:35:00,26.7,65.43333333333334
2026-07-19 10:36:00,26.7,65.66666666666667
2026-07-19 10:37:00,26.633333333333336,65.7
2026-07-19 10:38:00,26.600000000000005,65.60000000000001
2026-07-19 10:39:00,26.600000000000005,65.96666666666667
2026-07-19 10:40:00,26.633333333333336,65.89999999999999
2026-07-19 10:41:00,26.7,65.63333333333333
2026-07-19 10:42:00,26.8,65.4
2026-07-19 10:43:00,26.8,65.33333333333333
2026-07-19 10:44:00,26.8,65.33333333333333
2026-07-19 10:45:00,26.8,65.39999999999999
2026-07-19 10:46:00,26.8,65.60000000000001
2026-07-19 10:47:00,26.933333333333334,65.43333333333334
2026-07-19 10:48:00,27.03333333333333,64.89999999999999
2026-07-19 10:49:00,27.100000000000005,64.60000000000001
2026-07-19 10:50:00,27.166666666666668,64.36666666666666
2026-07-19 10:51:00,27.233333333333334,64.10000000000001
2026-07-19 10:52:00,27.3,63.93333333333334
2026-07-19 10:53:00,27.266666666666666,64.0
2026-07-19 10:54:00,27.2,64.23333333333333
2026-07-19 10:55:00,27.133333333333336,64.66666666666667
2026-07-19 10:56:00,27.03333333333333,65.03333333333335
2026-07-19 10:57:00,26.96666666666667,65.46666666666667
2026-07-19 10:58:00,26.899999999999995,65.6
2026-07-19 10:59:00,26.933333333333334,65.5
2026-07-19 11:00:00,26.96666666666667,65.39999999999999
2026-07-19 11:01:00,27.0,65.23333333333333
2026-07-19 11:02:00,27.0,65.13333333333333
2026-07-19 11:03:00,27.03333333333333,65.26666666666667
2026-07-19 11:04:00,27.100000000000005,65.0
2026-07-19 11:05:00,27.2,64.56666666666666
2026-07-19 11:06:00,27.2,64.4
2026-07-19 11:07:00,27.233333333333334,64.23333333333333
2026-07-19 11:08:00,27.3,63.9
2026-07-19 11:09:00,27.3,63.73333333333333
2026-07-19 11:10:00,27.233333333333334,63.70000000000001
2026-07-19 11:11:00,27.2,63.79999999999999
2026-07-19 11:12:00,27.100000000000005,63.6
2026-07-19 11:13:00,27.166666666666668,63.56666666666666
2026-07-19 11:14:00,27.166666666666668,63.6
2026-07-19 11:15:00,27.2,63.666666666666664
2026-07-19 11:16:00,27.2,63.73333333333333
2026-07-19 11:17:00,27.166666666666668,63.79999999999999
2026-07-19 11:18:00,27.100000000000005,63.9
2026-07-19 11:19:00,27.100000000000005,63.9
2026-07-19 11:20:00,27.066666666666666,63.4
2026-07-19 11:21:00,27.0,63.46666666666667
2026-07-19 11:22:00,27.0,63.63333333333333
2026-07-19 11:23:00,27.0,63.9
2026-07-19 11:24:00,27.066666666666666,63.63333333333333
2026-07-19 11:25:00,27.066666666666666,63.6
2026-07-19 11:26:00,27.0,63.6
2026-07-19 11:27:00,27.0,63.699999999999996
2026-07-19 11:28:00,27.0,64.10000000000001
2026-07-19 11:29:00,26.96666666666667,64.3
2026-07-19 11:30:00,27.0,63.73333333333333
2026-07-19 11:31:00,27.0,63.333333333333336
2026-07-19 11:32:00,27.133333333333336,63.333333333333336
2026-07-19 11:33:00,27.266666666666666,63.03333333333333
2026-07-19 11:34:00,27.366666666666664,62.53333333333333
2026-07-19 11:35:00,27.46666666666667,62.46666666666667
2026-07-19 11:36:00,27.46666666666667,62.5
2026-07-19 11:37:00,27.399999999999995,62.53333333333333
2026-07-19 11:38:00,27.333333333333332,62.76666666666667
2026-07-19 11:39:00,27.3,62.63333333333333
2026-07-19 11:40:00,27.2,62.5
2026-07-19 11:41:00,27.266666666666666,62.36666666666667
2026-07-19 11:42:00,27.233333333333334,61.833333333333336
2026-07-19 11:43:00,27.2,61.53333333333333
2026-07-19 11:44:00,27.2,61.333333333333336
2026-07-19 11:45:00,27.266666666666666,61.06666666666666
2026-07-19 11:46:00,27.3,61.03333333333333
2026-07-19 11:47:00,27.233333333333334,61.0
2026-07-19 11:48:00,27.2,60.9
2026-07-19 11:49:00,27.266666666666666,60.43333333333334
2026-07-19 11:50:00,27.4,59.2
2026-07-19 11:51:00,27.433333333333334,58.76666666666667
2026-07-19 11:52:00,27.566666666666666,59.166666666666664
2026-07-19 11:53:00,27.600000000000005,59.29999999999999
2026-07-19 11:54:00,27.666666666666668,59.4
2026-07-19 11:55:00,27.600000000000005,59.699999999999996
2026-07-19 11:56:00,27.600000000000005,60.06666666666666
2026-07-19 11:57:00,27.65,60.2
2026-07-19 11:58:00,27.7,59.9
2026-07-19 11:59:00,27.633333333333336,59.73333333333333
2026-07-19 12:00:00,27.600000000000005,59.5
2026-07-19 12:01:00,27.600000000000005,59.56666666666666
2026-07-19 12:02:00,27.7,59.63333333333333
2026-07-19 12:03:00,27.96666666666667,59.06666666666666
2026-07-19 12:04:00,28.0,58.833333333333336
2026-07-19 12:05:00,27.899999999999995,59.13333333333333
2026-07-19 12:06:00,27.766666666666666,58.833333333333336
2026-07-19 12:07:00,27.600000000000005,58.86666666666667
2026-07-19 12:08:00,27.600000000000005,58.76666666666667
2026-07-19 12:09:00,27.600000000000005,59.03333333333333
2026-07-19 12:10:00,27.5,59.03333333333333
2026-07-19 12:11:00,27.5,59.300000000000004
2026-07-19 12:12:00,27.53333333333333,59.43333333333334
2026-07-19 12:13:00,27.600000000000005,59.63333333333333
2026-07-19 12:14:00,27.633333333333336,59.76666666666667
2026-07-19 12:15:00,27.7,59.79999999999999
2026-07-19 12:16:00,27.7,59.699999999999996
2026-07-19 12:17:00,27.7,59.96666666666667
2026-07-19 12:18:00,27.7,60.13333333333333
2026-07-19 12:19:00,27.733333333333334,60.36666666666667
2026-07-19 12:20:00,27.8,60.4
2026-07-19 12:21:00,27.8,60.4
2026-07-19 12:22:00,27.8,60.56666666666666
2026-07-19 12:23:00,27.8,60.13333333333333
2026-07-19 12:24:00,27.8,59.06666666666666
2026-07-19 12:25:00,27.833333333333332,58.4
2026-07-19 12:26:00,27.899999999999995,58.300000000000004
2026-07-19 12:27:00,27.96666666666667,58.199999999999996
2026-07-19 12:28:00,27.96666666666667,57.300000000000004
2026-07-19 12:29:00,27.899999999999995,57.333333333333336
2026-07-19 12:30:00,27.933333333333334,57.20000000000001
2026-07-19 12:31:00,27.866666666666664,57.63333333333333
2026-07-19 12:32:00,27.733333333333334,58.36666666666667
2026-07-19 12:33:00,27.566666666666666,58.666666666666664
2026-07-19 12:34:00,27.5,59.53333333333333
2026-07-19 12:35:00,27.53333333333333,59.833333333333336
2026-07-19 12:36:00,27.766666666666666,59.73333333333333
2026-07-19 12:37:00,27.933333333333334,59.26666666666667
2026-07-19 12:38:00,28.0,58.96666666666667
2026-07-19 12:39:00,28.03333333333333,59.0
2026-07-19 12:40:00,28.100000000000005,59.06666666666666
2026-07-19 12:41:00,28.233333333333334,59.23333333333333
2026-07-19 12:42:00,28.266666666666666,58.9
2026-07-19 12:43:00,28.2,58.96666666666667
2026-07-19 12:44:00,28.2,59.333333333333336
2026-07-19 12:45:00,28.2,59.4
2026-07-19 12:46:00,28.2,59.43333333333334
2026-07-19 12:47:00,28.100000000000005,59.73333333333333
2026-07-19 12:48:00,28.100000000000005,60.13333333333333
2026-07-19 12:49:00,28.2,60.333333333333336
2026-07-19 12:50:00,28.233333333333334,60.4
2026-07-19 12:51:00,28.366666666666664,60.26666666666667
2026-07-19 12:52:00,28.399999999999995,59.96666666666667
2026-07-19 12:53:00,28.433333333333334,59.5
2026-07-19 12:54:00,28.433333333333334,58.833333333333336
2026-07-19 12:55:00,28.3,58.5
2026-07-19 12:56:00,28.2,58.63333333333333
2026-07-19 12:57:00,28.166666666666668,59.1
2026-07-19 12:58:00,28.100000000000005,59.36666666666667
2026-07-19 12:59:00,28.0,59.36666666666667
2026-07-19 13:00:00,28.0,59.4
2026-07-19 13:01:00,28.0,59.0
2026-07-19 13:02:00,28.0,58.833333333333336
2026-07-19 13:03:00,28.0,58.73333333333333
2026-07-19 13:04:00,28.066666666666666,58.53333333333333
2026-07-19 13:05:00,28.100000000000005,58.43333333333334
2026-07-19 13:06:00,28.066666666666666,58.53333333333333
2026-07-19 13:07:00,27.96666666666667,58.833333333333336
2026-07-19 13:08:00,27.899999999999995,58.86666666666667
2026-07-19 13:09:00,27.899999999999995,59.1
2026-07-19 13:10:00,27.899999999999995,59.1
2026-07-19 13:11:00,27.866666666666664,59.26666666666667
2026-07-19 13:12:00,27.933333333333334,59.5
2026-07-19 13:13:00,28.0,59.666666666666664
2026-07-19 13:14:00,28.0,59.6
2026-07-19 13:15:00,28.133333333333336,59.6
2026-07-19 13:16:00,28.2,59.46666666666667
2026-07-19 13:17:00,28.3,59.56666666666666
2026-07-19 13:18:00,28.3,59.73333333333333
2026-07-19 13:19:00,28.3,59.43333333333334
2026-07-19 13:20:00,28.3,59.43333333333334
2026-07-19 13:21:00,28.266666666666666,59.6
2026-07-19 13:22:00,28.3,59.86666666666667
2026-07-19 13:23:00,28.333333333333332,60.36666666666667
2026-07-19 13:24:00,28.5,60.300000000000004
2026-07-19 13:25:00,28.46666666666667,59.93333333333334
2026-07-19 13:26:00,28.366666666666664,59.199999999999996
2026-07-19 13:27:00,28.266666666666666,59.06666666666666
2026-07-19 13:28:00,28.2,58.93333333333334
2026-07-19 13:29:00,28.133333333333336,58.833333333333336
2026-07-19 13:30:00,28.100000000000005,58.93333333333334
2026-07-19 13:31:00,28.100000000000005,58.699999999999996
2026-07-19 13:32:00,28.0,58.43333333333334
2026-07-19 13:33:00,28.0,58.333333333333336
2026-07-19 13:34:00,28.066666666666666,58.666666666666664
2026-07-19 13:35:00,28.133333333333336,58.93333333333334
2026-07-19 13:36:00,28.2,58.86666666666667
2026-07-19 13:37:00,28.2,58.76666666666667
2026-07-19 13:38:00,28.100000000000005,59.03333333333333
2026-07-19 13:39:00,28.0,59.13333333333333
2026-07-19 13:40:00,28.0,59.150000000000006
2026-07-19 13:41:00,27.924999999999997,58.95
2026-07-19 13:42:00,28.0,58.699999999999996
2026-07-19 13:43:00,28.03333333333333,58.46666666666667
2026-07-19 13:44:00,28.166666666666668,58.03333333333333
2026-07-19 13:45:00,28.2,57.8
2026-07-19 13:46:00,28.2,57.70000000000001
2026-07-19 13:47:00,28.133333333333336,57.666666666666664
2026-07-19 13:48:00,28.100000000000005,57.666666666666664
2026-07-19 13:49:00,28.066666666666666,57.666666666666664
2026-07-19 13:50:00,28.0,57.55
2026-07-19 13:51:00,27.9,57.8
2026-07-19 13:52:00,27.899999999999995,58.0
2026-07-19 13:53:00,27.899999999999995,57.9
2026-07-19 13:54:00,27.899999999999995,57.666666666666664
2026-07-19 13:55:00,27.899999999999995,57.70000000000001
2026-07-19 13:56:00,27.866666666666664,57.76666666666667
2026-07-19 13:57:00,27.8,57.63333333333333
2026-07-19 13:58:00,27.7,57.833333333333336
2026-07-19 13:59:00,27.633333333333336,58.199999999999996
2026-07-19 14:00:00,27.600000000000005,58.03333333333333
2026-07-19 14:01:00,27.600000000000005,57.93333333333334
2026-07-19 14:02:00,27.600000000000005,57.9
2026-07-19 14:03:00,27.600000000000005,57.9
2026-07-19 14:04:00,27.53333333333333,58.06666666666666
2026-07-19 14:05:00,27.5,58.4
2026-07-19 14:06:00,27.53333333333333,58.53333333333333
2026-07-19 14:07:00,27.566666666666666,58.699999999999996
2026-07-19 14:08:00,27.600000000000005,58.9
2026-07-19 14:09:00,27.600000000000005,58.93333333333334
2026-07-19 14:10:00,27.600000000000005,59.20000000000001
2026-07-19 14:11:00,27.633333333333336,59.36666666666667
2026-07-19 14:12:00,27.633333333333336,59.29999999999999
2026-07-19 14:13:00,27.600000000000005,59.4
2026-07-19 14:14:00,27.600000000000005,59.26666666666667
2026-07-19 14:15:00,27.633333333333336,59.26666666666667
2026-07-19 14:16:00,27.7,59.43333333333334
2026-07-19 14:17:00,27.7,59.5
2026-07-19 14:18:00,27.7,59.36666666666667
2026-07-19 14:19:00,27.7,59.29999999999999
2026-07-19 14:20:00,27.7,59.29999999999999
2026-07-19 14:21:00,27.7,59.29999999999999
2026-07-19 14:22:00,27.666666666666668,59.43333333333334
2026-07-19 14:23:00,27.600000000000005,59.43333333333334
2026-07-19 14:24:00,27.600000000000005,59.56666666666666
2026-07-19 14:25:00,27.600000000000005,59.6
2026-07-19 14:26:00,27.600000000000005,59.666666666666664
2026-07-19 14:27:00,27.600000000000005,59.46666666666667
2026-07-19 14:28:00,27.633333333333336,59.53333333333333
2026-07-19 14:29:00,27.7,59.4
2026-07-19 14:30:00,27.7,59.26666666666667
2026-07-19 14:31:00,27.766666666666666,59.29999999999999
2026-07-19 14:32:00,27.8,59.699999999999996
2026-07-19 14:33:00,27.8,60.199999999999996
2026-07-19 14:34:00,27.8,60.4
2026-07-19 14:35:00,27.8,60.53333333333333
2026-07-19 14:36:00,27.766666666666666,60.79999999999999
2026-07-19 14:37:00,27.8,61.0
2026-07-19 14:38:00,27.8,61.300000000000004
2026-07-19 14:39:00,27.8,61.43333333333334
2026-07-19 14:40:00,27.899999999999995,61.13333333333333
2026-07-19 14:41:00,27.899999999999995,60.79999999999999
2026-07-19 14:42:00,27.899999999999995,60.63333333333333
2026-07-19 14:43:00,27.866666666666664,60.63333333333333
2026-07-19 14:44:00,27.8,60.63333333333333
2026-07-19 14:45:00,27.733333333333334,60.73333333333333
2026-07-19 14:46:00,27.7,60.800000000000004
2026-07-19 14:47:00,27.7,61.0
2026-07-19 14:48:00,27.7,61.03333333333333
2026-07-19 14:49:00,27.7,61.0
2026-07-19 14:50:00,27.766666666666666,61.0
2026-07-19 14:51:00,27.8,60.800000000000004
2026-07-19 14:52:00,27.8,60.76666666666667
2026-07-19 14:53:00,27.8,60.86666666666667
2026-07-19 14:54:00,27.899999999999995,60.86666666666667
2026-07-19 14:55:00,27.96666666666667,60.93333333333334
2026-07-19 14:56:00,28.0,60.96666666666667
2026-07-19 14:57:00,28.0,61.166666666666664
2026-07-19 14:58:00,28.0,61.23333333333333
2026-07-19 14:59:00,27.96666666666667,61.26666666666667
2026-07-19 15:00:00,27.899999999999995,61.199999999999996
2026-07-19 15:01:00,27.899999999999995,61.4
2026-07-19 15:02:00,27.833333333333332,61.800000000000004
2026-07-19 15:03:00,27.8,61.9
2026-07-19 15:04:00,27.8,61.86666666666667
2026-07-19 15:05:00,27.766666666666666,61.93333333333334
2026-07-19 15:06:00,27.7,62.1
2026-07-19 15:07:00,27.7,62.333333333333336
2026-07-19 15:08:00,27.733333333333334,62.43333333333334
2026-07-19 15:09:00,27.733333333333334,62.56666666666666
2026-07-19 15:10:00,27.766666666666666,62.70000000000001
2026-07-19 15:11:00,27.733333333333334,62.70000000000001
2026-07-19 15:12:00,27.8,62.6
2026-07-19 15:13:00,27.8,62.43333333333334
2026-07-19 15:14:00,27.733333333333334,62.23333333333333
2026-07-19 15:15:00,27.666666666666668,62.26666666666667
2026-07-19 15:16:00,27.600000000000005,62.199999999999996
2026-07-19 15:17:00,27.600000000000005,62.29999999999999
2026-07-19 15:18:00,27.600000000000005,62.333333333333336
2026-07-19 15:19:00,27.600000000000005,62.43333333333334
2026-07-19 15:20:00,27.53333333333333,62.56666666666666
2026-07-19 15:21:00,27.5,62.6
2026-07-19 15:22:00,27.5,62.53333333333333
2026-07-19 15:23:00,27.5,62.53333333333333
2026-07-19 15:24:00,27.5,62.63333333333333
2026-07-19 15:25:00,27.399999999999995,62.56666666666666
2026-07-19 15:26:00,27.399999999999995,62.53333333333333
2026-07-19 15:27:00,27.46666666666667,62.6
2026-07-19 15:28:00,27.433333333333334,62.46666666666667
2026-07-19 15:29:00,27.433333333333334,62.199999999999996
2026-07-19 15:30:00,27.433333333333334,62.0
2026-07-19 15:31:00,27.5,61.9
2026-07-19 15:32:00,27.5,62.13333333333333
2026-07-19 15:33:00,27.5,62.333333333333336
2026-07-19 15:34:00,27.5,62.43333333333334
2026-07-19 15:35:00,27.5,62.53333333333333
2026-07-19 15:36:00,27.5,62.86666666666667
2026-07-19 15:37:00,27.5,63.1
2026-07-19 15:38:00,27.5,63.199999999999996
2026-07-19 15:39:00,27.5,63.4
2026-07-19 15:40:00,27.46666666666667,63.666666666666664
2026-07-19 15:41:00,27.399999999999995,63.9
2026-07-19 15:42:00,27.399999999999995,64.16666666666667
2026-07-19 15:43:00,27.399999999999995,64.5
2026-07-19 15:44:00,27.333333333333332,64.89999999999999
2026-07-19 15:45:00,27.3,65.10000000000001
2026-07-19 15:46:00,27.3,65.39999999999999
2026-07-19 15:47:00,27.3,65.63333333333333
2026-07-19 15:48:00,27.266666666666666,65.76666666666667
2026-07-19 15:49:00,27.3,65.9
2026-07-19 15:50:00,27.3,65.9
2026-07-19 15:51:00,27.2,66.0
2026-07-19 15:52:00,27.2,65.9
2026-07-19 15:53:00,27.2,66.03333333333333
2026-07-19 15:54:00,27.2,66.1
2026-07-19 15:55:00,27.2,66.13333333333333
2026-07-19 15:56:00,27.2,66.2
2026-07-19 15:57:00,27.2,66.26666666666667
2026-07-19 15:58:00,27.2,66.26666666666667
2026-07-19 15:59:00,27.2,66.3
2026-07-19 16:00:00,27.2,66.4
2026-07-19 16:01:00,27.175,66.5
2026-07-19 16:02:00,27.133333333333336,66.6
2026-07-19 16:03:00,27.166666666666668,66.6
2026-07-19 16:04:00,27.2,66.7
2026-07-19 16:05:00,27.166666666666668,66.89999999999999
2026-07-19 16:06:00,27.100000000000005,67.13333333333333
2026-07-19 16:07:00,27.100000000000005,67.36666666666666
2026-07-19 16:08:00,27.100000000000005,67.53333333333333
2026-07-19 16:09:00,27.100000000000005,67.73333333333333
2026-07-19 16:10:00,27.03333333333333,67.89999999999999
2026-07-19 16:11:00,27.0,68.2
2026-07-19 16:12:00,27.0,68.43333333333334
2026-07-19 16:13:00,27.0,68.60000000000001
2026-07-19 16:14:00,27.0,68.8
2026-07-19 16:15:00,27.0,68.96666666666667
2026-07-19 16:16:00,27.0,69.06666666666666
2026-07-19 16:17:00,27.0,69.23333333333333
2026-07-19 16:18:00,26.96666666666667,69.36666666666667
2026-07-19 16:19:00,26.933333333333334,69.4
2026-07-19 16:20:00,26.899999999999995,69.36666666666667
2026-07-19 16:21:00,26.899999999999995,69.36666666666667
2026-07-19 16:22:00,26.899999999999995,69.46666666666667
2026-07-19 16:23:00,26.899999999999995,69.43333333333334
2026-07-19 16:24:00,26.8,69.5
2026-07-19 16:25:00,26.8,69.33333333333333
2026-07-19 16:26:00,26.8,69.2
2026-07-19 16:27:00,26.8,69.10000000000001
2026-07-19 16:28:00,26.8,69.0
2026-07-19 16:29:00,26.8,68.83333333333333
2026-07-19 16:30:00,26.8,68.76666666666667
2026-07-19 16:31:00,26.766666666666666,68.7
2026-07-19 16:32:00,26.733333333333334,68.76666666666667
2026-07-19 16:33:00,26.7,68.8
2026-07-19 16:34:00,26.7,68.86666666666667
2026-07-19 16:35:00,26.7,68.93333333333334
2026-07-19 16:36:00,26.7,68.9
2026-07-19 16:37:00,26.7,69.03333333333333
2026-07-19 16:38:00,26.7,69.1
2026-07-19 16:39:00,26.7,69.16666666666667
2026-07-19 16:40:00,26.7,69.3
2026-07-19 16:41:00,26.7,69.33333333333333
2026-07-19 16:42:00,26.633333333333336,69.4
2026-07-19 16:43:00,26.600000000000005,69.56666666666666
2026-07-19 16:44:00,26.666666666666668,69.56666666666666
2026-07-19 16:45:00,26.600000000000005,69.6
2026-07-19 16:46:00,26.600000000000005,69.63333333333333
2026-07-19 16:47:00,26.600000000000005,69.73333333333333
2026-07-19 16:48:00,26.600000000000005,69.83333333333333
2026-07-19 16:49:00,26.600000000000005,69.9
2026-07-19 16:50:00,26.633333333333336,69.96666666666667
2026-07-19 16:51:00,26.666666666666668,69.96666666666667
2026-07-19 16:52:00,26.7,70.03333333333333
2026-07-19 16:53:00,26.633333333333336,70.10000000000001
2026-07-19 16:54:00,26.600000000000005,70.13333333333333
2026-07-19 16:55:00,26.600000000000005,70.2
2026-07-19 16:56:00,26.600000000000005,70.26666666666667
2026-07-19 16:57:00,26.600000000000005,70.3
2026-07-19 16:58:00,26.600000000000005,70.3
2026-07-19 16:59:00,26.566666666666666,70.4
2026-07-19 17:00:00,26.600000000000005,70.4
2026-07-19 17:01:00,26.600000000000005,70.4
2026-07-19 17:02:00,26.566666666666666,70.5
2026-07-19 17:03:00,26.53333333333333,70.63333333333333
2026-07-19 17:04:00,26.5,70.7
2026-07-19 17:05:00,26.46666666666667,70.73333333333333
2026-07-19 17:06:00,26.433333333333334,70.8
2026-07-19 17:07:00,26.399999999999995,70.89999999999999
2026-07-19 17:08:00,26.399999999999995,70.96666666666667
2026-07-19 17:09:00,26.399999999999995,71.0
2026-07-19 17:10:00,26.399999999999995,71.06666666666666
2026-07-19 17:11:00,26.366666666666664,71.1
2026-07-19 17:12:00,26.3,71.16666666666667
2026-07-19 17:13:00,26.3,71.23333333333333
2026-07-19 17:14:00,26.3,71.26666666666667
2026-07-19 17:15:00,26.3,71.36666666666667
2026-07-19 17:16:00,26.3,71.2
2026-07-19 17:17:00,26.3,71.23333333333333
2026-07-19 17:18:00,26.3,71.3
2026-07-19 17:19:00,26.3,71.3
2026-07-19 17:20:00,26.3,71.33333333333333
2026-07-19 17:21:00,26.3,71.46666666666667
2026-07-19 17:22:00,26.3,71.56666666666666
2026-07-19 17:23:00,26.3,71.56666666666666
2026-07-19 17:24:00,26.2,71.63333333333333
2026-07-19 17:25:00,26.233333333333334,71.7
2026-07-19 17:26:00,26.2,71.8
2026-07-19 17:27:00,26.2,71.89999999999999
2026-07-19 17:28:00,26.2,72.0
2026-07-19 17:29:00,26.2,72.06666666666666
2026-07-19 17:30:00,26.2,72.13333333333333
2026-07-19 17:31:00,26.2,72.23333333333333
2026-07-19 17:32:00,26.166666666666668,72.3
2026-07-19 17:33:00,26.100000000000005,72.46666666666667
2026-07-19 17:34:00,26.100000000000005,72.53333333333333
2026-07-19 17:35:00,26.100000000000005,72.6
2026-07-19 17:36:00,26.100000000000005,72.63333333333333
2026-07-19 17:37:00,26.100000000000005,72.7
2026-07-19 17:38:00,26.100000000000005,72.76666666666667
2026-07-19 17:39:00,26.100000000000005,72.8
2026-07-19 17:40:00,26.100000000000005,72.9
2026-07-19 17:41:00,26.03333333333333,73.03333333333333
2026-07-19 17:42:00,26.066666666666666,73.06666666666666
2026-07-19 17:43:00,26.03333333333333,73.16666666666667
2026-07-19 17:44:00,26.0,73.26666666666667
2026-07-19 17:45:00,26.0,73.33333333333333
2026-07-19 17:46:00,26.0,73.4
2026-07-19 17:47:00,26.0,73.36666666666667
2026-07-19 17:48:00,26.0,73.4
2026-07-19 17:49:00,26.0,73.33333333333333
2026-07-19 17:50:00,26.0,73.4
2026-07-19 17:51:00,26.0,73.43333333333334
2026-07-19 17:52:00,26.0,73.53333333333333
2026-07-19 17:53:00,25.899999999999995,73.66666666666667
2026-07-19 17:54:00,25.933333333333334,73.8
2026-07-19 17:55:00,25.899999999999995,73.9
2026-07-19 17:56:00,25.899999999999995,73.9
2026-07-19 17:57:00,25.899999999999995,74.0
2026-07-19 17:58:00,25.899999999999995,74.06666666666666
2026-07-19 17:59:00,25.866666666666664,74.13333333333333
2026-07-19 18:00:00,25.8,74.3
2026-07-19 18:01:00,25.833333333333332,74.3
2026-07-19 18:02:00,25.833333333333332,74.43333333333334
2026-07-19 18:03:00,25.8,74.43333333333334
2026-07-19 18:04:00,25.8,74.46666666666667
2026-07-19 18:05:00,25.8,74.53333333333333
2026-07-19 18:06:00,25.8,74.53333333333333
2026-07-19 18:07:00,25.8,74.6
2026-07-19 18:08:00,25.8,74.7
2026-07-19 18:09:00,25.8,74.7
2026-07-19 18:10:00,25.7,74.76666666666667
2026-07-19 18:11:00,25.7,74.93333333333334
2026-07-19 18:12:00,25.7,74.93333333333334
2026-07-19 18:13:00,25.7,74.86666666666667
2026-07-19 18:14:00,25.7,74.86666666666667
2026-07-19 18:15:00,25.7,74.93333333333334
2026-07-19 18:16:00,25.7,75.0
2026-07-19 18:17:00,25.7,75.03333333333333
2026-07-19 18:18:00,25.7,75.03333333333333
2026-07-19 18:19:00,25.7,75.03333333333333
2026-07-19 18:20:00,25.733333333333334,75.1
2026-07-19 18:21:00,25.766666666666666,75.06666666666666
2026-07-19 18:22:00,25.766666666666666,75.16666666666667
2026-07-19 18:23:00,25.766666666666666,75.2
2026-07-19 18:24:00,25.8,75.16666666666667
2026-07-19 18:25:00,25.8,75.16666666666667
2026-07-19 18:26:00,25.8,75.33333333333333
2026-07-19 18:27:00,25.8,75.43333333333334
2026-07-19 18:28:00,25.8,75.4
2026-07-19 18:29:00,25.733333333333334,75.46666666666667
2026-07-19 18:30:00,25.7,75.5
2026-07-19 18:31:00,25.766666666666666,75.43333333333334
2026-07-19 18:32:00,25.8,75.33333333333333
2026-07-19 18:33:00,25.8,75.36666666666667
2026-07-19 18:34:00,25.8,75.26666666666667
2026-07-19 18:35:00,25.8,75.13333333333333
2026-07-19 18:36:00,25.7,75.26666666666667
2026-07-19 18:37:00,25.600000000000005,75.56666666666666
2026-07-19 18:38:00,25.566666666666666,75.93333333333334
2026-07-19 18:39:00,25.5,76.16666666666667
2026-07-19 18:40:00,25.5,76.36666666666667
2026-07-19 18:41:00,25.5,76.3
2026-07-19 18:42:00,25.46666666666667,76.33333333333333
2026-07-19 18:43:00,25.399999999999995,76.6
2026-07-19 18:44:00,25.399999999999995,76.6
2026-07-19 18:45:00,25.399999999999995,76.56666666666666
2026-07-19 18:46:00,25.399999999999995,76.56666666666666
2026-07-19 18:47:00,25.399999999999995,76.55
2026-07-19 18:48:00,25.399999999999995,76.6
2026-07-19 18:49:00,25.399999999999995,76.66666666666667
2026-07-19 18:50:00,25.366666666666664,76.76666666666667
2026-07-19 18:51:00,25.3,76.83333333333333
2026-07-19 18:52:00,25.3,76.96666666666667
2026-07-19 18:53:00,25.3,76.96666666666667
2026-07-19 18:54:00,25.2,77.1
2026-07-19 18:55:00,25.266666666666666,77.06666666666666
2026-07-19 18:56:00,25.233333333333334,77.06666666666666
2026-07-19 18:57:00,25.3,77.0
2026-07-19 18:58:00,25.266666666666666,76.93333333333334
2026-07-19 18:59:00,25.266666666666666,77.03333333333333
2026-07-19 19:00:00,25.2,76.9
2026-07-19 19:01:00,25.2,76.86666666666667
2026-07-19 19:02:00,25.2,76.9
2026-07-19 19:03:00,25.2,76.83333333333333
2026-07-19 19:04:00,25.2,76.66666666666667
2026-07-19 19:05:00,25.2,76.63333333333333
2026-07-19 19:06:00,25.2,76.6
2026-07-19 19:07:00,25.2,76.6
2026-07-19 19:08:00,25.266666666666666,76.56666666666666
2026-07-19 19:09:00,25.233333333333334,76.53333333333333
2026-07-19 19:10:00,25.2,76.39999999999999
2026-07-19 19:11:00,25.233333333333334,76.46666666666667
2026-07-19 19:12:00,25.3,76.36666666666667
2026-07-19 19:13:00,25.3,76.3
2026-07-19 19:14:00,25.333333333333332,76.26666666666667
2026-07-19 19:15:00,25.46666666666667,76.06666666666666
2026-07-19 19:16:00,25.566666666666666,75.8
2026-07-19 19:17:00,25.600000000000005,75.63333333333333
2026-07-19 19:18:00,25.600000000000005,75.46666666666667
2026-07-19 19:19:00,25.600000000000005,75.46666666666667
2026-07-19 19:20:00,25.600000000000005,75.3
2026-07-19 19:21:00,25.600000000000005,75.23333333333333
2026-07-19 19:22:00,25.53333333333333,75.16666666666667
2026-07-19 19:23:00,25.5,75.26666666666667
2026-07-19 19:24:00,25.5,75.43333333333334
2026-07-19 19:25:00,25.433333333333334,75.73333333333333
2026-07-19 19:26:00,25.366666666666664,76.10000000000001
2026-07-19 19:27:00,25.3,76.39999999999999
2026-07-19 19:28:00,25.2,76.60000000000001
2026-07-19 19:29:00,25.2,76.89999999999999
2026-07-19 19:30:00,25.233333333333334,77.0
2026-07-19 19:31:00,25.3,76.83333333333333
2026-07-19 19:32:00,25.366666666666664,76.46666666666667
2026-07-19 19:33:00,25.399999999999995,76.46666666666667
2026-07-19 19:34:00,25.399999999999995,76.43333333333334
2026-07-19 19:35:00,25.433333333333334,76.36666666666667
2026-07-19 19:36:00,25.5,76.43333333333334
2026-07-19 19:37:00,25.5,76.63333333333333
2026-07-19 19:38:00,25.5,76.73333333333333
2026-07-19 19:39:00,25.5,76.96666666666667
2026-07-19 19:40:00,25.46666666666667,77.16666666666667
2026-07-19 19:41:00,25.399999999999995,77.3
2026-07-19 19:42:00,25.399999999999995,77.4
2026-07-19 19:43:00,25.5,77.46666666666667
2026-07-19 19:44:00,25.5,77.43333333333334
2026-07-19 19:45:00,25.5,77.56666666666666
2026-07-19 19:46:00,25.5,77.73333333333333
2026-07-19 19:47:00,25.5,77.8
2026-07-19 19:48:00,25.5,77.7
2026-07-19 19:49:00,25.5,77.89999999999999
2026-07-19 19:50:00,25.4,77.95
2026-07-19 19:51:00,25.5,77.8
2026-07-19 19:52:00,25.46666666666667,77.86666666666667
2026-07-19 19:53:00,25.433333333333334,78.2
2026-07-19 19:54:00,25.399999999999995,78.23333333333333
2026-07-19 19:55:00,25.399999999999995,78.33333333333333
2026-07-19 19:56:00,25.399999999999995,78.66666666666667
2026-07-19 19:57:00,25.366666666666664,78.76666666666667
2026-07-19 19:58:00,25.3,79.0
2026-07-19 19:59:00,25.2,79.16666666666667
2026-07-19 20:00:00,25.2,79.39999999999999
2026-07-19 20:01:00,25.2,79.46666666666667
2026-07-19 20:02:00,25.2,79.6
2026-07-19 20:03:00,25.2,79.7
2026-07-19 20:04:00,25.266666666666666,79.6
2026-07-19 20:05:00,25.366666666666664,79.23333333333333
2026-07-19 20:06:00,25.399999999999995,78.83333333333333
2026-07-19 20:07:00,25.46666666666667,78.7
2026-07-19 20:08:00,25.5,78.43333333333334
2026-07-19 20:09:00,25.600000000000005,78.3
2026-07-19 20:10:00,25.633333333333336,78.1
2026-07-19 20:11:00,25.633333333333336,78.03333333333333
2026-07-19 20:12:00,25.633333333333336,78.03333333333333
2026-07-19 20:13:00,25.600000000000005,78.1
2026-07-19 20:14:00,25.600000000000005,78.1
2026-07-19 20:15:00,25.600000000000005,78.06666666666666
2026-07-19 20:16:00,25.600000000000005,78.06666666666666
2026-07-19 20:17:00,25.566666666666666,78.13333333333333
2026-07-19 20:18:00,25.5,78.33333333333333
2026-07-19 20:19:00,25.5,78.53333333333333
2026-07-19 20:20:00,25.5,78.56666666666666
2026-07-19 20:21:00,25.5,78.53333333333333
2026-07-19 20:22:00,25.5,78.36666666666667
2026-07-19 20:23:00,25.5,78.4
2026-07-19 20:24:00,25.5,78.3
2026-07-19 20:25:00,25.5,78.33333333333333
2026-07-19 20:26:00,25.46666666666667,78.3
2026-07-19 20:27:00,25.399999999999995,78.5
2026-07-19 20:28:00,25.399999999999995,78.8
2026-07-19 20:29:00,25.399999999999995,78.73333333333333
2026-07-19 20:30:00,25.399999999999995,78.66666666666667
2026-07-19 20:31:00,25.399999999999995,78.7
2026-07-19 20:32:00,25.399999999999995,78.6
2026-07-19 20:33:00,25.366666666666664,78.66666666666667
2026-07-19 20:34:00,25.3,78.73333333333333
2026-07-19 20:35:00,25.3,78.83333333333333
2026-07-19 20:36:00,25.233333333333334,78.96666666666667
2026-07-19 20:37:00,25.2,79.1
2026-07-19 20:38:00,25.2,79.13333333333333
2026-07-19 20:39:00,25.2,79.23333333333333
2026-07-19 20:40:00,25.266666666666666,79.13333333333333
2026-07-19 20:41:00,25.266666666666666,79.06666666666666
2026-07-19 20:42:00,25.3,79.0
2026-07-19 20:43:00,25.3,78.93333333333334
2026-07-19 20:44:00,25.3,79.0
2026-07-19 20:45:00,25.3,79.0
2026-07-19 20:46:00,25.3,79.0
2026-07-19 20:47:00,25.3,79.03333333333333
2026-07-19 20:48:00,25.3,79.1
2026-07-19 20:49:00,25.3,79.03333333333333
2026-07-19 20:50:00,25.3,79.0
2026-07-19 20:51:00,25.3,78.96666666666667
2026-07-19 20:52:00,25.3,78.86666666666667
2026-07-19 20:53:00,25.3,78.86666666666667
2026-07-19 20:54:00,25.266666666666666,78.9
2026-07-19 20:55:00,25.266666666666666,78.86666666666667
2026-07-19 20:56:00,25.233333333333334,78.8
2026-07-19 20:57:00,25.2,78.83333333333333
2026-07-19 20:58:00,25.2,78.9
2026-07-19 20:59:00,25.2,79.0
2026-07-19 21:00:00,25.2,78.93333333333334
2026-07-19 21:01:00,25.2,78.96666666666667
2026-07-19 21:02:00,25.166666666666668,79.16666666666667
2026-07-19 21:03:00,25.2,79.06666666666666
2026-07-19 21:04:00,25.2,79.06666666666666
2026-07-19 21:05:00,25.2,79.03333333333333
2026-07-19 21:06:00,25.2,78.96666666666667
2026-07-19 21:07:00,25.166666666666668,79.0
2026-07-19 21:08:00,25.100000000000005,79.03333333333333
2026-07-19 21:09:00,25.100000000000005,79.16666666666667
2026-07-19 21:10:00,25.100000000000005,79.0
2026-07-19 21:11:00,25.100000000000005,79.1
2026-07-19 21:12:00,25.100000000000005,79.06666666666666
2026-07-19 21:13:00,25.03333333333333,79.06666666666666
2026-07-19 21:14:00,25.0,79.13333333333333
2026-07-19 21:15:00,25.0,79.2
2026-07-19 21:16:00,25.0,79.3
2026-07-19 21:17:00,25.0,79.33333333333333
2026-07-19 21:18:00,25.0,79.3
2026-07-19 21:19:00,24.96666666666667,79.3
2026-07-19 21:20:00,24.899999999999995,79.43333333333334
2026-07-19 21:21:00,24.899999999999995,79.60000000000001
2026-07-19 21:22:00,24.899999999999995,79.66666666666667
2026-07-19 21:23:00,24.899999999999995,79.56666666666666
2026-07-19 21:24:00,24.933333333333334,79.43333333333334
2026-07-19 21:25:00,24.96666666666667,79.26666666666667
2026-07-19 21:26:00,24.96666666666667,79.23333333333333
2026-07-19 21:27:00,25.0,79.2
2026-07-19 21:28:00,24.933333333333334,79.1
2026-07-19 21:29:00,25.0,78.93333333333334
2026-07-19 21:30:00,24.96666666666667,78.8
2026-07-19 21:31:00,24.933333333333334,78.7
2026-07-19 21:32:00,24.899999999999995,78.6
2026-07-19 21:33:00,24.899999999999995,78.53333333333333
2026-07-19 21:34:00,24.899999999999995,78.43333333333334
2026-07-19 21:35:00,24.899999999999995,78.23333333333333
2026-07-19 21:36:00,24.899999999999995,77.96666666666667
2026-07-19 21:37:00,24.899999999999995,77.8
2026-07-19 21:38:00,24.899999999999995,77.5
2026-07-19 21:39:00,24.899999999999995,77.39999999999999
2026-07-19 21:40:00,24.899999999999995,77.26666666666667
2026-07-19 21:41:00,24.866666666666664,77.13333333333333
2026-07-19 21:42:00,24.899999999999995,77.03333333333333
2026-07-19 21:43:00,24.866666666666664,76.9
2026-07-19 21:44:00,24.866666666666664,76.93333333333334
2026-07-19 21:45:00,24.833333333333332,76.93333333333334
2026-07-19 21:46:00,24.8,76.8
2026-07-19 21:47:00,24.8,76.63333333333333
2026-07-19 21:48:00,24.8,76.53333333333333
2026-07-19 21:49:00,24.8,76.4
2026-07-19 21:50:00,24.8,76.2
2026-07-19 21:51:00,24.8,76.06666666666666
2026-07-19 21:52:00,24.8,76.06666666666666
2026-07-19 21:53:00,24.8,76.06666666666666
2026-07-19 21:54:00,24.8,76.03333333333333
2026-07-19 21:55:00,24.8,76.03333333333333
2026-07-19 21:56:00,24.8,75.93333333333334
2026-07-19 21:57:00,24.7,76.03333333333333
2026-07-19 21:58:00,24.7,76.03333333333333
2026-07-19 21:59:00,24.7,76.16666666666667
2026-07-19 22:00:00,24.600000000000005,76.0
2026-07-19 22:01:00,24.600000000000005,76.2
2026-07-19 22:02:00,24.600000000000005,76.10000000000001
2026-07-19 22:03:00,24.633333333333336,75.93333333333334
2026-07-19 22:04:00,24.666666666666668,75.83333333333333
2026-07-19 22:05:00,24.666666666666668,75.8
2026-07-19 22:06:00,24.7,75.73333333333333
2026-07-19 22:07:00,24.7,75.63333333333333
2026-07-19 22:08:00,24.7,75.56666666666666
2026-07-19 22:09:00,24.7,75.43333333333334
2026-07-19 22:10:00,24.7,75.33333333333333
2026-07-19 22:11:00,24.7,75.2
2026-07-19 22:12:00,24.7,75.10000000000001
2026-07-19 22:13:00,24.7,75.06666666666666
2026-07-19 22:14:00,24.7,75.23333333333333
2026-07-19 22:15:00,24.7,75.13333333333333
2026-07-19 22:16:00,24.666666666666668,75.3
2026-07-19 22:17:00,24.633333333333336,75.13333333333333
2026-07-19 22:18:00,24.5,75.3
2026-07-19 22:19:00,24.5,75.53333333333333
2026-07-19 22:20:00,24.566666666666666,75.6
2026-07-19 22:21:00,24.600000000000005,75.60000000000001
2026-07-19 22:22:00,24.600000000000005,75.46666666666667
2026-07-19 22:23:00,24.7,75.5
2026-07-19 22:24:00,24.7,75.4
2026-07-19 22:25:00,24.7,75.36666666666667
2026-07-19 22:26:00,24.7,75.5
2026-07-19 22:27:00,24.7,75.7
2026-07-19 22:28:00,24.7,75.63333333333333
2026-07-19 22:29:00,24.733333333333334,75.6
2026-07-19 22:30:00,24.766666666666666,75.6
2026-07-19 22:31:00,24.8,75.53333333333333
2026-07-19 22:32:00,24.8,75.53333333333333
2026-07-19 22:33:00,24.8,75.6
2026-07-19 22:34:00,24.8,75.63333333333333
2026-07-19 22:35:00,24.8,75.6
2026-07-19 22:36:00,24.8,75.56666666666666
2026-07-19 22:37:00,24.8,75.53333333333333
2026-07-19 22:38:00,24.8,75.6
2026-07-19 22:39:00,24.8,75.7
2026-07-19 22:40:00,24.8,75.73333333333333
2026-07-19 22:41:00,24.8,75.76666666666667
2026-07-19 22:42:00,24.7,75.76666666666667
2026-07-19 22:43:00,24.7,75.89999999999999
2026-07-19 22:44:00,24.7,76.06666666666666
2026-07-19 22:45:00,24.666666666666668,76.06666666666666
2026-07-19 22:46:00,24.600000000000005,76.16666666666667
2026-07-19 22:47:00,24.600000000000005,76.23333333333333
2026-07-19 22:48:00,24.600000000000005,76.26666666666667
2026-07-19 22:49:00,24.600000000000005,76.16666666666667
2026-07-19 22:50:00,24.53333333333333,76.26666666666667
2026-07-19 22:51:00,24.5,76.63333333333333
2026-07-19 22:52:00,24.399999999999995,77.0
2026-07-19 22:53:00,24.399999999999995,77.23333333333333
2026-07-19 22:54:00,24.3,77.56666666666666
2026-07-19 22:55:00,24.3,77.76666666666667
2026-07-19 22:56:00,24.3,78.03333333333333
2026-07-19 22:57:00,24.333333333333332,78.0
2026-07-19 22:58:00,24.399999999999995,77.86666666666667
2026-07-19 22:59:00,24.433333333333334,77.76666666666667
2026-07-19 23:00:00,24.46666666666667,77.76666666666667
2026-07-19 23:01:00,24.5,77.63333333333333
2026-07-19 23:02:00,24.5,77.5
2026-07-19 23:03:00,24.433333333333334,77.43333333333334
2026-07-19 23:04:00,24.399999999999995,77.6
2026-07-19 23:05:00,24.399999999999995,77.43333333333334
2026-07-19 23:06:00,24.433333333333334,77.56666666666666
2026-07-19 23:07:00,24.53333333333333,77.43333333333334
2026-07-19 23:08:00,24.600000000000005,77.13333333333333
2026-07-19 23:09:00,24.666666666666668,76.89999999999999
2026-07-19 23:10:00,24.7,76.66666666666667
2026-07-19 23:11:00,24.7,76.56666666666666
2026-07-19 23:12:00,24.633333333333336,76.43333333333334
2026-07-19 23:13:00,24.600000000000005,76.6
2026-07-19 23:14:00,24.600000000000005,76.6
2026-07-19 23:15:00,24.600000000000005,76.56666666666666
2026-07-19 23:16:00,24.600000000000005,76.5
2026-07-19 23:17:00,24.5,76.53333333333333
2026-07-19 23:18:00,24.5,76.76666666666667
2026-07-19 23:19:00,24.5,76.76666666666667
2026-07-19 23:20:00,24.53333333333333,76.76666666666667
2026-07-19 23:21:00,24.600000000000005,76.53333333333333
2026-07-19 23:22:00,24.566666666666666,76.3
2026-07-19 23:23:00,24.399999999999995,76.5
2026-07-19 23:24:00,24.433333333333334,76.8
2026-07-19 23:25:00,24.46666666666667,76.8
2026-07-19 23:26:00,24.5,76.56666666666666
2026-07-19 23:27:00,24.5,76.5
2026-07-19 23:28:00,24.46666666666667,76.5
2026-07-19 23:29:00,24.3,76.8
2026-07-19 23:30:00,24.2,77.26666666666667
2026-07-19 23:31:00,24.2,77.46666666666667
2026-07-19 23:32:00,24.266666666666666,77.3
2026-07-19 23:33:00,24.266666666666666,77.43333333333334
2026-07-19 23:34:00,24.366666666666664,77.33333333333333
2026-07-19 23:35:00,24.399999999999995,77.23333333333333
2026-07-19 23:36:00,24.46666666666667,77.1
2026-07-19 23:37:00,24.5,77.06666666666666
2026-07-19 23:38:00,24.433333333333334,77.1
2026-07-19 23:39:00,24.5,77.16666666666667
2026-07-19 23:40:00,24.46666666666667,77.23333333333333
2026-07-19 23:41:00,24.366666666666664,77.39999999999999
2026-07-19 23:42:00,24.399999999999995,77.63333333333333
2026-07-19 23:43:00,24.399999999999995,77.66666666666667
2026-07-19 23:44:00,24.399999999999995,77.73333333333333
2026-07-19 23:45:00,24.46666666666667,77.7
2026-07-19 23:46:00,24.5,77.6
2026-07-19 23:47:00,24.433333333333334,77.60000000000001
2026-07-19 23:48:00,24.366666666666664,77.8
2026-07-19 23:49:00,24.366666666666664,77.93333333333334
2026-07-19 23:50:00,24.4,77.85
2026-07-19 23:51:00,24.35,77.8
2026-07-19 23:52:00,24.3,77.93333333333334
2026-07-19 23:53:00,24.3,78.1
2026-07-19 23:54:00,24.3,78.1
2026-07-19 23:55:00,24.3,78.2
2026-07-19 23:56:00,24.366666666666664,78.10000000000001
2026-07-19 23:57:00,24.399999999999995,77.83333333333333
2026-07-19 23:58:00,24.366666666666664,78.2
2026-07-19 23:59:00,24.3,78.5
2026-07-20 00:00:00,24.3,78.5
2026-07-20 00:01:00,24.3,78.53333333333333
2026-07-20 00:02:00,24.3,78.5
2026-07-20 00:03:00,24.333333333333332,78.53333333333333
2026-07-20 00:04:00,24.133333333333336,78.8
2026-07-20 00:05:00,24.100000000000005,79.05
2026-07-20 00:06:00,24.15,79.06666666666666
2026-07-20 00:07:00,24.133333333333336,79.03333333333333
2026-07-20 00:08:00,24.100000000000005,79.16666666666667
2026-07-20 00:09:00,24.100000000000005,79.23333333333333
2026-07-20 00:10:00,24.166666666666668,79.13333333333333
2026-07-20 00:11:00,24.2,79.06666666666666
2026-07-20 00:12:00,24.2,79.0
2026-07-20 00:13:00,24.100000000000005,79.0
2026-07-20 00:14:00,24.2,79.03333333333333
2026-07-20 00:15:00,24.2,79.0
2026-07-20 00:16:00,24.2,79.0
2026-07-20 00:17:00,24.2,78.93333333333334
2026-07-20 00:18:00,24.2,78.83333333333333
2026-07-20 00:19:00,24.2,78.86666666666667
2026-07-20 00:20:00,24.2,78.86666666666667
2026-07-20 00:21:00,24.133333333333336,78.96666666666667
2026-07-20 00:22:00,24.100000000000005,79.13333333333333
2026-07-20 00:23:00,24.166666666666668,79.06666666666666
2026-07-20 00:24:00,24.2,78.96666666666667
2026-07-20 00:25:00,24.233333333333334,79.03333333333333
2026-07-20 00:26:00,24.233333333333334,79.2
2026-07-20 00:27:00,24.3,79.0
2026-07-20 00:28:00,24.3,78.86666666666667
2026-07-20 00:29:00,24.2,79.10000000000001
2026-07-20 00:30:00,24.2,79.53333333333333
2026-07-20 00:31:00,24.266666666666666,79.6
2026-07-20 00:32:00,24.3,79.39999999999999
2026-07-20 00:33:00,24.3,79.43333333333334
2026-07-20 00:34:00,24.3,79.73333333333333
2026-07-20 00:35:00,24.399999999999995,79.63333333333334
2026-07-20 00:36:00,24.399999999999995,79.5
2026-07-20 00:37:00,24.399999999999995,79.43333333333334
2026-07-20 00:38:00,24.433333333333334,79.5
2026-07-20 00:39:00,24.46666666666667,79.63333333333333
2026-07-20 00:40:00,24.399999999999995,79.5
2026-07-20 00:41:00,24.5,79.46666666666667
2026-07-20 00:42:00,24.46666666666667,79.60000000000001
2026-07-20 00:43:00,24.433333333333334,79.8
2026-07-20 00:44:00,24.5,79.83333333333333
2026-07-20 00:45:00,24.433333333333334,80.0
2026-07-20 00:46:00,24.3,80.39999999999999
2026-07-20 00:47:00,24.2,80.7
2026-07-20 00:48:00,24.3,80.7
2026-07-20 00:49:00,24.233333333333334,80.93333333333334
2026-07-20 00:50:00,24.133333333333336,81.26666666666667
2026-07-20 00:51:00,24.100000000000005,81.56666666666666
2026-07-20 00:52:00,24.133333333333336,81.5
2026-07-20 00:53:00,24.2,81.33333333333333
2026-07-20 00:54:00,24.166666666666668,81.36666666666667
2026-07-20 00:55:00,24.133333333333336,81.36666666666667
2026-07-20 00:56:00,24.2,81.10000000000001
2026-07-20 00:57:00,24.3,81.0
2026-07-20 00:58:00,24.366666666666664,81.0
2026-07-20 00:59:00,24.399999999999995,80.7
2026-07-20 01:00:00,24.5,80.36666666666666
2026-07-20 01:01:00,24.433333333333334,80.5
2026-07-20 01:02:00,24.366666666666664,80.66666666666667
2026-07-20 01:03:00,24.333333333333332,80.7
2026-07-20 01:04:00,24.399999999999995,80.66666666666667
2026-07-20 01:05:00,24.399999999999995,80.73333333333333
2026-07-20 01:06:00,24.46666666666667,80.63333333333333
2026-07-20 01:07:00,24.5,80.43333333333334
2026-07-20 01:08:00,24.46666666666667,80.43333333333334
2026-07-20 01:09:00,24.5,80.46666666666667
2026-07-20 01:10:00,24.433333333333334,80.63333333333334
2026-07-20 01:11:00,24.399999999999995,80.66666666666667
2026-07-20 01:12:00,24.399999999999995,80.6
2026-07-20 01:13:00,24.399999999999995,80.7
2026-07-20 01:14:00,24.399999999999995,80.63333333333333
2026-07-20 01:15:00,24.399999999999995,80.6
2026-07-20 01:16:00,24.333333333333332,80.7
2026-07-20 01:17:00,24.2,81.0
2026-07-20 01:18:00,24.100000000000005,81.36666666666667
2026-07-20 01:19:00,24.133333333333336,81.36666666666667
2026-07-20 01:20:00,24.2,81.26666666666667
2026-07-20 01:21:00,24.233333333333334,81.16666666666667
2026-07-20 01:22:00,24.3,80.93333333333334
2026-07-20 01:23:00,24.3,80.76666666666667
2026-07-20 01:24:00,24.3,80.7
2026-07-20 01:25:00,24.366666666666664,80.53333333333333
2026-07-20 01:26:00,24.3,80.6
2026-07-20 01:27:00,24.3,80.76666666666667
2026-07-20 01:28:00,24.3,80.7
2026-07-20 01:29:00,24.3,80.63333333333333
2026-07-20 01:30:00,24.333333333333332,80.6
2026-07-20 01:31:00,24.366666666666664,80.53333333333333
2026-07-20 01:32:00,24.266666666666666,80.73333333333333
2026-07-20 01:33:00,24.2,80.86666666666667
2026-07-20 01:34:00,24.2,80.9
2026-07-20 01:35:00,24.266666666666666,80.86666666666667
2026-07-20 01:36:00,24.266666666666666,80.9
2026-07-20 01:37:00,24.2,80.86666666666667
2026-07-20 01:38:00,24.3,80.83333333333333
2026-07-20 01:39:00,24.3,80.66666666666667
2026-07-20 01:40:00,24.3,80.66666666666667
2026-07-20 01:41:00,24.3,80.7
2026-07-20 01:42:00,24.266666666666666,80.73333333333333
2026-07-20 01:43:00,24.2,80.83333333333333
2026-07-20 01:44:00,24.2,80.86666666666667
2026-07-20 01:45:00,24.2,80.8
2026-07-20 01:46:00,24.166666666666668,80.93333333333334
2026-07-20 01:47:00,24.100000000000005,81.06666666666666
2026-07-20 01:48:00,24.066666666666666,81.2
2026-07-20 01:49:00,24.100000000000005,81.13333333333333
2026-07-20 01:50:00,24.2,81.23333333333333
2026-07-20 01:51:00,24.2,81.13333333333333
2026-07-20 01:52:00,24.266666666666666,80.93333333333334
2026-07-20 01:53:00,24.266666666666666,80.86666666666667
2026-07-20 01:54:00,24.3,80.66666666666667
2026-07-20 01:55:00,24.3,80.7
2026-07-20 01:56:00,24.3,80.66666666666667
2026-07-20 01:57:00,24.3,80.7
2026-07-20 01:58:00,24.3,80.63333333333333
2026-07-20 01:59:00,24.3,80.66666666666667
2026-07-20 02:00:00,24.3,80.7
2026-07-20 02:01:00,24.3,80.6
2026-07-20 02:02:00,24.333333333333332,80.56666666666666
2026-07-20 02:03:00,24.399999999999995,80.36666666666667
2026-07-20 02:04:00,24.399999999999995,80.4
2026-07-20 02:05:00,24.333333333333332,80.43333333333334
2026-07-20 02:06:00,24.3,80.56666666666666
2026-07-20 02:07:00,24.233333333333334,80.66666666666667
2026-07-20 02:08:00,24.166666666666668,80.89999999999999
2026-07-20 02:09:00,24.100000000000005,81.03333333333333
2026-07-20 02:10:00,24.100000000000005,81.03333333333333
2026-07-20 02:11:00,24.2,80.96666666666667
2026-07-20 02:12:00,24.2,80.9
2026-07-20 02:13:00,24.066666666666666,80.96666666666667
2026-07-20 02:14:00,23.933333333333334,81.36666666666667
2026-07-20 02:15:00,23.96666666666667,81.6
2026-07-20 02:16:00,23.96666666666667,81.5
2026-07-20 02:17:00,23.899999999999995,81.53333333333333
2026-07-20 02:18:00,23.933333333333334,81.6
2026-07-20 02:19:00,24.0,81.5
2026-07-20 02:20:00,24.0,81.4
2026-07-20 02:21:00,23.866666666666664,81.63333333333333
2026-07-20 02:22:00,23.8,81.86666666666667
2026-07-20 02:23:00,23.8,81.93333333333334
2026-07-20 02:24:00,23.733333333333334,82.03333333333333
2026-07-20 02:25:00,23.766666666666666,82.06666666666666
2026-07-20 02:26:00,23.866666666666664,81.8
2026-07-20 02:27:00,23.96666666666667,81.6
2026-07-20 02:28:00,24.0,81.39999999999999
2026-07-20 02:29:00,24.100000000000005,81.26666666666667
2026-07-20 02:30:00,24.133333333333336,81.13333333333333
2026-07-20 02:31:00,24.166666666666668,81.1
2026-07-20 02:32:00,24.2,80.93333333333334
2026-07-20 02:33:00,24.2,80.76666666666667
2026-07-20 02:34:00,24.2,80.5
2026-07-20 02:35:00,24.2,80.4
2026-07-20 02:36:00,24.2,80.4
2026-07-20 02:37:00,24.2,80.4
2026-07-20 02:38:00,24.2,80.3
2026-07-20 02:39:00,24.2,80.33333333333333
2026-07-20 02:40:00,24.2,80.3
2026-07-20 02:41:00,24.2,80.23333333333333
2026-07-20 02:42:00,24.2,80.2
2026-07-20 02:43:00,24.2,80.23333333333333
2026-07-20 02:44:00,24.2,80.33333333333333
2026-07-20 02:45:00,24.2,80.4
2026-07-20 02:46:00,24.2,80.26666666666667
2026-07-20 02:47:00,24.2,80.3
2026-07-20 02:48:00,24.2,80.36666666666667
2026-07-20 02:49:00,24.2,80.36666666666667
2026-07-20 02:50:00,24.2,80.4
2026-07-20 02:51:00,24.2,80.4
2026-07-20 02:52:00,24.2,80.26666666666667
2026-07-20 02:53:00,24.2,80.3
2026-07-20 02:54:00,24.2,80.4
2026-07-20 02:55:00,24.133333333333336,80.36666666666667
2026-07-20 02:56:00,24.100000000000005,80.5
2026-07-20 02:57:00,24.066666666666666,80.53333333333333
2026-07-20 02:58:00,24.0,80.66666666666667
2026-07-20 02:59:00,24.0,80.63333333333333
2026-07-20 03:00:00,24.0,80.23333333333333
2026-07-20 03:01:00,24.0,80.3
2026-07-20 03:02:00,24.0,79.96666666666667
2026-07-20 03:03:00,24.0,79.96666666666667
2026-07-20 03:04:00,24.0,79.76666666666667
2026-07-20 03:05:00,24.0,79.8
2026-07-20 03:06:00,24.03333333333333,79.76666666666667
2026-07-20 03:07:00,24.0,79.8
2026-07-20 03:08:00,24.0,79.83333333333333
2026-07-20 03:09:00,24.0,79.86666666666667
2026-07-20 03:10:00,23.96666666666667,80.03333333333333
2026-07-20 03:11:00,23.899999999999995,80.2
2026-07-20 03:12:00,23.899999999999995,80.36666666666667
2026-07-20 03:13:00,23.899999999999995,80.33333333333333
2026-07-20 03:14:00,23.96666666666667,80.33333333333333
2026-07-20 03:15:00,24.0,80.16666666666667
2026-07-20 03:16:00,24.0,79.89999999999999
2026-07-20 03:17:00,24.0,79.66666666666667
2026-07-20 03:18:00,24.0,79.56666666666666
2026-07-20 03:19:00,24.0,79.56666666666666
2026-07-20 03:20:00,24.0,79.43333333333334
2026-07-20 03:21:00,24.0,79.4
2026-07-20 03:22:00,24.0,79.16666666666667
2026-07-20 03:23:00,24.0,79.1
2026-07-20 03:24:00,24.0,79.03333333333333
2026-07-20 03:25:00,24.0,79.0
2026-07-20 03:26:00,23.96666666666667,78.60000000000001
2026-07-20 03:27:00,23.866666666666664,78.56666666666666
2026-07-20 03:28:00,23.899999999999995,79.13333333333333
2026-07-20 03:29:00,23.899999999999995,79.06666666666666
2026-07-20 03:30:00,23.8,78.53333333333333
2026-07-20 03:31:00,23.8,78.23333333333333
2026-07-20 03:32:00,23.7,78.36666666666666
2026-07-20 03:33:00,23.7,78.39999999999999
2026-07-20 03:34:00,23.7,78.16666666666667
2026-07-20 03:35:00,23.7,78.43333333333334
2026-07-20 03:36:00,23.7,77.93333333333334
2026-07-20 03:37:00,23.7,77.53333333333335
2026-07-20 03:38:00,23.7,77.36666666666667
2026-07-20 03:39:00,23.7,77.33333333333333
2026-07-20 03:40:00,23.766666666666666,77.03333333333333
2026-07-20 03:41:00,23.8,76.86666666666667
2026-07-20 03:42:00,23.833333333333332,76.7
2026-07-20 03:43:00,23.899999999999995,76.46666666666667
2026-07-20 03:44:00,23.899999999999995,76.10000000000001
2026-07-20 03:45:00,23.899999999999995,75.93333333333334
2026-07-20 03:46:00,23.933333333333334,75.76666666666667
2026-07-20 03:47:00,23.899999999999995,75.33333333333333
2026-07-20 03:48:00,23.899999999999995,75.13333333333333
2026-07-20 03:49:00,23.899999999999995,74.96666666666667
2026-07-20 03:50:00,23.9,74.85
2026-07-20 03:51:00,23.9,74.85
2026-07-20 03:52:00,23.899999999999995,74.73333333333333
2026-07-20 03:53:00,23.866666666666664,74.60000000000001
2026-07-20 03:54:00,23.8,74.63333333333334
2026-07-20 03:55:00,23.8,74.83333333333333
2026-07-20 03:56:00,23.766666666666666,74.63333333333333
2026-07-20 03:57:00,23.7,74.56666666666666
2026-07-20 03:58:00,23.7,74.8
2026-07-20 03:59:00,23.7,74.6
2026-07-20 04:00:00,23.766666666666666,74.5
2026-07-20 04:01:00,23.7,74.63333333333333
2026-07-20 04:02:00,23.733333333333334,74.73333333333333
2026-07-20 04:03:00,23.8,74.33333333333333
2026-07-20 04:04:00,23.7,74.39999999999999
2026-07-20 04:05:00,23.7,74.39999999999999
2026-07-20 04:06:00,23.600000000000005,74.4
2026-07-20 04:07:00,23.600000000000005,74.46666666666667
2026-07-20 04:08:00,23.566666666666666,74.60000000000001
2026-07-20 04:09:00,23.600000000000005,74.63333333333333
2026-07-20 04:10:00,23.600000000000005,74.46666666666667
2026-07-20 04:11:00,23.600000000000005,74.26666666666667
2026-07-20 04:12:00,23.600000000000005,74.39999999999999
2026-07-20 04:13:00,23.600000000000005,74.3
2026-07-20 04:14:00,23.600000000000005,74.39999999999999
2026-07-20 04:15:00,23.600000000000005,74.53333333333333
2026-07-20 04:16:00,23.600000000000005,74.63333333333333
2026-07-20 04:17:00,23.600000000000005,74.60000000000001
2026-07-20 04:18:00,23.600000000000005,74.43333333333334
2026-07-20 04:19:00,23.600000000000005,74.23333333333333
2026-07-20 04:20:00,23.600000000000005,73.89999999999999
2026-07-20 04:21:00,23.666666666666668,73.83333333333333
2026-07-20 04:22:00,23.7,73.83333333333333
2026-07-20 04:23:00,23.7,73.93333333333334
2026-07-20 04:24:00,23.7,73.96666666666667
2026-07-20 04:25:00,23.7,74.2
2026-07-20 04:26:00,23.7,74.39999999999999
2026-07-20 04:27:00,23.7,74.63333333333333
2026-07-20 04:28:00,23.7,75.06666666666666
2026-07-20 04:29:00,23.7,75.46666666666667
2026-07-20 04:30:00,23.7,75.7
2026-07-20 04:31:00,23.633333333333336,76.03333333333333
2026-07-20 04:32:00,23.633333333333336,76.33333333333333
2026-07-20 04:33:00,23.600000000000005,76.46666666666667
2026-07-20 04:34:00,23.600000000000005,76.6
2026-07-20 04:35:00,23.600000000000005,76.66666666666667
2026-07-20 04:36:00,23.666666666666668,76.63333333333333
2026-07-20 04:37:00,23.633333333333336,76.63333333333333
2026-07-20 04:38:00,23.600000000000005,76.76666666666667
2026-07-20 04:39:00,23.600000000000005,76.8
2026-07-20 04:40:00,23.600000000000005,76.8
2026-07-20 04:41:00,23.7,76.73333333333333
2026-07-20 04:42:00,23.666666666666668,76.73333333333333
2026-07-20 04:43:00,23.600000000000005,76.9
2026-07-20 04:44:00,23.600000000000005,76.93333333333334
2026-07-20 04:45:00,23.566666666666666,77.10000000000001
2026-07-20 04:46:00,23.5,77.26666666666667
2026-07-20 04:47:00,23.5,77.46666666666667
2026-07-20 04:48:00,23.5,77.53333333333333
2026-07-20 04:49:00,23.5,77.76666666666667
2026-07-20 04:50:00,23.5,77.9
2026-07-20 04:51:00,23.5,78.13333333333333
2026-07-20 04:52:00,23.5,78.33333333333333
2026-07-20 04:53:00,23.5,78.4
2026-07-20 04:54:00,23.5,78.4
2026-07-20 04:55:00,23.566666666666666,78.4
2026-07-20 04:56:00,23.600000000000005,78.36666666666667
2026-07-20 04:57:00,23.600000000000005,78.33333333333333
2026-07-20 04:58:00,23.566666666666666,78.46666666666667
2026-07-20 04:59:00,23.5,78.60000000000001
2026-07-20 05:00:00,23.566666666666666,78.66666666666667
2026-07-20 05:01:00,23.566666666666666,78.63333333333333
2026-07-20 05:02:00,23.600000000000005,78.63333333333333
2026-07-20 05:03:00,23.600000000000005,78.53333333333333
2026-07-20 05:04:00,23.600000000000005,78.53333333333333
2026-07-20 05:05:00,23.600000000000005,78.73333333333333
2026-07-20 05:06:00,23.566666666666666,78.93333333333334
2026-07-20 05:07:00,23.600000000000005,79.1
2026-07-20 05:08:00,23.600000000000005,79.1
2026-07-20 05:09:00,23.53333333333333,79.3
2026-07-20 05:10:00,23.5,79.5
2026-07-20 05:11:00,23.5,79.63333333333333
2026-07-20 05:12:00,23.5,79.83333333333333
2026-07-20 05:13:00,23.5,80.0
2026-07-20 05:14:00,23.5,80.0
2026-07-20 05:15:00,23.5,80.0
2026-07-20 05:16:00,23.5,80.1
2026-07-20 05:17:00,23.53333333333333,80.13333333333333
2026-07-20 05:18:00,23.600000000000005,80.06666666666666
2026-07-20 05:19:00,23.600000000000005,80.0
2026-07-20 05:20:00,23.600000000000005,80.0
2026-07-20 05:21:00,23.600000000000005,79.96666666666667
2026-07-20 05:22:00,23.566666666666666,79.93333333333334
2026-07-20 05:23:00,23.53333333333333,80.03333333333333
2026-07-20 05:24:00,23.5,80.1
2026-07-20 05:25:00,23.5,80.03333333333333
2026-07-20 05:26:00,23.5,80.06666666666666
2026-07-20 05:27:00,23.5,80.03333333333333
2026-07-20 05:28:00,23.53333333333333,79.86666666666667
2026-07-20 05:29:00,23.53333333333333,79.7
2026-07-20 05:30:00,23.5,79.76666666666667
2026-07-20 05:31:00,23.5,80.0
2026-07-20 05:32:00,23.5,80.13333333333333
2026-07-20 05:33:00,23.566666666666666,79.86666666666667
2026-07-20 05:34:00,23.5,79.66666666666667
2026-07-20 05:35:00,23.399999999999995,79.76666666666667
2026-07-20 05:36:00,23.399999999999995,79.96666666666667
2026-07-20 05:37:00,23.46666666666667,80.0
2026-07-20 05:38:00,23.399999999999995,79.93333333333334
2026-07-20 05:39:00,23.399999999999995,80.03333333333333
2026-07-20 05:40:00,23.399999999999995,80.0
2026-07-20 05:41:00,23.399999999999995,80.0
2026-07-20 05:42:00,23.399999999999995,80.0
2026-07-20 05:43:00,23.366666666666664,79.93333333333334
2026-07-20 05:44:00,23.399999999999995,79.89999999999999
2026-07-20 05:45:00,23.3,79.7
2026-07-20 05:46:00,23.366666666666664,79.66666666666667
2026-07-20 05:47:00,23.399999999999995,79.3
2026-07-20 05:48:00,23.366666666666664,78.46666666666667
2026-07-20 05:49:00,23.099999999999998,77.3
2026-07-20 05:50:00,22.85,77.44999999999999
2026-07-20 05:51:00,22.6,77.6
2026-07-20 05:52:00,22.433333333333334,77.86666666666667
2026-07-20 05:53:00,22.35,77.95
2026-07-20 05:54:00,22.3,77.9
2026-07-20 05:55:00,22.2,77.86666666666667
2026-07-20 05:56:00,22.2,77.6
2026-07-20 05:57:00,22.133333333333336,77.39999999999999
2026-07-20 05:58:00,22.2,77.10000000000001
2026-07-20 05:59:00,22.166666666666668,77.0
2026-07-20 06:00:00,22.166666666666668,76.76666666666667
2026-07-20 06:01:00,22.2,76.6
2026-07-20 06:02:00,22.2,76.33333333333333
2026-07-20 06:03:00,22.3,76.23333333333333
2026-07-20 06:04:00,22.233333333333334,76.2
2026-07-20 06:05:00,22.233333333333334,76.1
2026-07-20 06:06:00,22.266666666666666,76.06666666666666
2026-07-20 06:07:00,22.3,76.06666666666666
2026-07-20 06:08:00,22.3,75.89999999999999
2026-07-20 06:09:00,22.3,75.8
2026-07-20 06:10:00,22.3,75.7
2026-07-20 06:11:00,22.3,75.46666666666667
2026-07-20 06:12:00,22.333333333333332,75.43333333333334
2026-07-20 06:13:00,22.46666666666667,75.43333333333334
2026-07-20 06:14:00,22.633333333333336,75.0
2026-07-20 06:15:00,22.733333333333334,74.73333333333333
2026-07-20 06:16:00,22.866666666666664,74.53333333333333
2026-07-20 06:17:00,22.96666666666667,74.3
2026-07-20 06:18:00,23.0,74.03333333333333
2026-07-20 06:19:00,23.100000000000005,73.86666666666666
2026-07-20 06:20:00,23.100000000000005,73.73333333333333
2026-07-20 06:21:00,23.2,73.7
2026-07-20 06:22:00,23.2,73.53333333333333
2026-07-20 06:23:00,23.2,73.5
2026-07-20 06:24:00,23.233333333333334,73.5
2026-07-20 06:25:00,23.3,73.36666666666667
2026-07-20 06:26:00,23.3,73.3
2026-07-20 06:27:00,23.3,73.2
2026-07-20 06:28:00,23.3,73.2
2026-07-20 06:29:00,23.3,73.2
2026-07-20 06:30:00,23.333333333333332,73.16666666666667
2026-07-20 06:31:00,23.399999999999995,73.13333333333333
2026-07-20 06:32:00,23.333333333333332,73.06666666666666
2026-07-20 06:33:00,23.3,73.2
2026-07-20 06:34:00,23.399999999999995,73.23333333333333
2026-07-20 06:35:00,23.399999999999995,73.2
2026-07-20 06:36:00,23.399999999999995,73.16666666666667
2026-07-20 06:37:00,23.399999999999995,73.2
2026-07-20 06:38:00,23.399999999999995,73.13333333333333
2026-07-20 06:39:00,23.399999999999995,73.23333333333333
2026-07-20 06:40:00,23.433333333333334,73.2
2026-07-20 06:41:00,23.5,73.16666666666667
2026-07-20 06:42:00,23.5,73.16666666666667
2026-07-20 06:43:00,23.5,73.2
2026-07-20 06:44:00,23.5,73.26666666666667
2026-07-20 06:45:00,23.5,73.3
2026-07-20 06:46:00,23.5,73.3
2026-07-20 06:47:00,23.5,73.3
2026-07-20 06:48:00,23.53333333333333,73.36666666666667
2026-07-20 06:49:00,23.53333333333333,73.33333333333333
2026-07-20 06:50:00,23.5,73.3
2026-07-20 06:51:00,23.600000000000005,73.33333333333333
2026-07-20 06:52:00,23.600000000000005,73.33333333333333
2026-07-20 06:53:00,23.600000000000005,73.23333333333333
2026-07-20 06:54:00,23.600000000000005,73.2
2026-07-20 06:55:00,23.600000000000005,73.2
2026-07-20 06:56:00,23.600000000000005,73.16666666666667
2026-07-20 06:57:00,23.600000000000005,73.10000000000001
2026-07-20 06:58:00,23.600000000000005,73.03333333333333
2026-07-20 06:59:00,23.600000000000005,72.83333333333333
2026-07-20 07:00:00,23.5,72.83333333333333
2026-07-20 07:01:00,23.5,72.93333333333334
2026-07-20 07:02:00,23.5,72.96666666666667
2026-07-20 07:03:00,23.433333333333334,73.0
2026-07-20 07:04:00,23.399999999999995,73.10000000000001
2026-07-20 07:05:00,23.433333333333334,73.16666666666667
2026-07-20 07:06:00,23.433333333333334,73.2
2026-07-20 07:07:00,23.46666666666667,73.26666666666667
2026-07-20 07:08:00,23.5,73.33333333333333
2026-07-20 07:09:00,23.5,73.36666666666667
2026-07-20 07:10:00,23.5,73.26666666666667
2026-07-20 07:11:00,23.46666666666667,73.3
2026-07-20 07:12:00,23.46666666666667,73.36666666666667
2026-07-20 07:13:00,23.5,73.46666666666665
2026-07-20 07:14:00,23.5,73.53333333333333
2026-07-20 07:15:00,23.600000000000005,73.6
2026-07-20 07:16:00,23.600000000000005,73.63333333333333
2026-07-20 07:17:00,23.600000000000005,73.73333333333333
2026-07-20 07:18:00,23.7,73.7
2026-07-20 07:19:00,23.666666666666668,73.66666666666667
2026-07-20 07:20:00,23.7,73.43333333333334
2026-07-20 07:21:00,23.7,73.3
2026-07-20 07:22:00,23.733333333333334,73.13333333333333
2026-07-20 07:23:00,23.733333333333334,73.1
2026-07-20 07:24:00,23.8,73.26666666666667
2026-07-20 07:25:00,23.8,73.3
2026-07-20 07:26:00,23.8,73.23333333333333
2026-07-20 07:27:00,23.899999999999995,73.16666666666667
2026-07-20 07:28:00,23.899999999999995,73.13333333333333
2026-07-20 07:29:00,23.899999999999995,73.23333333333333
2026-07-20 07:30:00,23.933333333333334,73.33333333333333
2026-07-20 07:31:00,23.96666666666667,73.3
2026-07-20 07:32:00,24.0,73.23333333333333
2026-07-20 07:33:00,24.0,73.06666666666666
2026-07-20 07:34:00,24.0,72.8
2026-07-20 07:35:00,24.066666666666666,72.66666666666667
2026-07-20 07:36:00,24.066666666666666,72.46666666666667
2026-07-20 07:37:00,24.100000000000005,72.53333333333333
2026-07-20 07:38:00,24.100000000000005,72.5
2026-07-20 07:39:00,24.100000000000005,72.33333333333333
2026-07-20 07:40:00,24.100000000000005,72.13333333333333
2026-07-20 07:41:00,24.100000000000005,72.26666666666667
2026-07-20 07:42:00,24.100000000000005,72.39999999999999
2026-07-20 07:43:00,24.166666666666668,72.83333333333333
2026-07-20 07:44:00,24.233333333333334,73.46666666666667
2026-07-20 07:45:00,24.3,72.83333333333333
2026-07-20 07:46:00,24.233333333333334,72.86666666666667
2026-07-20 07:47:00,24.2,72.73333333333333
2026-07-20 07:48:00,24.2,72.73333333333333
2026-07-20 07:49:00,24.2,72.73333333333333
2026-07-20 07:50:00,24.266666666666666,72.66666666666667
2026-07-20 07:51:00,24.3,72.6
2026-07-20 07:52:00,24.3,72.46666666666667
2026-07-20 07:53:00,24.333333333333332,72.36666666666667
2026-07-20 07:54:00,24.399999999999995,72.10000000000001
2026-07-20 07:55:00,24.399999999999995,71.9
2026-07-20 07:56:00,24.399999999999995,71.96666666666667
2026-07-20 07:57:00,24.399999999999995,71.93333333333334
2026-07-20 07:58:00,24.5,71.55000000000001
2026-07-20 07:59:00,24.5,71.56666666666666
2026-07-20 08:00:00,24.600000000000005,71.2
2026-07-20 08:01:00,24.600000000000005,71.0
2026-07-20 08:02:00,24.600000000000005,70.96666666666667
2026-07-20 08:03:00,24.600000000000005,70.86666666666667
2026-07-20 08:04:00,24.600000000000005,70.6
2026-07-20 08:05:00,24.600000000000005,70.39999999999999
2026-07-20 08:06:00,24.666666666666668,70.03333333333335
2026-07-20 08:07:00,24.7,69.76666666666667
2026-07-20 08:08:00,24.7,69.56666666666666
2026-07-20 08:09:00,24.7,69.46666666666667
2026-07-20 08:10:00,24.7,69.5
2026-07-20 08:11:00,24.7,69.36666666666667
2026-07-20 08:12:00,24.7,69.46666666666667
2026-07-20 08:13:00,24.8,69.33333333333333
2026-07-20 08:14:00,24.8,69.26666666666667
2026-07-20 08:15:00,24.8,69.26666666666667
2026-07-20 08:16:00,24.899999999999995,69.13333333333333
2026-07-20 08:17:00,24.899999999999995,69.06666666666666
2026-07-20 08:18:00,24.866666666666664,69.23333333333333
2026-07-20 08:19:00,24.899999999999995,69.33333333333333
2026-07-20 08:20:00,24.899999999999995,69.33333333333333
2026-07-20 08:21:00,24.899999999999995,69.10000000000001
2026-07-20 08:22:00,24.899999999999995,68.96666666666667
2026-07-20 08:23:00,24.833333333333332,68.76666666666667
2026-07-20 08:24:00,24.8,68.73333333333333
2026-07-20 08:25:00,24.833333333333332,68.9
2026-07-20 08:26:00,24.899999999999995,68.93333333333334
2026-07-20 08:27:00,24.899999999999995,68.96666666666665
2026-07-20 08:28:00,24.899999999999995,68.56666666666666
2026-07-20 08:29:00,24.866666666666664,68.5
2026-07-20 08:30:00,24.833333333333332,68.73333333333333
2026-07-20 08:31:00,24.866666666666664,68.86666666666667
2026-07-20 08:32:00,24.899999999999995,69.03333333333333
2026-07-20 08:33:00,24.899999999999995,69.2
2026-07-20 08:34:00,25.0,69.26666666666667
2026-07-20 08:35:00,25.066666666666666,69.2
2026-07-20 08:36:00,25.100000000000005,69.0
2026-07-20 08:37:00,25.133333333333336,69.03333333333333
2026-07-20 08:38:00,25.2,69.13333333333333
2026-07-20 08:39:00,25.233333333333334,69.10000000000001
2026-07-20 08:40:00,25.233333333333334,68.86666666666667
2026-07-20 08:41:00,25.266666666666666,68.7
2026-07-20 08:42:00,25.3,68.66666666666667
2026-07-20 08:43:00,25.399999999999995,68.43333333333334
2026-07-20 08:44:00,25.399999999999995,68.46666666666667
2026-07-20 08:45:00,25.366666666666664,68.5
2026-07-20 08:46:00,25.233333333333334,68.46666666666667
2026-07-20 08:47:00,25.2,68.76666666666667
2026-07-20 08:48:00,25.2,68.9
2026-07-20 08:49:00,25.2,68.93333333333334
2026-07-20 08:50:00,25.2,68.93333333333334
2026-07-20 08:51:00,25.166666666666668,69.06666666666666
2026-07-20 08:52:00,25.100000000000005,69.2
2026-07-20 08:53:00,25.166666666666668,69.43333333333334
2026-07-20 08:54:00,25.166666666666668,69.5
2026-07-20 08:55:00,25.2,69.26666666666667
2026-07-20 08:56:00,25.233333333333334,69.10000000000001
2026-07-20 08:57:00,25.3,68.89999999999999
2026-07-20 08:58:00,25.399999999999995,68.66666666666667
2026-07-20 08:59:00,25.399999999999995,68.5
2026-07-20 09:00:00,25.399999999999995,68.5
2026-07-20 09:01:00,25.399999999999995,68.43333333333334
2026-07-20 09:02:00,25.333333333333332,68.5
2026-07-20 09:03:00,25.3,68.60000000000001
2026-07-20 09:04:00,25.3,68.76666666666667
2026-07-20 09:05:00,25.3,68.6
2026-07-20 09:06:00,25.3,68.66666666666667
2026-07-20 09:07:00,25.3,68.8
2026-07-20 09:08:00,25.3,68.83333333333333
2026-07-20 09:09:00,25.3,68.83333333333333
2026-07-20 09:10:00,25.3,69.0
2026-07-20 09:11:00,25.3,68.96666666666667
2026-07-20 09:12:00,25.3,69.03333333333333
2026-07-20 09:13:00,25.3,68.93333333333334
2026-07-20 09:14:00,25.366666666666664,68.8
2026-07-20 09:15:00,25.399999999999995,68.66666666666667
2026-07-20 09:16:00,25.399999999999995,68.56666666666666
2026-07-20 09:17:00,25.3,68.4
2026-07-20 09:18:00,25.233333333333334,68.33333333333333
2026-07-20 09:19:00,25.2,68.46666666666667
2026-07-20 09:20:00,25.266666666666666,68.5
2026-07-20 09:21:00,25.366666666666664,68.3
2026-07-20 09:22:00,25.46666666666667,68.13333333333333
2026-07-20 09:23:00,25.46666666666667,67.83333333333333
2026-07-20 09:24:00,25.399999999999995,67.73333333333333
2026-07-20 09:25:00,25.399999999999995,68.03333333333333
2026-07-20 09:26:00,25.5,68.2
2026-07-20 09:27:00,25.5,68.26666666666667
2026-07-20 09:28:00,25.5,67.73333333333333
2026-07-20 09:29:00,25.46666666666667,67.63333333333333
2026-07-20 09:30:00,25.433333333333334,67.76666666666667
2026-07-20 09:31:00,25.5,67.36666666666666
2026-07-20 09:32:00,25.5,67.13333333333333
2026-07-20 09:33:00,25.5,66.96666666666667
2026-07-20 09:34:00,25.5,66.89999999999999
2026-07-20 09:35:00,25.600000000000005,66.66666666666667
2026-07-20 09:36:00,25.600000000000005,66.53333333333333
2026-07-20 09:37:00,25.566666666666666,66.39999999999999
2026-07-20 09:38:00,25.600000000000005,66.10000000000001
2026-07-20 09:39:00,25.600000000000005,66.10000000000001
2026-07-20 09:40:00,25.7,66.03333333333333
2026-07-20 09:41:00,25.633333333333336,66.0
2026-07-20 09:42:00,25.600000000000005,65.76666666666667
2026-07-20 09:43:00,25.600000000000005,65.7
2026-07-20 09:44:00,25.600000000000005,65.56666666666666
2026-07-20 09:45:00,25.600000000000005,65.63333333333333
2026-07-20 09:46:00,25.600000000000005,65.83333333333333
2026-07-20 09:47:00,25.7,65.63333333333333
2026-07-20 09:48:00,25.733333333333334,65.83333333333333
2026-07-20 09:49:00,25.8,65.8
2026-07-20 09:50:00,25.8,65.8
2026-07-20 09:51:00,25.866666666666664,65.26666666666667
2026-07-20 09:52:00,25.899999999999995,64.96666666666667
2026-07-20 09:53:00,25.899999999999995,65.03333333333333
2026-07-20 09:54:00,25.899999999999995,65.0
2026-07-20 09:55:00,25.8,65.16666666666667
2026-07-20 09:56:00,25.766666666666666,65.10000000000001
2026-07-20 09:57:00,25.7,64.7
2026-07-20 09:58:00,25.7,64.46666666666667
2026-07-20 09:59:00,25.7,64.60000000000001
2026-07-20 10:00:00,25.7,64.39999999999999
2026-07-20 10:01:00,25.7,64.66666666666667
2026-07-20 10:02:00,25.733333333333334,64.73333333333333
2026-07-20 10:03:00,25.8,64.73333333333333
2026-07-20 10:04:00,25.866666666666664,64.5
2026-07-20 10:05:00,25.933333333333334,64.23333333333333
2026-07-20 10:06:00,26.066666666666666,63.6
2026-07-20 10:07:00,26.100000000000005,63.53333333333333
2026-07-20 10:08:00,26.100000000000005,63.56666666666666
2026-07-20 10:09:00,26.166666666666668,63.63333333333333
2026-07-20 10:10:00,26.233333333333334,63.166666666666664
2026-07-20 10:11:00,26.233333333333334,62.9
2026-07-20 10:12:00,26.2,62.93333333333334
2026-07-20 10:13:00,26.166666666666668,62.96666666666667
2026-07-20 10:14:00,26.100000000000005,62.833333333333336
2026-07-20 10:15:00,26.100000000000005,62.73333333333333
2026-07-20 10:16:00,26.100000000000005,62.666666666666664
2026-07-20 10:17:00,26.166666666666668,62.70000000000001
2026-07-20 10:18:00,26.266666666666666,62.23333333333333
2026-07-20 10:19:00,26.3,62.20000000000001
2026-07-20 10:20:00,26.3,62.36666666666667
2026-07-20 10:21:00,26.3,62.43333333333334
2026-07-20 10:22:00,26.3,62.53333333333333
2026-07-20 10:23:00,26.433333333333334,62.63333333333333
2026-07-20 10:24:00,26.5,62.300000000000004
2026-07-20 10:25:00,26.5,62.26666666666667
2026-07-20 10:26:00,26.566666666666666,62.06666666666666
2026-07-20 10:27:00,26.600000000000005,61.666666666666664
2026-07-20 10:28:00,26.53333333333333,61.6
2026-07-20 10:29:00,26.53333333333333,61.56666666666666
2026-07-20 10:30:00,26.6,61.150000000000006
2026-07-20 10:31:00,26.6,60.275
2026-07-20 10:32:00,26.666666666666668,59.6
2026-07-20 10:33:00,26.600000000000005,59.5
2026-07-20 10:34:00,26.600000000000005,59.53333333333333
2026-07-20 10:35:00,26.600000000000005,59.86666666666667
2026-07-20 10:36:00,26.600000000000005,60.13333333333333
2026-07-20 10:37:00,26.566666666666666,60.26666666666667
2026-07-20 10:38:00,26.46666666666667,60.699999999999996
2026-07-20 10:39:00,26.399999999999995,61.06666666666666
2026-07-20 10:40:00,26.399999999999995,61.333333333333336
2026-07-20 10:41:00,26.399999999999995,61.5
2026-07-20 10:42:00,26.399999999999995,61.43333333333334
2026-07-20 10:43:00,26.399999999999995,61.4
2026-07-20 10:44:00,26.53333333333333,61.0
2026-07-20 10:45:00,26.600000000000005,60.53333333333333
2026-07-20 10:46:00,26.600000000000005,60.06666666666666
2026-07-20 10:47:00,26.600000000000005,59.86666666666667
2026-07-20 10:48:00,26.633333333333336,59.4
2026-07-20 10:49:00,26.7,59.20000000000001
2026-07-20 10:50:00,26.766666666666666,59.26666666666667
2026-07-20 10:51:00,26.866666666666664,59.199999999999996
2026-07-20 10:52:00,26.899999999999995,59.1
2026-07-20 10:53:00,26.899999999999995,59.13333333333333
2026-07-20 10:54:00,26.899999999999995,59.26666666666667
2026-07-20 10:55:00,26.933333333333334,58.6
2026-07-20 10:56:00,26.899999999999995,58.4
2026-07-20 10:57:00,26.899999999999995,58.63333333333333
2026-07-20 10:58:00,26.899999999999995,59.0
2026-07-20 10:59:00,26.899999999999995,58.63333333333333
2026-07-20 11:00:00,26.96666666666667,57.63333333333333
2026-07-20 11:01:00,26.96666666666667,57.666666666666664
2026-07-20 11:02:00,26.899999999999995,57.800000000000004
2026-07-20 11:03:00,26.899999999999995,57.800000000000004
2026-07-20 11:04:00,26.899999999999995,58.13333333333333
2026-07-20 11:05:00,26.8,58.4
2026-07-20 11:06:00,26.8,58.56666666666666
2026-07-20 11:07:00,26.899999999999995,58.333333333333336
2026-07-20 11:08:00,26.96666666666667,58.300000000000004
2026-07-20 11:09:00,26.899999999999995,58.29999999999999
2026-07-20 11:10:00,26.866666666666664,58.6
2026-07-20 11:11:00,26.766666666666666,59.166666666666664
2026-07-20 11:12:00,26.8,59.36666666666667
2026-07-20 11:13:00,26.766666666666666,59.46666666666667
2026-07-20 11:14:00,26.833333333333332,59.6
2026-07-20 11:15:00,26.96666666666667,59.46666666666667
2026-07-20 11:16:00,26.96666666666667,58.93333333333334
2026-07-20 11:17:00,26.899999999999995,59.0
2026-07-20 11:18:00,26.899999999999995,59.666666666666664
2026-07-20 11:19:00,26.96666666666667,59.9
2026-07-20 11:20:00,27.0,59.63333333333333
2026-07-20 11:21:00,27.100000000000005,59.5
2026-07-20 11:22:00,27.100000000000005,59.4
2026-07-20 11:23:00,27.166666666666668,58.800000000000004
2026-07-20 11:24:00,27.233333333333334,58.53333333333333
2026-07-20 11:25:00,27.366666666666664,58.166666666666664
2026-07-20 11:26:00,27.399999999999995,57.833333333333336
2026-07-20 11:27:00,27.3,57.53333333333333
2026-07-20 11:28:00,27.3,57.73333333333333
2026-07-20 11:29:00,27.3,57.833333333333336
2026-07-20 11:30:00,27.3,58.0
2026-07-20 11:31:00,27.225,57.975
2026-07-20 11:32:00,27.2,58.20000000000001
2026-07-20 11:33:00,27.2,58.23333333333333
2026-07-20 11:34:00,27.2,58.13333333333333
2026-07-20 11:35:00,27.100000000000005,58.03333333333333
2026-07-20 11:36:00,27.066666666666666,57.96666666666667
2026-07-20 11:37:00,27.0,57.93333333333334
2026-07-20 11:38:00,27.03333333333333,57.9
2026-07-20 11:39:00,27.100000000000005,57.800000000000004
2026-07-20 11:40:00,27.2,57.7
2026-07-20 11:41:00,27.2,57.7
2026-07-20 11:42:00,27.166666666666668,57.73333333333333
2026-07-20 11:43:00,27.100000000000005,58.06666666666666
2026-07-20 11:44:00,27.233333333333334,58.6
2026-07-20 11:45:00,27.266666666666666,58.833333333333336
2026-07-20 11:46:00,27.3,58.9
2026-07-20 11:47:00,27.266666666666666,59.0
2026-07-20 11:48:00,27.233333333333334,59.0
2026-07-20 11:49:00,27.333333333333332,58.93333333333334
2026-07-20 11:50:00,27.3,58.73333333333333
2026-07-20 11:51:00,27.3,58.6
2026-07-20 11:52:00,27.2,58.800000000000004
2026-07-20 11:53:00,27.3,58.86666666666667
2026-07-20 11:54:00,27.399999999999995,58.56666666666666
2026-07-20 11:55:00,27.333333333333332,58.46666666666667
2026-07-20 11:56:00,27.3,58.26666666666667
2026-07-20 11:57:00,27.3,58.1
2026-07-20 11:58:00,27.399999999999995,58.166666666666664
2026-07-20 11:59:00,27.333333333333332,58.03333333333333
2026-07-20 12:00:00,27.3,58.166666666666664
2026-07-20 12:01:00,27.3,57.79999999999999
2026-07-20 12:02:00,27.433333333333334,57.76666666666667
2026-07-20 12:03:00,27.5,58.06666666666666
2026-07-20 12:04:00,27.46666666666667,58.199999999999996
2026-07-20 12:05:00,27.399999999999995,58.13333333333333
2026-07-20 12:06:00,27.399999999999995,57.4
2026-07-20 12:07:00,27.3,56.5
2026-07-20 12:08:00,27.3,56.0
2026-07-20 12:09:00,27.399999999999995,56.13333333333333
2026-07-20 12:10:00,27.399999999999995,56.13333333333333
2026-07-20 12:11:00,27.46666666666667,56.46666666666667
2026-07-20 12:12:00,27.600000000000005,56.56666666666666
2026-07-20 12:13:00,27.666666666666668,56.56666666666666
2026-07-20 12:14:00,27.7,56.56666666666666
2026-07-20 12:15:00,27.7,56.1
2026-07-20 12:16:00,27.666666666666668,56.5
2026-07-20 12:17:00,27.600000000000005,57.03333333333333
2026-07-20 12:18:00,27.600000000000005,57.36666666666667
2026-07-20 12:19:00,27.5,57.800000000000004
2026-07-20 12:20:00,27.433333333333334,58.199999999999996
2026-07-20 12:21:00,27.399999999999995,58.6
2026-07-20 12:22:00,27.433333333333334,58.666666666666664
2026-07-20 12:23:00,27.5,57.666666666666664
2026-07-20 12:24:00,27.599999999999998,56.36666666666667
2026-07-20 12:25:00,27.766666666666666,55.4
2026-07-20 12:26:00,27.8,55.23333333333333
2026-07-20 12:27:00,27.7,55.800000000000004
2026-07-20 12:28:00,27.7,56.13333333333333
2026-07-20 12:29:00,27.7,56.833333333333336
2026-07-20 12:30:00,27.7,56.96666666666667
2026-07-20 12:31:00,27.7,57.300000000000004
2026-07-20 12:32:00,27.600000000000005,57.53333333333333
2026-07-20 12:33:00,27.53333333333333,57.76666666666667
2026-07-20 12:34:00,27.5,58.1
2026-07-20 12:35:00,27.5,58.03333333333333
2026-07-20 12:36:00,27.600000000000005,57.9
2026-07-20 12:37:00,27.600000000000005,57.9
2026-07-20 12:38:00,27.666666666666668,58.03333333333333
2026-07-20 12:39:00,27.7,58.1
2026-07-20 12:40:00,27.7,58.1
2026-07-20 12:41:00,27.7,58.333333333333336
2026-07-20 12:42:00,27.8,58.29999999999999
2026-07-20 12:43:00,27.8,58.1
2026-07-20 12:44:00,27.8,58.06666666666666
2026-07-20 12:45:00,27.7,57.93333333333334
2026-07-20 12:46:00,27.7,57.53333333333333
2026-07-20 12:47:00,27.7,57.166666666666664
2026-07-20 12:48:00,27.7,56.56666666666666
2026-07-20 12:49:00,27.7,56.26666666666667
2026-07-20 12:50:00,27.7,56.333333333333336
2026-07-20 12:51:00,27.7,56.63333333333333
2026-07-20 12:52:00,27.766666666666666,57.0
2026-07-20 12:53:00,27.899999999999995,57.199999999999996
2026-07-20 12:54:00,28.0,56.53333333333333
2026-07-20 12:55:00,28.0,56.03333333333333
2026-07-20 12:56:00,27.933333333333334,56.1
2026-07-20 12:57:00,27.833333333333332,56.26666666666667
2026-07-20 12:58:00,27.8,56.166666666666664
2026-07-20 12:59:00,27.8,55.699999999999996
2026-07-20 13:00:00,27.733333333333334,55.333333333333336
2026-07-20 13:01:00,27.7,55.06666666666666
2026-07-20 13:02:00,27.7,54.9
2026-07-20 13:03:00,27.666666666666668,54.76666666666667
2026-07-20 13:04:00,27.7,55.06666666666666
2026-07-20 13:05:00,27.8,54.9
2026-07-20 13:06:00,27.8,55.0
2026-07-20 13:07:00,27.866666666666664,55.166666666666664
2026-07-20 13:08:00,27.899999999999995,55.1
2026-07-20 13:09:00,27.899999999999995,55.20000000000001
2026-07-20 13:10:00,27.899999999999995,55.20000000000001
2026-07-20 13:11:00,27.899999999999995,55.1
2026-07-20 13:12:00,27.899999999999995,54.9
2026-07-20 13:13:00,27.833333333333332,55.1
2026-07-20 13:14:00,27.8,55.43333333333334
2026-07-20 13:15:00,27.866666666666664,55.73333333333333
2026-07-20 13:16:00,27.899999999999995,55.96666666666667
2026-07-20 13:17:00,27.96666666666667,56.13333333333333
2026-07-20 13:18:00,28.0,56.06666666666666
2026-07-20 13:19:00,27.899999999999995,55.93333333333334
2026-07-20 13:20:00,28.0,55.96666666666667
2026-07-20 13:21:00,28.100000000000005,55.53333333333333
2026-07-20 13:22:00,28.2,55.06666666666666
2026-07-20 13:23:00,28.266666666666666,54.699999999999996
2026-07-20 13:24:00,28.3,54.43333333333334
2026-07-20 13:25:00,28.399999999999995,54.36666666666667
2026-07-20 13:26:00,28.399999999999995,54.4
2026-07-20 13:27:00,28.399999999999995,54.46666666666667
2026-07-20 13:28:00,28.333333333333332,54.56666666666666
2026-07-20 13:29:00,28.266666666666666,54.76666666666667
2026-07-20 13:30:00,28.2,55.03333333333333
2026-07-20 13:31:00,28.2,55.46666666666667
2026-07-20 13:32:00,28.100000000000005,55.43333333333334
2026-07-20 13:33:00,28.03333333333333,55.53333333333333
2026-07-20 13:34:00,28.0,55.86666666666667
2026-07-20 13:35:00,28.0,55.9
2026-07-20 13:36:00,28.0,56.26666666666667
2026-07-20 13:37:00,28.166666666666668,56.56666666666666
2026-07-20 13:38:00,28.2,56.1
2026-07-20 13:39:00,28.166666666666668,56.0
2026-07-20 13:40:00,28.03333333333333,56.26666666666667
2026-07-20 13:41:00,28.0,56.96666666666667
2026-07-20 13:42:00,28.100000000000005,57.26666666666667
2026-07-20 13:43:00,28.03333333333333,57.13333333333333
2026-07-20 13:44:00,27.833333333333332,57.4
2026-07-20 13:45:00,27.7,57.76666666666667
2026-07-20 13:46:00,27.7,58.199999999999996
2026-07-20 13:47:00,27.7,58.5
2026-07-20 13:48:00,27.7,58.76666666666667
2026-07-20 13:49:00,27.7,58.79999999999999
2026-07-20 13:50:00,27.7,58.63333333333333
2026-07-20 13:51:00,27.7,58.9
2026-07-20 13:52:00,27.666666666666668,58.93333333333334
2026-07-20 13:53:00,27.666666666666668,59.166666666666664
2026-07-20 13:54:00,27.733333333333334,59.46666666666667
2026-07-20 13:55:00,27.8,59.23333333333333
2026-07-20 13:56:00,27.8,59.6
2026-07-20 13:57:00,27.8,59.73333333333333
2026-07-20 13:58:00,27.8,59.6
2026-07-20 13:59:00,27.766666666666666,59.5
2026-07-20 14:00:00,27.7,59.53333333333333
2026-07-20 14:01:00,27.7,59.333333333333336
2026-07-20 14:02:00,27.666666666666668,59.699999999999996
2026-07-20 14:03:00,27.7,59.93333333333334
2026-07-20 14:04:00,27.7,60.46666666666667
2026-07-20 14:05:00,27.866666666666664,61.199999999999996
2026-07-20 14:06:00,28.0,60.73333333333333
2026-07-20 14:07:00,28.0,60.70000000000001
2026-07-20 14:08:00,28.03333333333333,60.86666666666667
2026-07-20 14:09:00,28.100000000000005,60.699999999999996
2026-07-20 14:10:00,28.100000000000005,60.76666666666667
2026-07-20 14:11:00,28.100000000000005,60.5
2026-07-20 14:12:00,28.066666666666666,59.96666666666667
2026-07-20 14:13:00,28.0,59.9
2026-07-20 14:14:00,28.0,59.79999999999999
2026-07-20 14:15:00,27.899999999999995,59.73333333333333
2026-07-20 14:16:00,27.866666666666664,59.86666666666667
2026-07-20 14:17:00,27.8,59.93333333333334
2026-07-20 14:18:00,27.8,59.73333333333333
2026-07-20 14:19:00,27.8,59.833333333333336
2026-07-20 14:20:00,27.8,59.76666666666667
2026-07-20 14:21:00,27.8,59.73333333333333
2026-07-20 14:22:00,27.8,60.199999999999996
2026-07-20 14:23:00,27.8,60.1
2026-07-20 14:24:00,27.8,60.0
2026-07-20 14:25:00,27.8,60.0
2026-07-20 14:26:00,27.833333333333332,60.4
2026-07-20 14:27:00,27.899999999999995,60.199999999999996
2026-07-20 14:28:00,27.96666666666667,59.833333333333336
2026-07-20 14:29:00,28.0,59.25
2026-07-20 14:30:00,28.0,58.53333333333333
2026-07-20 14:31:00,27.899999999999995,58.0
2026-07-20 14:32:00,27.866666666666664,57.96666666666667
2026-07-20 14:33:00,27.8,57.93333333333334
2026-07-20 14:34:00,27.8,57.86666666666667
2026-07-20 14:35:00,27.866666666666664,57.56666666666666
2026-07-20 14:36:00,27.8,57.4
2026-07-20 14:37:00,27.766666666666666,57.333333333333336
2026-07-20 14:38:00,27.7,57.13333333333333
2026-07-20 14:39:00,27.7,57.03333333333333
2026-07-20 14:40:00,27.7,57.2
2026-07-20 14:41:00,27.766666666666666,57.9
2026-07-20 14:42:00,27.7,57.833333333333336
2026-07-20 14:43:00,27.7,57.86666666666667
2026-07-20 14:44:00,27.633333333333336,58.1
2026-07-20 14:45:00,27.600000000000005,58.36666666666667
2026-07-20 14:46:00,27.7,58.5
2026-07-20 14:47:00,27.7,58.833333333333336
2026-07-20 14:48:00,27.7,59.0
2026-07-20 14:49:00,27.899999999999995,59.0
2026-07-20 14:50:00,27.899999999999995,58.86666666666667
2026-07-20 14:51:00,27.899999999999995,58.86666666666667
2026-07-20 14:52:00,27.899999999999995,59.03333333333333
2026-07-20 14:53:00,27.899999999999995,59.06666666666666
2026-07-20 14:54:00,27.8,59.300000000000004
2026-07-20 14:55:00,27.8,59.56666666666666
2026-07-20 14:56:00,27.766666666666666,59.800000000000004
2026-07-20 14:57:00,27.7,59.79999999999999
2026-07-20 14:58:00,27.7,59.76666666666667
2026-07-20 14:59:00,27.7,59.79999999999999
2026-07-20 15:00:00,27.733333333333334,59.666666666666664
2026-07-20 15:01:00,27.8,59.36666666666667
2026-07-20 15:02:00,27.8,59.166666666666664
2026-07-20 15:03:00,27.8,59.1
2026-07-20 15:04:00,27.8,59.1
2026-07-20 15:05:00,27.8,58.93333333333334
2026-07-20 15:06:00,27.7,59.199999999999996
2026-07-20 15:07:00,27.7,59.4
2026-07-20 15:08:00,27.7,59.199999999999996
2026-07-20 15:09:00,27.7,58.9
2026-07-20 15:10:00,27.633333333333336,58.93333333333334
2026-07-20 15:11:00,27.600000000000005,59.166666666666664
2026-07-20 15:12:00,27.53333333333333,59.1
2026-07-20 15:13:00,27.5,59.166666666666664
2026-07-20 15:14:00,27.433333333333334,59.199999999999996
2026-07-20 15:15:00,27.399999999999995,59.13333333333333
2026-07-20 15:16:00,27.399999999999995,59.333333333333336
2026-07-20 15:17:00,27.399999999999995,59.5
2026-07-20 15:18:00,27.433333333333334,59.36666666666667
2026-07-20 15:19:00,27.5,59.20000000000001
2026-07-20 15:20:00,27.5,59.26666666666667
2026-07-20 15:21:00,27.5,59.300000000000004
2026-07-20 15:22:00,27.5,59.06666666666666
2026-07-20 15:23:00,27.5,58.96666666666667
2026-07-20 15:24:00,27.46666666666667,59.03333333333333
2026-07-20 15:25:00,27.399999999999995,59.13333333333333
2026-07-20 15:26:00,27.399999999999995,59.26666666666667
2026-07-20 15:27:00,27.399999999999995,59.43333333333334
2026-07-20 15:28:00,27.433333333333334,59.4
2026-07-20 15:29:00,27.433333333333334,59.333333333333336
2026-07-20 15:30:00,27.5,59.46666666666667
2026-07-20 15:31:00,27.5,59.46666666666667
2026-07-20 15:32:00,27.53333333333333,59.43333333333334
2026-07-20 15:33:00,27.600000000000005,59.26666666666667
2026-07-20 15:34:00,27.600000000000005,59.36666666666667
2026-07-20 15:35:00,27.566666666666666,59.300000000000004
2026-07-20 15:36:00,27.600000000000005,59.4
2026-07-20 15:37:00,27.5,59.5
2026-07-20 15:38:00,27.5,59.70000000000001
2026-07-20 15:39:00,27.5,59.70000000000001
2026-07-20 15:40:00,27.5,59.70000000000001
2026-07-20 15:41:00,27.5,59.833333333333336
2026-07-20 15:42:00,27.5,59.96666666666667
2026-07-20 15:43:00,27.5,60.0
2026-07-20 15:44:00,27.5,59.86666666666667
2026-07-20 15:45:00,27.5,59.833333333333336
2026-07-20 15:46:00,27.53333333333333,60.06666666666666
2026-07-20 15:47:00,27.600000000000005,59.96666666666667
2026-07-20 15:48:00,27.600000000000005,59.76666666666667
2026-07-20 15:49:00,27.600000000000005,59.6
2026-07-20 15:50:00,27.53333333333333,59.699999999999996
2026-07-20 15:51:00,27.5,60.0
2026-07-20 15:52:00,27.5,60.1
2026-07-20 15:53:00,27.5,60.1
2026-07-20 15:54:00,27.53333333333333,60.166666666666664
2026-07-20 15:55:00,27.5,60.20000000000001
2026-07-20 15:56:00,27.5,60.23333333333333
2026-07-20 15:57:00,27.46666666666667,60.20000000000001
2026-07-20 15:58:00,27.5,60.349999999999994
2026-07-20 15:59:00,27.5,60.53333333333333
2026-07-20 16:00:00,27.566666666666666,60.53333333333333
2026-07-20 16:01:00,27.600000000000005,60.53333333333333
2026-07-20 16:02:00,27.600000000000005,60.63333333333333
2026-07-20 16:03:00,27.600000000000005,60.6
2026-07-20 16:04:00,27.6,60.6
2026-07-20 18:20:00,26.4,66.45
2026-07-20 18:21:00,26.399999999999995,66.26666666666667
2026-07-20 18:22:00,26.399999999999995,66.03333333333335
2026-07-20 18:23:00,26.399999999999995,65.83333333333333
2026-07-20 18:24:00,26.399999999999995,65.76666666666667
2026-07-20 18:25:00,26.399999999999995,65.96666666666667
2026-07-20 18:26:00,26.399999999999995,66.0
2026-07-20 18:27:00,26.366666666666664,65.96666666666667
2026-07-20 18:28:00,26.3,66.03333333333333
2026-07-20 18:29:00,26.3,66.13333333333333
2026-07-20 18:30:00,26.3,66.5
2026-07-20 18:31:00,26.3,66.7
2026-07-20 18:32:00,26.3,66.53333333333335
2026-07-20 18:33:00,26.3,66.46666666666667
2026-07-20 18:34:00,26.3,66.56666666666666
2026-07-20 18:35:00,26.3,66.93333333333334
2026-07-20 18:36:00,26.3,66.66666666666667
2026-07-20 18:37:00,26.3,67.2
2026-07-20 18:38:00,26.233333333333334,67.16666666666667
2026-07-20 18:39:00,26.266666666666666,67.0
2026-07-20 18:40:00,26.3,67.16666666666667
2026-07-20 18:41:00,26.233333333333334,67.13333333333333
2026-07-20 18:42:00,26.266666666666666,67.10000000000001
2026-07-20 18:43:00,26.233333333333334,67.06666666666666
2026-07-20 18:44:00,26.266666666666666,67.03333333333333
2026-07-20 18:45:00,26.266666666666666,67.1
2026-07-20 18:46:00,26.266666666666666,67.0
2026-07-20 18:47:00,26.266666666666666,67.03333333333333
2026-07-20 18:48:00,26.2,67.2
2026-07-20 18:49:00,26.2,67.23333333333333
2026-07-20 18:50:00,26.2,67.16666666666667
2026-07-20 18:51:00,26.2,67.06666666666666
2026-07-20 18:52:00,26.2,67.0
2026-07-20 18:53:00,26.2,66.96666666666667
2026-07-20 18:54:00,26.2,66.9
2026-07-20 18:55:00,26.2,66.9
2026-07-20 18:56:00,26.2,66.9
2026-07-20 18:57:00,26.2,66.93333333333334
2026-07-20 18:58:00,26.2,66.96666666666667
2026-07-20 18:59:00,26.166666666666668,67.0
2026-07-20 19:00:00,26.100000000000005,67.0
2026-07-20 19:01:00,26.100000000000005,67.16666666666667
2026-07-20 19:02:00,26.100000000000005,67.1
2026-07-20 19:03:00,26.100000000000005,67.1
2026-07-20 19:04:00,26.100000000000005,67.06666666666666
2026-07-20 19:05:00,26.100000000000005,67.03333333333333
2026-07-20 19:06:00,26.100000000000005,67.1
2026-07-20 19:07:00,26.100000000000005,67.1
2026-07-20 19:08:00,26.100000000000005,67.06666666666666
2026-07-20 19:09:00,26.066666666666666,67.1
2026-07-20 19:10:00,26.066666666666666,67.1
2026-07-20 19:11:00,26.0,67.16666666666667
2026-07-20 19:12:00,26.066666666666666,67.23333333333333
2026-07-20 19:13:00,26.0,67.53333333333333
2026-07-20 19:14:00,26.0,67.7
2026-07-20 19:15:00,26.0,67.66666666666667
2026-07-20 19:16:00,26.066666666666666,67.73333333333333
2026-07-20 19:17:00,26.100000000000005,68.13333333333334
2026-07-20 19:18:00,26.066666666666666,68.06666666666666
2026-07-20 19:19:00,26.03333333333333,67.96666666666667
2026-07-20 19:20:00,26.100000000000005,67.86666666666666
2026-07-20 19:21:00,26.100000000000005,67.66666666666667
2026-07-20 19:22:00,26.100000000000005,67.93333333333334
2026-07-20 19:23:00,26.100000000000005,68.13333333333333
2026-07-20 19:24:00,26.100000000000005,68.06666666666666
2026-07-20 19:25:00,26.100000000000005,68.10000000000001
2026-07-20 19:26:00,26.100000000000005,68.3
2026-07-20 19:27:00,26.100000000000005,68.33333333333333
2026-07-20 19:28:00,26.100000000000005,68.5
2026-07-20 19:29:00,26.100000000000005,68.23333333333333
2026-07-20 19:30:00,26.100000000000005,68.16666666666667
2026-07-20 19:31:00,26.100000000000005,68.26666666666667
2026-07-20 19:32:00,26.100000000000005,68.36666666666666
2026-07-20 19:33:00,26.100000000000005,68.73333333333333
2026-07-20 19:34:00,26.0,68.89999999999999
2026-07-20 19:35:00,26.0,69.06666666666666
2026-07-20 19:36:00,26.0,69.1
2026-07-20 19:37:00,26.0,69.23333333333333
2026-07-20 19:38:00,25.933333333333334,69.26666666666667
2026-07-20 19:39:00,25.899999999999995,69.16666666666667
2026-07-20 19:40:00,25.899999999999995,69.5
2026-07-20 19:41:00,25.899999999999995,69.76666666666667
2026-07-20 19:42:00,25.8,69.96666666666665
2026-07-20 19:43:00,25.8,70.2
2026-07-20 19:44:00,25.8,70.16666666666667
2026-07-20 19:45:00,25.866666666666664,69.86666666666667
2026-07-20 19:46:00,25.899999999999995,69.8
2026-07-20 19:47:00,25.9,69.86666666666667
2026-07-20 19:48:00,25.899999999999995,69.7
2026-07-20 19:49:00,25.899999999999995,69.6
2026-07-20 19:50:00,25.899999999999995,69.76666666666667
2026-07-20 19:51:00,25.899999999999995,69.63333333333333
2026-07-20 19:52:00,26.0,69.66666666666667
2026-07-20 19:53:00,26.0,69.66666666666667
2026-07-20 19:54:00,26.0,69.83333333333333
2026-07-20 19:55:00,26.0,69.8
2026-07-20 19:56:00,25.933333333333334,69.8
2026-07-20 19:57:00,25.899999999999995,69.89999999999999
2026-07-20 19:58:00,25.9,70.1
2026-07-20 19:59:00,25.899999999999995,70.06666666666666
2026-07-20 20:00:00,25.933333333333334,70.13333333333333
2026-07-20 20:01:00,25.96666666666667,70.1
2026-07-20 20:02:00,25.96666666666667,70.03333333333333
2026-07-20 20:03:00,26.0,70.06666666666666
2026-07-20 20:04:00,26.0,70.0
2026-07-20 20:05:00,26.0,69.96666666666667
2026-07-20 20:06:00,26.0,70.0
2026-07-20 20:07:00,26.0,70.06666666666666
2026-07-20 20:08:00,26.0,70.23333333333333
2026-07-20 20:09:00,26.0,70.46666666666665
2026-07-20 20:10:00,26.0,70.26666666666667
2026-07-20 20:11:00,26.0,70.3
2026-07-20 20:12:00,26.0,70.56666666666666
2026-07-20 20:13:00,25.933333333333334,70.76666666666667
2026-07-20 20:14:00,25.899999999999995,70.89999999999999
2026-07-20 20:15:00,25.899999999999995,71.06666666666666
2026-07-20 20:16:00,25.899999999999995,71.13333333333333
2026-07-20 20:17:00,25.899999999999995,71.23333333333333
2026-07-20 20:18:00,25.833333333333332,71.39999999999999
2026-07-20 20:19:00,25.8,71.60000000000001
2026-07-20 20:20:00,25.8,71.46666666666665
2026-07-20 20:21:00,25.866666666666664,71.43333333333334
2026-07-20 20:22:00,25.866666666666664,71.66666666666667
2026-07-20 20:23:00,25.8,71.73333333333333
2026-07-20 20:24:00,25.8,71.76666666666667
2026-07-20 20:25:00,25.8,71.83333333333333
2026-07-20 20:26:00,25.8,71.96666666666667
2026-07-20 20:27:00,25.8,72.26666666666667
2026-07-20 20:28:00,25.8,72.56666666666666
2026-07-20 20:29:00,25.8,72.6
2026-07-20 20:30:00,25.8,72.66666666666667
2026-07-20 20:31:00,25.833333333333332,72.7
2026-07-20 20:32:00,25.833333333333332,72.76666666666667
2026-07-20 20:33:00,25.8,72.7
2026-07-20 20:34:00,25.833333333333332,72.7
2026-07-20 20:35:00,25.833333333333332,72.56666666666666
2026-07-20 20:36:00,25.899999999999995,72.53333333333333
2026-07-20 20:37:00,25.899999999999995,72.6
2026-07-20 20:38:00,25.899999999999995,72.66666666666667
2026-07-20 20:39:00,25.899999999999995,72.6
2026-07-20 20:40:00,25.866666666666664,72.73333333333333
2026-07-20 20:41:00,25.899999999999995,72.73333333333333
2026-07-20 20:42:00,25.899999999999995,73.0
2026-07-20 20:43:00,25.899999999999995,73.23333333333333
2026-07-20 20:44:00,25.866666666666664,73.26666666666667
2026-07-20 20:45:00,25.8,73.4
2026-07-20 20:46:00,25.8,73.53333333333333
2026-07-20 20:47:00,25.8,73.66666666666667
2026-07-20 20:48:00,25.8,73.76666666666667
2026-07-20 20:49:00,25.8,73.8
2026-07-20 20:50:00,25.8,73.9
2026-07-20 20:51:00,25.8,73.96666666666667
2026-07-20 20:52:00,25.8,74.03333333333333
2026-07-20 20:53:00,25.733333333333334,74.0
2026-07-20 20:54:00,25.766666666666666,74.06666666666666
2026-07-20 20:55:00,25.8,73.9
2026-07-20 20:56:00,25.8,73.86666666666667
2026-07-20 20:57:00,25.8,73.83333333333333
2026-07-20 20:58:00,25.8,73.86666666666667
2026-07-20 20:59:00,25.8,74.23333333333333
2026-07-20 21:00:00,25.8,74.33333333333333
2026-07-20 21:01:00,25.733333333333334,74.43333333333334
2026-07-20 21:02:00,25.7,74.5
2026-07-20 21:03:00,25.7,74.63333333333333
2026-07-20 21:04:00,25.7,74.7
2026-07-20 21:05:00,25.7,74.9
2026-07-20 21:06:00,25.7,74.76666666666667
2026-07-20 21:07:00,25.7,74.63333333333333
2026-07-20 21:08:00,25.7,74.73333333333333
2026-07-20 21:09:00,25.7,74.8
2026-07-20 21:10:00,25.7,74.8
2026-07-20 21:11:00,25.7,75.0
2026-07-20 21:12:00,25.633333333333336,75.1
2026-07-20 21:13:00,25.666666666666668,75.16666666666667
2026-07-20 21:14:00,25.600000000000005,75.23333333333333
2026-07-20 21:15:00,25.600000000000005,75.26666666666667
2026-07-20 21:16:00,25.600000000000005,75.36666666666667
2026-07-20 21:17:00,25.600000000000005,75.4
2026-07-20 21:18:00,25.600000000000005,75.43333333333334
2026-07-20 21:19:00,25.53333333333333,75.53333333333333
2026-07-20 21:20:00,25.5,75.6
2026-07-20 21:21:00,25.5,75.6
2026-07-20 21:22:00,25.5,75.63333333333333
2026-07-20 21:23:00,25.5,75.63333333333333
2026-07-20 21:24:00,25.600000000000005,75.53333333333333
2026-07-20 21:25:00,25.600000000000005,75.5
2026-07-20 21:26:00,25.600000000000005,75.4
2026-07-20 21:27:00,25.600000000000005,75.5
2026-07-20 21:28:00,25.53333333333333,75.66666666666667
2026-07-20 21:29:00,25.5,75.7
2026-07-20 21:30:00,25.53333333333333,75.6
2026-07-20 21:31:00,25.566666666666666,75.56666666666666
2026-07-20 21:32:00,25.566666666666666,75.56666666666666
2026-07-20 21:33:00,25.566666666666666,75.66666666666667
2026-07-20 21:34:00,25.600000000000005,75.63333333333333
2026-07-20 21:35:00,25.600000000000005,75.6
2026-07-20 21:36:00,25.600000000000005,75.56666666666666
2026-07-20 21:37:00,25.600000000000005,75.43333333333334
2026-07-20 21:38:00,25.633333333333336,75.46666666666667
2026-07-20 21:39:00,25.666666666666668,75.43333333333334
2026-07-20 21:40:00,25.666666666666668,75.46666666666667
2026-07-20 21:41:00,25.7,75.53333333333333
2026-07-20 21:42:00,25.7,75.53333333333333
2026-07-20 21:43:00,25.7,75.5
2026-07-20 21:44:00,25.7,75.43333333333334
2026-07-20 21:45:00,25.7,75.5
2026-07-20 21:46:00,25.7,75.5
2026-07-20 21:47:00,25.7,75.6
2026-07-20 21:48:00,25.7,75.5
2026-07-20 21:49:00,25.7,75.63333333333333
2026-07-20 21:50:00,25.7,75.63333333333333
2026-07-20 21:51:00,25.7,75.7
2026-07-20 21:52:00,25.7,75.75
2026-07-20 21:53:00,25.7,75.8
2026-07-20 21:54:00,25.666666666666668,75.86666666666667
2026-07-20 21:55:00,25.666666666666668,75.9
2026-07-20 21:56:00,25.600000000000005,75.86666666666667
2026-07-20 21:57:00,25.600000000000005,75.86666666666667
2026-07-20 21:58:00,25.633333333333336,75.93333333333334
2026-07-20 21:59:00,25.666666666666668,76.0
2026-07-20 22:00:00,25.7,75.9
2026-07-20 22:01:00,25.7,75.9
2026-07-20 22:02:00,25.7,75.9
2026-07-20 22:03:00,25.7,75.93333333333334
2026-07-20 22:04:00,25.7,75.93333333333334
2026-07-20 22:05:00,25.633333333333336,76.06666666666666
2026-07-20 22:06:00,25.600000000000005,76.13333333333333
2026-07-20 22:07:00,25.600000000000005,76.26666666666667
2026-07-20 22:08:00,25.600000000000005,76.3
2026-07-20 22:09:00,25.600000000000005,76.3
2026-07-20 22:10:00,25.600000000000005,76.3
2026-07-20 22:11:00,25.600000000000005,76.36666666666667
2026-07-20 22:12:00,25.7,76.4
2026-07-20 22:13:00,25.7,76.46666666666667
2026-07-20 22:14:00,25.666666666666668,76.46666666666667
2026-07-20 22:15:00,25.666666666666668,76.4
2026-07-20 22:16:00,25.7,76.46666666666667
2026-07-20 22:17:00,25.600000000000005,76.53333333333333
2026-07-20 22:18:00,25.600000000000005,76.6
2026-07-20 22:19:00,25.600000000000005,76.7
2026-07-20 22:20:00,25.600000000000005,76.73333333333333
2026-07-20 22:21:00,25.600000000000005,76.76666666666667
2026-07-20 22:22:00,25.600000000000005,76.93333333333334
2026-07-20 22:23:00,25.566666666666666,76.9
2026-07-20 22:24:00,25.600000000000005,76.93333333333334
2026-07-20 22:25:00,25.566666666666666,76.83333333333333
2026-07-20 22:26:00,25.600000000000005,76.8
2026-07-20 22:27:00,25.600000000000005,76.73333333333333
2026-07-20 22:28:00,25.600000000000005,76.7
2026-07-20 22:29:00,25.600000000000005,76.63333333333333
2026-07-20 22:30:00,25.633333333333336,76.6
2026-07-20 22:31:00,25.7,76.6
2026-07-20 22:32:00,25.666666666666668,76.6
2026-07-20 22:33:00,25.7,76.53333333333333
2026-07-20 22:34:00,25.666666666666668,76.66666666666667
2026-07-20 22:35:00,25.600000000000005,76.60000000000001
2026-07-20 22:36:00,25.600000000000005,76.6
2026-07-20 22:37:00,25.600000000000005,76.63333333333333
2026-07-20 22:38:00,25.600000000000005,76.76666666666667
2026-07-20 22:39:00,25.600000000000005,76.73333333333333
2026-07-20 22:40:00,25.600000000000005,76.76666666666667
2026-07-20 22:41:00,25.600000000000005,76.7
2026-07-20 22:42:00,25.600000000000005,76.7
2026-07-20 22:43:00,25.600000000000005,76.63333333333333
2026-07-20 22:44:00,25.600000000000005,76.6
2026-07-20 22:45:00,25.600000000000005,76.7
2026-07-20 22:46:00,25.600000000000005,76.73333333333333
2026-07-20 22:47:00,25.600000000000005,76.83333333333333
2026-07-20 22:48:00,25.600000000000005,76.86666666666667
2026-07-20 22:49:00,25.600000000000005,76.9
2026-07-20 22:50:00,25.600000000000005,76.9
2026-07-20 22:51:00,25.600000000000005,77.0
2026-07-20 22:52:00,25.53333333333333,77.0
2026-07-20 22:53:00,25.5,77.1
2026-07-20 22:54:00,25.5,77.2
2026-07-20 22:55:00,25.5,77.2
2026-07-20 22:56:00,25.5,77.23333333333333
2026-07-20 22:57:00,25.5,77.2
2026-07-20 22:58:00,25.5,77.2
2026-07-20 22:59:00,25.5,77.23333333333333
2026-07-20 23:00:00,25.5,77.2
2026-07-20 23:01:00,25.5,77.1
2026-07-20 23:02:00,25.5,77.03333333333333
2026-07-20 23:03:00,25.5,77.1
2026-07-20 23:04:00,25.5,77.1
2026-07-20 23:05:00,25.5,77.13333333333333
2026-07-20 23:06:00,25.5,77.2
2026-07-20 23:07:00,25.5,77.2
2026-07-20 23:08:00,25.5,77.2
2026-07-20 23:09:00,25.5,77.26666666666667
2026-07-20 23:10:00,25.5,77.26666666666667
2026-07-20 23:11:00,25.5,77.26666666666667
2026-07-20 23:12:00,25.5,77.33333333333333
2026-07-20 23:13:00,25.5,77.3
2026-07-20 23:14:00,25.46666666666667,77.3
2026-07-20 23:15:00,25.399999999999995,77.3
2026-07-20 23:16:00,25.46666666666667,77.4
2026-07-20 23:17:00,25.399999999999995,77.43333333333334
2026-07-20 23:18:00,25.399999999999995,77.4
2026-07-20 23:19:00,25.5,77.4
2026-07-20 23:20:00,25.399999999999995,77.26666666666667
2026-07-20 23:21:00,25.399999999999995,77.3
2026-07-20 23:22:00,25.399999999999995,77.23333333333333
2026-07-20 23:23:00,25.46666666666667,77.23333333333333
2026-07-20 23:24:00,25.399999999999995,77.26666666666667
2026-07-20 23:25:00,25.399999999999995,77.3
2026-07-20 23:26:00,25.399999999999995,77.3
2026-07-20 23:27:00,25.399999999999995,77.43333333333334
2026-07-20 23:28:00,25.3,77.4
2026-07-20 23:29:00,25.3,77.5
2026-07-20 23:30:00,25.3,77.53333333333333
2026-07-20 23:31:00,25.3,77.53333333333333
2026-07-20 23:32:00,25.3,77.53333333333333
2026-07-20 23:33:00,25.266666666666666,77.56666666666666
2026-07-20 23:34:00,25.2,77.6
2026-07-20 23:35:00,25.2,77.6
2026-07-20 23:36:00,25.2,77.6
2026-07-20 23:37:00,25.2,77.66666666666667
2026-07-20 23:38:00,25.2,77.63333333333333
2026-07-20 23:39:00,25.2,77.56666666666666
2026-07-20 23:40:00,25.2,77.53333333333333
2026-07-20 23:41:00,25.2,77.56666666666666
2026-07-20 23:42:00,25.2,77.56666666666666
2026-07-20 23:43:00,25.2,77.56666666666666
2026-07-20 23:44:00,25.2,77.6
2026-07-20 23:45:00,25.2,77.6
2026-07-20 23:46:00,25.2,77.56666666666666
2026-07-20 23:47:00,25.100000000000005,77.53333333333333
2026-07-20 23:48:00,25.100000000000005,77.53333333333333
2026-07-20 23:49:00,25.100000000000005,77.60000000000001
2026-07-20 23:50:00,25.100000000000005,77.7
2026-07-20 23:51:00,25.1,77.65
2026-07-20 23:52:00,25.100000000000005,77.66666666666667
2026-07-20 23:53:00,25.100000000000005,77.7
2026-07-20 23:54:00,25.100000000000005,77.73333333333333
2026-07-20 23:55:00,25.100000000000005,77.7
2026-07-20 23:56:00,25.100000000000005,77.7
2026-07-20 23:57:00,25.100000000000005,77.8
2026-07-20 23:58:00,25.066666666666666,77.8
2026-07-20 23:59:00,25.066666666666666,77.8
2026-07-21 00:00:00,25.03333333333333,77.86666666666667
2026-07-21 00:01:00,25.03333333333333,77.8
2026-07-21 00:02:00,25.0,77.83333333333333
2026-07-21 00:03:00,25.0,77.8
2026-07-21 00:04:00,25.0,77.76666666666667
2026-07-21 00:05:00,25.0,77.76666666666667
2026-07-21 00:06:00,25.0,77.73333333333333
2026-07-21 00:07:00,25.1,77.7
2026-07-21 00:08:00,25.066666666666666,77.6
2026-07-21 00:09:00,25.100000000000005,77.53333333333333
2026-07-21 00:10:00,25.066666666666666,77.46666666666667
2026-07-21 00:11:00,25.066666666666666,77.5
2026-07-21 00:12:00,25.100000000000005,77.5
2026-07-21 00:13:00,25.03333333333333,77.6
2026-07-21 00:14:00,25.0,77.6
2026-07-21 00:15:00,25.03333333333333,77.6
2026-07-21 00:16:00,25.0,77.56666666666666
2026-07-21 00:17:00,25.0,77.63333333333333
2026-07-21 00:18:00,25.0,77.66666666666667
2026-07-21 00:19:00,25.0,77.7
2026-07-21 00:20:00,24.899999999999995,77.7
2026-07-21 00:21:00,24.899999999999995,77.63333333333333
2026-07-21 00:22:00,25.0,77.53333333333333
2026-07-21 00:23:00,25.0,77.5
2026-07-21 00:24:00,25.0,77.4
2026-07-21 00:25:00,25.0,77.33333333333333
2026-07-21 00:26:00,25.0,77.3
2026-07-21 00:27:00,25.0,77.23333333333333
2026-07-21 00:28:00,25.0,77.26666666666667
2026-07-21 00:29:00,25.0,77.2
2026-07-21 00:30:00,25.0,77.13333333333333
2026-07-21 00:31:00,25.0,77.13333333333333
2026-07-21 00:32:00,25.0,77.1
2026-07-21 00:33:00,24.933333333333334,77.1
2026-07-21 00:34:00,25.0,77.0
2026-07-21 00:35:00,24.933333333333334,76.93333333333334
2026-07-21 00:36:00,24.899999999999995,76.93333333333334
2026-07-21 00:37:00,24.899999999999995,76.83333333333333
2026-07-21 00:38:00,24.899999999999995,76.8
2026-07-21 00:39:00,24.899999999999995,76.86666666666667
2026-07-21 00:40:00,24.899999999999995,77.0
2026-07-21 00:41:00,24.8,77.03333333333333
2026-07-21 00:42:00,24.8,77.0
2026-07-21 00:43:00,24.8,76.9
2026-07-21 00:44:00,24.8,76.86666666666667
2026-07-21 00:45:00,24.8,76.76666666666667
2026-07-21 00:46:00,24.899999999999995,76.63333333333333
2026-07-21 00:47:00,24.899999999999995,76.46666666666667
2026-07-21 00:48:00,24.899999999999995,76.5
2026-07-21 00:49:00,24.866666666666664,76.5
2026-07-21 00:50:00,24.833333333333332,76.56666666666666
2026-07-21 00:51:00,24.8,76.56666666666666
2026-07-21 00:52:00,24.8,76.6
2026-07-21 00:53:00,24.8,76.53333333333333
2026-07-21 00:54:00,24.8,76.5
2026-07-21 00:55:00,24.866666666666664,76.4
2026-07-21 00:56:00,24.866666666666664,76.36666666666667
2026-07-21 00:57:00,24.899999999999995,76.33333333333333
2026-07-21 00:58:00,24.899999999999995,76.2
2026-07-21 00:59:00,24.899999999999995,76.2
2026-07-21 01:00:00,24.899999999999995,76.1
2026-07-21 01:01:00,24.899999999999995,76.06666666666666
2026-07-21 01:02:00,24.899999999999995,76.0
2026-07-21 01:03:00,24.899999999999995,76.03333333333333
2026-07-21 01:04:00,24.899999999999995,76.03333333333333
2026-07-21 01:05:00,24.899999999999995,76.03333333333333
2026-07-21 01:06:00,24.8,76.1
2026-07-21 01:07:00,24.8,76.06666666666666
2026-07-21 01:08:00,24.8,76.0
2026-07-21 01:09:00,24.8,75.96666666666667
2026-07-21 01:10:00,24.8,75.9
2026-07-21 01:11:00,24.8,75.86666666666667
2026-07-21 01:12:00,24.8,75.86666666666667
2026-07-21 01:13:00,24.8,75.9
2026-07-21 01:14:00,24.8,75.83333333333333
2026-07-21 01:15:00,24.8,75.76666666666667
2026-07-21 01:16:00,24.8,75.76666666666667
2026-07-21 01:17:00,24.8,75.76666666666667
2026-07-21 01:18:00,24.8,75.7
2026-07-21 01:19:00,24.8,75.8
2026-07-21 01:20:00,24.8,75.8
2026-07-21 01:21:00,24.8,75.8
2026-07-21 01:22:00,24.8,75.73333333333333
2026-07-21 01:23:00,24.733333333333334,75.8
2026-07-21 01:24:00,24.8,75.8
2026-07-21 01:25:00,24.8,75.8
2026-07-21 01:26:00,24.8,75.8
2026-07-21 01:27:00,24.733333333333334,75.83333333333333
2026-07-21 01:28:00,24.733333333333334,75.86666666666667
2026-07-21 01:29:00,24.7,75.86666666666667
2026-07-21 01:30:00,24.7,75.96666666666667
2026-07-21 01:31:00,24.7,76.0
2026-07-21 01:32:00,24.666666666666668,75.96666666666667
2026-07-21 01:33:00,24.65,75.95
2026-07-21 01:34:00,24.633333333333336,75.9
2026-07-21 01:35:00,24.600000000000005,75.93333333333334
2026-07-21 01:36:00,24.600000000000005,75.96666666666667
2026-07-21 01:37:00,24.600000000000005,76.0
2026-07-21 01:38:00,24.600000000000005,75.93333333333334
2026-07-21 01:39:00,24.600000000000005,75.93333333333334
2026-07-21 01:40:00,24.600000000000005,75.9
2026-07-21 01:41:00,24.666666666666668,75.9
2026-07-21 01:42:00,24.7,75.86666666666667
2026-07-21 01:43:00,24.7,75.86666666666667
2026-07-21 01:44:00,24.666666666666668,75.9
2026-07-21 01:45:00,24.633333333333336,75.83333333333333
2026-07-21 01:46:00,24.633333333333336,75.83333333333333
2026-07-21 01:47:00,24.600000000000005,75.83333333333333
2026-07-21 01:48:00,24.633333333333336,75.76666666666667
2026-07-21 01:49:00,24.666666666666668,75.76666666666667
2026-07-21 01:50:00,24.633333333333336,75.63333333333333
2026-07-21 01:51:00,24.600000000000005,75.7
2026-07-21 01:52:00,24.600000000000005,75.7
2026-07-21 01:53:00,24.600000000000005,75.73333333333333
2026-07-21 01:54:00,24.600000000000005,75.8
2026-07-21 01:55:00,24.53333333333333,75.8
2026-07-21 01:56:00,24.5,75.8
2026-07-21 01:57:00,24.5,75.8
2026-07-21 01:58:00,24.5,75.66666666666667
2026-07-21 01:59:00,24.5,75.73333333333333
2026-07-21 02:00:00,24.5,75.76666666666667
2026-07-21 02:01:00,24.433333333333334,75.66666666666667
2026-07-21 02:02:00,24.399999999999995,75.73333333333333
2026-07-21 02:03:00,24.433333333333334,75.7
2026-07-21 02:04:00,24.5,75.56666666666666
2026-07-21 02:05:00,24.46666666666667,75.53333333333333
2026-07-21 02:06:00,24.5,75.53333333333333
2026-07-21 02:07:00,24.5,75.53333333333333
2026-07-21 02:08:00,24.5,75.43333333333334
2026-07-21 02:09:00,24.5,75.33333333333333
2026-07-21 02:10:00,24.5,75.3
2026-07-21 02:11:00,24.5,75.26666666666667
2026-07-21 02:12:00,24.5,75.2
2026-07-21 02:13:00,24.5,75.2
2026-07-21 02:14:00,24.5,75.2
2026-07-21 02:15:00,24.5,75.2
2026-07-21 02:16:00,24.5,75.1
2026-07-21 02:17:00,24.5,75.1
2026-07-21 02:18:00,24.5,75.0
2026-07-21 02:19:00,24.5,75.0
2026-07-21 02:20:00,24.5,74.93333333333334
2026-07-21 02:21:00,24.5,74.8
2026-07-21 02:22:00,24.600000000000005,74.76666666666667
2026-07-21 02:23:00,24.600000000000005,74.76666666666667
2026-07-21 02:24:00,24.53333333333333,74.76666666666667
2026-07-21 02:25:00,24.566666666666666,74.63333333333333
2026-07-21 02:26:00,24.566666666666666,74.73333333333333
2026-07-21 02:27:00,24.5,74.63333333333333
2026-07-21 02:28:00,24.53333333333333,74.56666666666666
2026-07-21 02:29:00,24.5,74.5
2026-07-21 02:30:00,24.5,74.6
2026-07-21 02:31:00,24.5,74.6
2026-07-21 02:32:00,24.46666666666667,74.63333333333333
2026-07-21 02:33:00,24.433333333333334,74.66666666666667
2026-07-21 02:34:00,24.433333333333334,74.6
2026-07-21 02:35:00,24.46666666666667,74.46666666666667
2026-07-21 02:36:00,24.5,74.4
2026-07-21 02:37:00,24.5,74.26666666666667
2026-07-21 02:38:00,24.5,74.26666666666667
2026-07-21 02:39:00,24.53333333333333,74.23333333333333
2026-07-21 02:40:00,24.566666666666666,74.16666666666667
2026-07-21 02:41:00,24.600000000000005,74.13333333333333
2026-07-21 02:42:00,24.600000000000005,74.03333333333333
2026-07-21 02:43:00,24.566666666666666,74.0
2026-07-21 02:44:00,24.53333333333333,74.0
2026-07-21 02:45:00,24.5,74.10000000000001
2026-07-21 02:46:00,24.46666666666667,74.33333333333333
2026-07-21 02:47:00,24.399999999999995,74.33333333333333
2026-07-21 02:48:00,24.399999999999995,74.43333333333334
2026-07-21 02:49:00,24.399999999999995,74.5
2026-07-21 02:50:00,24.399999999999995,74.43333333333334
2026-07-21 02:51:00,24.399999999999995,74.36666666666667
2026-07-21 02:52:00,24.399999999999995,74.39999999999999
2026-07-21 02:53:00,24.333333333333332,74.33333333333333
2026-07-21 02:54:00,24.3,74.5
2026-07-21 02:55:00,24.333333333333332,74.46666666666667
2026-07-21 02:56:00,24.3,74.36666666666667
2026-07-21 02:57:00,24.3,74.36666666666667
2026-07-21 02:58:00,24.3,74.3
2026-07-21 02:59:00,24.3,74.2
2026-07-21 03:00:00,24.3,74.26666666666667
2026-07-21 03:01:00,24.333333333333332,74.13333333333333
2026-07-21 03:02:00,24.3,74.0
2026-07-21 03:03:00,24.3,73.9
2026-07-21 03:04:00,24.3,73.93333333333334
2026-07-21 03:05:00,24.3,73.83333333333333
2026-07-21 03:06:00,24.3,73.6
2026-07-21 03:07:00,24.3,73.60000000000001
2026-07-21 03:08:00,24.3,73.39999999999999
2026-07-21 03:09:00,24.266666666666666,73.3
2026-07-21 03:10:00,24.3,73.23333333333333
2026-07-21 03:11:00,24.3,73.23333333333333
2026-07-21 03:12:00,24.3,72.93333333333334
2026-07-21 03:13:00,24.266666666666666,72.83333333333333
2026-07-21 03:14:00,24.2,72.8
2026-07-21 03:15:00,24.2,72.73333333333333
2026-07-21 03:16:00,24.2,72.76666666666667
2026-07-21 03:17:00,24.2,72.66666666666667
2026-07-21 03:18:00,24.2,72.7
2026-07-21 03:19:00,24.2,72.56666666666666
2026-07-21 03:20:00,24.2,72.46666666666667
2026-07-21 03:21:00,24.2,72.33333333333333
2026-07-21 03:22:00,24.166666666666668,72.36666666666666
2026-07-21 03:23:00,24.100000000000005,72.43333333333334
2026-07-21 03:24:00,24.2,72.53333333333333
2026-07-21 03:25:00,24.2,72.43333333333334
2026-07-21 03:26:00,24.166666666666668,72.26666666666667
2026-07-21 03:27:00,24.100000000000005,72.23333333333333
2026-07-21 03:28:00,24.100000000000005,72.3
2026-07-21 03:29:00,24.100000000000005,72.23333333333333
2026-07-21 03:30:00,24.100000000000005,72.2
2026-07-21 03:31:00,24.100000000000005,72.36666666666667
2026-07-21 03:32:00,24.166666666666668,72.33333333333333
2026-07-21 03:33:00,24.133333333333336,72.13333333333333
2026-07-21 03:34:00,24.100000000000005,72.16666666666667
2026-07-21 03:35:00,24.100000000000005,72.1
2026-07-21 03:36:00,24.066666666666666,72.13333333333333
2026-07-21 03:37:00,24.03333333333333,72.16666666666667
2026-07-21 03:38:00,24.0,72.33333333333333
2026-07-21 03:39:00,24.0,72.36666666666667
2026-07-21 03:40:00,24.0,72.33333333333333
2026-07-21 03:41:00,24.066666666666666,72.33333333333333
2026-07-21 03:42:00,24.066666666666666,72.23333333333333
2026-07-21 03:43:00,24.100000000000005,72.2
2026-07-21 03:44:00,24.0,72.26666666666667
2026-07-21 03:45:00,24.066666666666666,72.2
2026-07-21 03:46:00,24.0,72.26666666666667
2026-07-21 03:47:00,23.96666666666667,72.4
2026-07-21 03:48:00,23.899999999999995,72.43333333333334
2026-07-21 03:49:00,23.899999999999995,72.56666666666666
2026-07-21 03:50:00,24.0,72.6
2026-07-21 03:51:00,24.0,72.5
2026-07-21 03:52:00,24.0,72.56666666666666
2026-07-21 03:53:00,23.96666666666667,72.56666666666666
2026-07-21 03:54:00,23.96666666666667,72.5
2026-07-21 03:55:00,23.96666666666667,72.6
2026-07-21 03:56:00,24.0,72.53333333333333
2026-07-21 03:57:00,24.0,72.53333333333333
2026-07-21 03:58:00,24.03333333333333,72.6
2026-07-21 03:59:00,24.100000000000005,72.5
2026-07-21 04:00:00,24.100000000000005,72.46666666666667
2026-07-21 04:01:00,24.066666666666666,72.7
2026-07-21 04:02:00,24.0,72.89999999999999
2026-07-21 04:03:00,24.0,73.16666666666667
2026-07-21 04:04:00,24.0,73.39999999999999
2026-07-21 04:05:00,24.0,73.53333333333333
2026-07-21 04:06:00,24.0,73.43333333333334
2026-07-21 04:07:00,24.0,73.60000000000001
2026-07-21 04:08:00,24.0,73.9
2026-07-21 04:09:00,24.0,73.76666666666667
2026-07-21 04:10:00,23.933333333333334,73.93333333333334
2026-07-21 04:11:00,23.899999999999995,74.1
2026-07-21 04:12:00,23.899999999999995,74.1
2026-07-21 04:13:00,23.96666666666667,74.3
2026-07-21 04:14:00,24.0,74.5
2026-07-21 04:15:00,24.0,74.5
2026-07-21 04:16:00,24.066666666666666,74.39999999999999
2026-07-21 04:17:00,24.100000000000005,74.3
2026-07-21 04:18:00,24.100000000000005,74.36666666666667
2026-07-21 04:19:00,24.100000000000005,74.5
2026-07-21 04:20:00,24.0,74.63333333333333
2026-07-21 04:21:00,24.0,74.83333333333333
2026-07-21 04:22:00,23.899999999999995,74.96666666666667
2026-07-21 04:23:00,23.899999999999995,75.16666666666667
2026-07-21 04:24:00,23.96666666666667,75.39999999999999
2026-07-21 04:25:00,24.0,75.39999999999999
2026-07-21 04:26:00,24.0,75.26666666666667
2026-07-21 04:27:00,24.0,75.13333333333333
2026-07-21 04:28:00,23.96666666666667,75.36666666666667
2026-07-21 04:29:00,24.0,75.76666666666667
2026-07-21 04:30:00,23.96666666666667,75.73333333333333
2026-07-21 04:31:00,24.0,75.7
2026-07-21 04:32:00,24.0,75.89999999999999
2026-07-21 04:33:00,24.0,76.0
2026-07-21 04:34:00,24.0,75.96666666666667
2026-07-21 04:35:00,24.0,75.93333333333334
2026-07-21 04:36:00,24.0,76.06666666666666
2026-07-21 04:37:00,23.933333333333334,76.26666666666667
2026-07-21 04:38:00,23.899999999999995,76.4
2026-07-21 04:39:00,23.899999999999995,76.39999999999999
2026-07-21 04:40:00,23.899999999999995,76.46666666666667
2026-07-21 04:41:00,23.899999999999995,76.53333333333333
2026-07-21 04:42:00,23.933333333333334,76.43333333333334
2026-07-21 04:43:00,23.899999999999995,76.43333333333334
2026-07-21 04:44:00,23.933333333333334,76.43333333333334
2026-07-21 04:45:00,23.933333333333334,76.46666666666667
2026-07-21 04:46:00,23.899999999999995,76.46666666666667
2026-07-21 04:47:00,23.899999999999995,76.53333333333333
2026-07-21 04:48:00,23.899999999999995,76.56666666666666
2026-07-21 04:49:00,23.899999999999995,76.6
2026-07-21 04:50:00,23.899999999999995,76.6
2026-07-21 04:51:00,23.899999999999995,76.65
2026-07-21 04:52:00,23.899999999999995,76.575
2026-07-21 04:53:00,23.899999999999995,76.4
2026-07-21 04:54:00,23.899999999999995,76.4
2026-07-21 04:55:00,23.899999999999995,76.5
2026-07-21 04:56:00,23.899999999999995,76.5
2026-07-21 04:57:00,23.899999999999995,76.36666666666667
2026-07-21 04:58:00,23.899999999999995,76.43333333333334
2026-07-21 04:59:00,23.899999999999995,76.5
2026-07-21 05:00:00,23.833333333333332,76.53333333333333
2026-07-21 05:01:00,23.8,76.46666666666667
2026-07-21 05:02:00,23.8,76.53333333333333
2026-07-21 05:03:00,23.8,76.46666666666667
2026-07-21 05:04:00,23.8,76.5
2026-07-21 05:05:00,23.8,76.4
2026-07-21 05:06:00,23.8,76.43333333333334
2026-07-21 05:07:00,23.8,76.56666666666666
2026-07-21 05:08:00,23.766666666666666,76.6
2026-07-21 05:09:00,23.7,76.63333333333333
2026-07-21 05:10:00,23.7,76.7
2026-07-21 05:11:00,23.7,76.7
2026-07-21 05:12:00,23.733333333333334,76.7
2026-07-21 05:13:00,23.7,76.7
2026-07-21 05:14:00,23.7,76.73333333333333
2026-07-21 05:15:00,23.7,76.73333333333333
2026-07-21 05:16:00,23.7,76.7
2026-07-21 05:17:00,23.7,76.56666666666666
2026-07-21 05:18:00,23.7,76.46666666666667
2026-07-21 05:19:00,23.7,76.36666666666667
2026-07-21 05:20:00,23.7,76.10000000000001
2026-07-21 05:21:00,23.7,75.86666666666667
2026-07-21 05:22:00,23.7,75.60000000000001
2026-07-21 05:23:00,23.666666666666668,75.3
2026-07-21 05:24:00,23.600000000000005,75.16666666666667
2026-07-21 05:25:00,23.600000000000005,75.23333333333333
2026-07-21 05:26:00,23.53333333333333,75.16666666666667
2026-07-21 05:27:00,23.566666666666666,74.96666666666667
2026-07-21 05:28:00,23.566666666666666,74.73333333333333
2026-07-21 05:29:00,23.5,74.5
2026-07-21 05:30:00,23.5,74.36666666666667
2026-07-21 05:31:00,23.5,74.16666666666667
2026-07-21 05:32:00,23.5,73.89999999999999
2026-07-21 05:33:00,23.5,73.66666666666667
2026-07-21 05:34:00,23.5,73.5
2026-07-21 05:35:00,23.46666666666667,73.16666666666667
2026-07-21 05:36:00,23.399999999999995,73.06666666666666
2026-07-21 05:37:00,23.399999999999995,72.73333333333333
2026-07-21 05:38:00,23.399999999999995,72.56666666666666
2026-07-21 05:39:00,23.399999999999995,72.53333333333333
2026-07-21 05:40:00,23.399999999999995,72.43333333333334
2026-07-21 05:41:00,23.46666666666667,72.13333333333333
2026-07-21 05:42:00,23.46666666666667,72.0
2026-07-21 05:43:00,23.433333333333334,71.7
2026-07-21 05:44:00,23.399999999999995,71.6
2026-07-21 05:45:00,23.399999999999995,71.5
2026-07-21 05:46:00,23.399999999999995,71.26666666666667
2026-07-21 05:47:00,23.399999999999995,70.76666666666667
2026-07-21 05:48:00,23.399999999999995,70.76666666666667
2026-07-21 05:49:00,23.399999999999995,70.7
2026-07-21 05:50:00,23.399999999999995,70.53333333333333
2026-07-21 05:51:00,23.399999999999995,70.53333333333333
2026-07-21 05:52:00,23.399999999999995,70.43333333333334
2026-07-21 05:53:00,23.433333333333334,70.43333333333334
2026-07-21 05:54:00,23.5,70.5
2026-07-21 05:55:00,23.5,70.3
2026-07-21 05:56:00,23.5,70.06666666666666
2026-07-21 05:57:00,23.5,70.03333333333333
2026-07-21 05:58:00,23.46666666666667,70.13333333333333
2026-07-21 05:59:00,23.5,70.13333333333333
2026-07-21 06:00:00,23.5,70.03333333333333
2026-07-21 06:01:00,23.5,69.96666666666667
2026-07-21 06:02:00,23.5,69.9
2026-07-21 06:03:00,23.5,70.0
2026-07-21 06:04:00,23.5,70.03333333333333
2026-07-21 06:05:00,23.5,70.13333333333333
2026-07-21 06:06:00,23.5,70.16666666666667
2026-07-21 06:07:00,23.46666666666667,70.0
2026-07-21 06:08:00,23.399999999999995,70.06666666666666
2026-07-21 06:09:00,23.399999999999995,70.03333333333333
2026-07-21 06:10:00,23.399999999999995,70.1
2026-07-21 06:11:00,23.399999999999995,70.06666666666666
2026-07-21 06:12:00,23.366666666666664,70.13333333333334
2026-07-21 06:13:00,23.366666666666664,70.23333333333333
2026-07-21 06:14:00,23.399999999999995,70.26666666666667
2026-07-21 06:15:00,23.399999999999995,70.2
2026-07-21 06:16:00,23.399999999999995,70.2
2026-07-21 06:17:00,23.399999999999995,70.23333333333333
2026-07-21 06:18:00,23.399999999999995,70.2
2026-07-21 06:19:00,23.399999999999995,70.26666666666667
2026-07-21 06:20:00,23.399999999999995,70.36666666666667
2026-07-21 06:21:00,23.366666666666664,70.36666666666667
2026-07-21 06:22:00,23.3,70.53333333333333
2026-07-21 06:23:00,23.3,70.6
2026-07-21 06:24:00,23.3,70.6
2026-07-21 06:25:00,23.333333333333332,70.56666666666666
2026-07-21 06:26:00,23.333333333333332,70.5
2026-07-21 06:27:00,23.3,70.56666666666666
2026-07-21 06:28:00,23.3,70.66666666666667
2026-07-21 06:29:00,23.3,70.76666666666667
2026-07-21 06:30:00,23.3,70.8
2026-07-21 06:31:00,23.3,70.8
2026-07-21 06:32:00,23.3,70.8
2026-07-21 06:33:00,23.333333333333332,70.83333333333333
2026-07-21 06:34:00,23.366666666666664,70.83333333333333
2026-07-21 06:35:00,23.399999999999995,70.83333333333333
2026-07-21 06:36:00,23.399999999999995,70.8
2026-07-21 06:37:00,23.399999999999995,70.8
2026-07-21 06:38:00,23.399999999999995,70.9
2026-07-21 06:39:00,23.433333333333334,70.9
2026-07-21 06:40:00,23.433333333333334,70.9
2026-07-21 06:41:00,23.399999999999995,70.96666666666667
2026-07-21 06:42:00,23.399999999999995,71.03333333333333
2026-07-21 06:43:00,23.399999999999995,71.06666666666666
2026-07-21 06:44:00,23.399999999999995,71.1
2026-07-21 06:45:00,23.46666666666667,71.1
2026-07-21 06:46:00,23.5,71.03333333333333
2026-07-21 06:47:00,23.5,71.0
2026-07-21 06:48:00,23.53333333333333,70.96666666666667
2026-07-21 06:49:00,23.600000000000005,71.03333333333333
2026-07-21 06:50:00,23.600000000000005,71.0
2026-07-21 06:51:00,23.600000000000005,70.96666666666667
2026-07-21 06:52:00,23.633333333333336,71.03333333333333
2026-07-21 06:53:00,23.7,71.03333333333333
2026-07-21 06:54:00,23.7,71.23333333333333
2026-07-21 06:55:00,23.8,71.16666666666667
2026-07-21 06:56:00,23.833333333333332,70.96666666666667
2026-07-21 06:57:00,23.866666666666664,70.93333333333334
2026-07-21 06:58:00,23.899999999999995,71.03333333333333
2026-07-21 06:59:00,23.899999999999995,71.10000000000001
2026-07-21 07:00:00,23.899999999999995,71.46666666666667
2026-07-21 07:01:00,23.899999999999995,71.76666666666667
2026-07-21 07:02:00,23.833333333333332,72.06666666666666
2026-07-21 07:03:00,23.8,72.76666666666667
2026-07-21 07:04:00,23.833333333333332,73.36666666666667
2026-07-21 07:05:00,23.7,74.7
2026-07-21 07:06:00,23.566666666666666,75.63333333333333
2026-07-21 07:07:00,23.46666666666667,76.7
2026-07-21 07:08:00,23.333333333333332,77.13333333333333
2026-07-21 07:09:00,23.3,78.0
2026-07-21 07:10:00,23.3,78.13333333333333
2026-07-21 07:11:00,23.3,78.7
2026-07-21 07:12:00,23.2,79.10000000000001
2026-07-21 07:13:00,23.2,79.36666666666667
2026-07-21 07:14:00,23.2,79.63333333333333
2026-07-21 07:15:00,23.166666666666668,80.0
2026-07-21 07:16:00,23.100000000000005,80.16666666666667
2026-07-21 07:17:00,23.100000000000005,80.3
2026-07-21 07:18:00,23.100000000000005,80.3
2026-07-21 07:19:00,23.1,80.1
2026-07-21 07:20:00,23.166666666666668,80.16666666666667
2026-07-21 07:21:00,23.2,80.23333333333333
2026-07-21 07:22:00,23.2,80.33333333333333
2026-07-21 07:23:00,23.100000000000005,80.60000000000001
2026-07-21 07:24:00,23.100000000000005,80.83333333333333
2026-07-21 07:25:00,23.166666666666668,80.46666666666667
2026-07-21 07:26:00,23.2,80.46666666666667
2026-07-21 07:27:00,23.2,80.60000000000001
2026-07-21 07:28:00,23.2,80.8
2026-07-21 07:29:00,23.266666666666666,80.83333333333333
2026-07-21 07:30:00,23.3,80.76666666666667
2026-07-21 07:31:00,23.3,80.73333333333333
2026-07-21 07:32:00,23.399999999999995,80.2
2026-07-21 07:33:00,23.46666666666667,79.7
2026-07-21 07:34:00,23.600000000000005,79.26666666666667
2026-07-21 07:35:00,23.7,79.03333333333333
2026-07-21 07:36:00,23.733333333333334,79.0
2026-07-21 07:37:00,23.8,78.86666666666667
2026-07-21 07:38:00,23.833333333333332,78.60000000000001
2026-07-21 07:39:00,23.899999999999995,78.46666666666667
2026-07-21 07:40:00,23.933333333333334,78.4
2026-07-21 07:41:00,23.96666666666667,78.33333333333333
2026-07-21 07:42:00,24.0,78.53333333333333
2026-07-21 07:43:00,23.96666666666667,78.66666666666667
2026-07-21 07:44:00,24.0,79.10000000000001
2026-07-21 07:45:00,24.066666666666666,78.76666666666667
2026-07-21 07:46:00,24.03333333333333,78.89999999999999
2026-07-21 07:47:00,24.100000000000005,78.76666666666667
2026-07-21 07:48:00,24.100000000000005,78.33333333333333
2026-07-21 07:49:00,24.100000000000005,77.96666666666667
2026-07-21 07:50:00,24.100000000000005,77.5
2026-07-21 07:51:00,24.066666666666666,76.89999999999999
2026-07-21 07:52:00,24.066666666666666,76.66666666666667
2026-07-21 07:53:00,24.03333333333333,76.33333333333333
2026-07-21 07:54:00,24.0,75.86666666666667
2026-07-21 07:55:00,24.03333333333333,75.43333333333334
2026-07-21 07:56:00,24.066666666666666,75.46666666666667
2026-07-21 07:57:00,24.100000000000005,74.93333333333334
2026-07-21 07:58:00,24.100000000000005,74.63333333333333
2026-07-21 07:59:00,24.100000000000005,74.23333333333333
2026-07-21 08:00:00,24.100000000000005,74.06666666666666
2026-07-21 08:01:00,24.100000000000005,73.63333333333333
2026-07-21 08:02:00,24.03333333333333,73.66666666666667
2026-07-21 08:03:00,24.100000000000005,73.73333333333333
2026-07-21 08:04:00,24.100000000000005,73.63333333333333
2026-07-21 08:05:00,24.133333333333336,73.33333333333333
2026-07-21 08:06:00,24.2,73.06666666666666
2026-07-21 08:07:00,24.2,73.0
2026-07-21 08:08:00,24.2,72.86666666666667
2026-07-21 08:09:00,24.2,72.7
2026-07-21 08:10:00,24.2,72.63333333333333
2026-07-21 08:11:00,24.3,72.2
2026-07-21 08:12:00,24.3,71.89999999999999
2026-07-21 08:13:00,24.333333333333332,71.83333333333333
2026-07-21 08:14:00,24.399999999999995,71.63333333333333
2026-07-21 08:15:00,24.399999999999995,71.73333333333333
2026-07-21 08:16:00,24.366666666666664,71.76666666666667
2026-07-21 08:17:00,24.366666666666664,71.89999999999999
2026-07-21 08:18:00,24.399999999999995,71.86666666666667
2026-07-21 08:19:00,24.399999999999995,71.89999999999999
2026-07-21 08:20:00,24.399999999999995,71.63333333333333
2026-07-21 08:21:00,24.399999999999995,71.63333333333333
2026-07-21 08:22:00,24.399999999999995,71.63333333333333
2026-07-21 08:23:00,24.399999999999995,71.56666666666666
2026-07-21 08:24:00,24.566666666666666,71.43333333333334
2026-07-21 08:25:00,24.600000000000005,70.86666666666666
2026-07-21 08:26:00,24.600000000000005,70.8
2026-07-21 08:27:00,24.600000000000005,70.83333333333333
2026-07-21 08:28:00,24.600000000000005,71.0
2026-07-21 08:29:00,24.600000000000005,71.13333333333333
2026-07-21 08:30:00,24.600000000000005,70.86666666666667
2026-07-21 08:31:00,24.600000000000005,70.56666666666666
2026-07-21 08:32:00,24.600000000000005,70.16666666666667
2026-07-21 08:33:00,24.600000000000005,69.5
2026-07-21 08:34:00,24.566666666666666,68.43333333333334
2026-07-21 08:35:00,24.5,68.46666666666667
2026-07-21 08:36:00,24.399999999999995,68.46666666666667
2026-07-21 08:37:00,24.433333333333334,68.36666666666667
2026-07-21 08:38:00,24.5,68.2
2026-07-21 08:39:00,24.5,68.2
2026-07-21 08:40:00,24.5,68.10000000000001
2026-07-21 08:41:00,24.5,68.06666666666666
2026-07-21 08:42:00,24.46666666666667,68.26666666666667
2026-07-21 08:43:00,24.399999999999995,68.53333333333333
2026-07-21 08:44:00,24.46666666666667,68.66666666666667
2026-07-21 08:45:00,24.5,68.43333333333334
2026-07-21 08:46:00,24.5,68.16666666666667
2026-07-21 08:47:00,24.5,68.16666666666667
2026-07-21 08:48:00,24.5,67.96666666666665
2026-07-21 08:49:00,24.566666666666666,67.7
2026-07-21 08:50:00,24.600000000000005,67.83333333333333
2026-07-21 08:51:00,24.733333333333334,67.60000000000001
2026-07-21 08:52:00,24.8,66.63333333333334
2026-07-21 08:53:00,24.8,65.86666666666666
2026-07-21 08:54:00,24.8,65.5
2026-07-21 08:55:00,24.766666666666666,65.43333333333334
2026-07-21 08:56:00,24.7,65.39999999999999
2026-07-21 08:57:00,24.7,65.4
2026-07-21 08:58:00,24.7,65.39999999999999
2026-07-21 08:59:00,24.7,65.53333333333333
2026-07-21 09:00:00,24.7,65.66666666666667
2026-07-21 09:01:00,24.7,65.8
2026-07-21 09:02:00,24.7,66.06666666666666
2026-07-21 09:03:00,24.7,66.1
2026-07-21 09:04:00,24.766666666666666,66.23333333333333
2026-07-21 09:05:00,24.8,65.89999999999999
2026-07-21 09:06:00,24.866666666666664,65.56666666666666
2026-07-21 09:07:00,24.833333333333332,65.4
2026-07-21 09:08:00,24.8,65.56666666666666
2026-07-21 09:09:00,24.766666666666666,65.33333333333333
2026-07-21 09:10:00,24.8,65.26666666666667
2026-07-21 09:11:00,24.8,65.23333333333333
2026-07-21 09:12:00,24.8,65.1
2026-07-21 09:13:00,24.8,65.23333333333333
2026-07-21 09:14:00,24.8,65.3
2026-07-21 09:15:00,24.833333333333332,65.2
2026-07-21 09:16:00,24.866666666666664,65.36666666666666
2026-07-21 09:17:00,25.03333333333333,65.46666666666665
2026-07-21 09:18:00,25.100000000000005,65.10000000000001
2026-07-21 09:19:00,25.100000000000005,64.96666666666667
2026-07-21 09:20:00,25.166666666666668,64.93333333333334
2026-07-21 09:21:00,25.2,64.9
2026-07-21 09:22:00,25.2,64.89999999999999
2026-07-21 09:23:00,25.3,64.93333333333334
2026-07-21 09:24:00,25.46666666666667,64.76666666666667
2026-07-21 09:25:00,25.600000000000005,64.39999999999999
2026-07-21 09:26:00,25.633333333333336,64.2
2026-07-21 09:27:00,25.7,64.0
2026-07-21 09:28:00,25.7,63.86666666666667
2026-07-21 09:29:00,25.7,63.93333333333334
2026-07-21 09:30:00,25.600000000000005,64.13333333333333
2026-07-21 09:31:00,25.5,64.33333333333333
2026-07-21 09:32:00,25.5,64.66666666666667
2026-07-21 09:33:00,25.399999999999995,64.89999999999999
2026-07-21 09:34:00,25.333333333333332,65.1
2026-07-21 09:35:00,25.3,64.93333333333334
2026-07-21 09:36:00,25.333333333333332,65.03333333333333
2026-07-21 09:37:00,25.399999999999995,64.93333333333334
2026-07-21 09:38:00,25.399999999999995,64.96666666666667
2026-07-21 09:39:00,25.399999999999995,64.83333333333333
2026-07-21 09:40:00,25.433333333333334,64.93333333333334
2026-07-21 09:41:00,25.5,65.0
2026-07-21 09:42:00,25.53333333333333,64.96666666666667
2026-07-21 09:43:00,25.600000000000005,64.63333333333333
2026-07-21 09:44:00,25.633333333333336,64.26666666666667
2026-07-21 09:45:00,25.600000000000005,64.03333333333333
2026-07-21 09:46:00,25.53333333333333,63.96666666666667
2026-07-21 09:47:00,25.5,63.93333333333334
2026-07-21 09:48:00,25.5,64.0
2026-07-21 09:49:00,25.5,63.93333333333334
2026-07-21 09:50:00,25.5,63.93333333333334
2026-07-21 09:51:00,25.566666666666666,64.26666666666667
2026-07-21 09:52:00,25.666666666666668,64.23333333333333
2026-07-21 09:53:00,25.666666666666668,64.3
2026-07-21 09:54:00,25.7,64.6
2026-07-21 09:55:00,25.733333333333334,64.6
2026-07-21 09:56:00,25.7,64.63333333333333
2026-07-21 09:57:00,25.566666666666666,64.96666666666665
2026-07-21 09:58:00,25.53333333333333,65.3
2026-07-21 09:59:00,25.5,65.23333333333333
2026-07-21 10:00:00,25.5,64.89999999999999
2026-07-21 10:01:00,25.5,64.8
2026-07-21 10:02:00,25.600000000000005,64.63333333333333
2026-07-21 10:03:00,25.733333333333334,64.0
2026-07-21 10:04:00,25.8,62.9
2026-07-21 10:05:00,25.7,62.833333333333336
2026-07-21 10:06:00,25.7,63.166666666666664
2026-07-21 10:07:00,25.833333333333332,62.56666666666666
2026-07-21 10:08:00,25.866666666666664,61.666666666666664
2026-07-21 10:09:00,25.8,61.800000000000004
2026-07-21 10:10:00,25.866666666666664,62.0
2026-07-21 10:11:00,25.96666666666667,62.1
2026-07-21 10:12:00,26.0,62.06666666666666
2026-07-21 10:13:00,25.96666666666667,62.36666666666667
2026-07-21 10:14:00,25.833333333333332,62.86666666666667
2026-07-21 10:15:00,25.8,63.46666666666667
2026-07-21 10:16:00,25.7,63.76666666666667
2026-07-21 10:17:00,25.8,63.5
2026-07-21 10:18:00,25.8,63.23333333333333
2026-07-21 10:19:00,25.666666666666668,63.4
2026-07-21 10:20:00,25.600000000000005,63.333333333333336
2026-07-21 10:21:00,25.600000000000005,63.63333333333333
2026-07-21 10:22:00,25.733333333333334,63.833333333333336
2026-07-21 10:23:00,25.733333333333334,63.4
2026-07-21 10:24:00,25.8,62.56666666666666
2026-07-21 10:25:00,25.733333333333334,62.1
2026-07-21 10:26:00,25.7,62.13333333333333
2026-07-21 10:27:00,25.7,62.5
2026-07-21 10:28:00,25.7,62.73333333333333
2026-07-21 10:29:00,25.733333333333334,62.63333333333333
2026-07-21 10:30:00,25.8,62.833333333333336
2026-07-21 10:31:00,25.833333333333332,62.833333333333336
2026-07-21 10:32:00,25.899999999999995,62.9
2026-07-21 10:33:00,25.8,63.26666666666667
2026-07-21 10:34:00,25.7,63.43333333333334
2026-07-21 10:35:00,25.7,63.699999999999996
2026-07-21 10:36:00,25.7,64.0
2026-07-21 10:37:00,25.833333333333332,63.86666666666667
2026-07-21 10:38:00,25.96666666666667,63.56666666666666
2026-07-21 10:39:00,26.066666666666666,63.29999999999999
2026-07-21 10:40:00,26.2,63.13333333333333
2026-07-21 10:41:00,26.2,63.1
2026-07-21 10:42:00,26.166666666666668,63.166666666666664
2026-07-21 10:43:00,26.100000000000005,63.36666666666667
2026-07-21 10:44:00,26.2,63.43333333333334
2026-07-21 10:45:00,26.133333333333336,63.46666666666667
2026-07-21 10:46:00,26.100000000000005,63.6
2026-07-21 10:47:00,26.100000000000005,63.76666666666667
2026-07-21 10:48:00,26.100000000000005,64.06666666666666
2026-07-21 10:49:00,26.2,64.03333333333333
2026-07-21 10:50:00,26.2,64.0
2026-07-21 10:51:00,26.2,64.16666666666667
2026-07-21 10:52:00,26.2,64.1
2026-07-21 10:53:00,26.2,64.16666666666667
2026-07-21 10:54:00,26.166666666666668,64.16666666666667
2026-07-21 10:55:00,26.2,64.36666666666666
2026-07-21 10:56:00,26.233333333333334,64.33333333333333
2026-07-21 10:57:00,26.3,64.16666666666667
2026-07-21 10:58:00,26.3,63.93333333333334
2026-07-21 10:59:00,26.3,63.76666666666667
2026-07-21 11:00:00,26.400000000000002,64.03333333333333
2026-07-21 11:01:00,26.600000000000005,63.63333333333333
2026-07-21 11:02:00,26.666666666666668,63.300000000000004
2026-07-21 11:03:00,26.7,63.13333333333333
2026-07-21 11:04:00,26.7,63.13333333333333
2026-07-21 11:05:00,26.7,63.13333333333333
2026-07-21 11:06:00,26.7,63.20000000000001
2026-07-21 11:07:00,26.7,63.4
2026-07-21 11:08:00,26.600000000000005,63.53333333333333
2026-07-21 11:09:00,26.600000000000005,63.666666666666664
2026-07-21 11:10:00,26.633333333333336,63.833333333333336
2026-07-21 11:11:00,26.733333333333334,63.5
2026-07-21 11:12:00,26.7,63.46666666666667
2026-07-21 11:13:00,26.666666666666668,63.56666666666666
2026-07-21 11:14:00,26.600000000000005,63.666666666666664
2026-07-21 11:15:00,26.600000000000005,63.73333333333333
2026-07-21 11:16:00,26.600000000000005,63.76666666666667
2026-07-21 11:17:00,26.600000000000005,63.833333333333336
2026-07-21 11:18:00,26.7,64.06666666666666
2026-07-21 11:19:00,26.7,63.93333333333334
2026-07-21 11:21:00,26.733333333333334,63.76666666666667
2026-07-21 11:22:00,26.766666666666666,63.79999999999999
2026-07-21 11:23:00,26.7,63.9
2026-07-21 11:24:00,26.7,63.86666666666667
2026-07-21 11:25:00,26.7,63.73333333333333
2026-07-21 11:26:00,26.7,63.666666666666664
2026-07-21 11:27:00,26.7,63.666666666666664
2026-07-21 11:28:00,26.7,63.63333333333333
2026-07-21 11:29:00,26.7,63.666666666666664
2026-07-21 11:30:00,26.7,63.86666666666667
2026-07-21 11:31:00,26.7,63.96666666666667
2026-07-21 11:32:00,26.633333333333336,64.23333333333333
2026-07-21 11:33:00,26.600000000000005,64.5
2026-07-21 11:34:00,26.633333333333336,64.76666666666667
2026-07-21 11:35:00,26.7,64.8
2026-07-21 11:36:00,26.7,64.76666666666667
2026-07-21 11:37:00,26.766666666666666,64.73333333333333
2026-07-21 11:38:00,26.7,64.73333333333333
2026-07-21 11:39:00,26.7,64.93333333333334
2026-07-21 11:40:00,26.633333333333336,65.2
2026-07-21 11:41:00,26.666666666666668,65.4
2026-07-21 11:42:00,26.766666666666666,65.3
2026-07-21 11:43:00,26.8,65.03333333333333
2026-07-21 11:44:00,26.8,64.93333333333334
2026-07-21 11:45:00,26.8,65.0
2026-07-21 11:46:00,26.733333333333334,64.93333333333334
2026-07-21 11:47:00,26.733333333333334,64.66666666666667
2026-07-21 11:48:00,26.7,64.5
2026-07-21 11:49:00,26.7,64.66666666666667
2026-07-21 11:50:00,26.633333333333336,65.0
2026-07-21 11:51:00,26.566666666666666,65.1
2026-07-21 11:52:00,26.5,64.96666666666667
2026-07-21 11:53:00,26.53333333333333,65.0
2026-07-21 11:54:00,26.600000000000005,64.9
2026-07-21 11:55:00,26.666666666666668,64.76666666666667
2026-07-21 11:56:00,26.766666666666666,64.56666666666666
2026-07-21 11:57:00,26.833333333333332,64.5
2026-07-21 11:58:00,26.933333333333334,64.46666666666667
2026-07-21 11:59:00,27.0,64.3
2026-07-21 12:00:00,27.0,64.2
2026-07-21 12:01:00,27.0,64.1
2026-07-21 12:02:00,27.03333333333333,64.10000000000001
2026-07-21 12:03:00,27.100000000000005,64.03333333333333
2026-07-21 12:04:00,27.100000000000005,63.96666666666667
2026-07-21 12:05:00,27.100000000000005,64.0
2026-07-21 12:06:00,27.100000000000005,64.0
2026-07-21 12:07:00,27.100000000000005,63.9
2026-07-21 12:08:00,27.100000000000005,63.73333333333333
2026-07-21 12:09:00,27.100000000000005,63.93333333333334
2026-07-21 12:10:00,27.100000000000005,63.93333333333334
2026-07-21 12:11:00,27.166666666666668,63.93333333333334
2026-07-21 12:12:00,27.2,64.03333333333333
2026-07-21 12:13:00,27.100000000000005,64.16666666666667
2026-07-21 12:14:00,27.100000000000005,64.2
2026-07-21 12:15:00,27.03333333333333,64.23333333333333
2026-07-21 12:16:00,27.0,64.3
2026-07-21 12:17:00,26.933333333333334,64.6
2026-07-21 12:18:00,26.899999999999995,64.53333333333333
2026-07-21 12:19:00,26.899999999999995,64.8
2026-07-21 12:20:00,26.8,65.06666666666666
2026-07-21 12:21:00,26.766666666666666,65.3
2026-07-21 12:22:00,26.8,65.06666666666666
2026-07-21 12:23:00,26.8,64.66666666666667
2026-07-21 12:24:00,26.899999999999995,64.46666666666667
2026-07-21 12:25:00,26.899999999999995,64.43333333333334
2026-07-21 12:26:00,26.899999999999995,64.26666666666667
2026-07-21 12:27:00,26.933333333333334,64.2
2026-07-21 12:28:00,26.96666666666667,64.0
2026-07-21 12:29:00,27.0,64.03333333333333
2026-07-21 12:30:00,27.0,64.0
2026-07-21 12:31:00,27.0,63.833333333333336
2026-07-21 12:32:00,26.933333333333334,64.03333333333333
2026-07-21 12:33:00,26.866666666666664,64.23333333333333
2026-07-21 12:34:00,26.8,64.26666666666667
2026-07-21 12:35:00,26.8,64.33333333333333
2026-07-21 12:36:00,26.8,64.5
2026-07-21 12:37:00,26.833333333333332,64.53333333333333
2026-07-21 12:38:00,26.8,64.63333333333333
2026-07-21 12:39:00,26.8,64.8
2026-07-21 12:40:00,26.733333333333334,65.10000000000001
2026-07-21 12:41:00,26.7,65.23333333333333
2026-07-21 12:42:00,26.666666666666668,65.16666666666667
2026-07-21 12:43:00,26.7,65.13333333333333
2026-07-21 12:44:00,26.7,64.89999999999999
2026-07-21 12:45:00,26.8,64.53333333333333
2026-07-21 12:46:00,26.866666666666664,64.53333333333333
2026-07-21 12:47:00,26.899999999999995,64.53333333333333
2026-07-21 12:48:00,26.899999999999995,64.63333333333334
2026-07-21 12:49:00,26.899999999999995,64.5
2026-07-21 12:50:00,26.899999999999995,64.46666666666667
2026-07-21 12:51:00,26.899999999999995,64.66666666666667
2026-07-21 12:52:00,26.96666666666667,64.56666666666666
2026-07-21 12:53:00,27.066666666666666,64.5
2026-07-21 12:54:00,27.100000000000005,64.53333333333333
2026-07-21 12:55:00,27.100000000000005,64.56666666666666
2026-07-21 12:56:00,27.100000000000005,64.39999999999999
2026-07-21 12:57:00,27.2,64.33333333333333
2026-07-21 12:58:00,27.2,64.36666666666667
2026-07-21 12:59:00,27.2,64.2
2026-07-21 13:00:00,27.166666666666668,64.4
2026-07-21 13:01:00,27.100000000000005,64.33333333333333
2026-07-21 13:02:00,27.2,64.23333333333333
2026-07-21 13:03:00,27.2,64.13333333333333
2026-07-21 13:04:00,27.2,64.03333333333333
2026-07-21 13:05:00,27.2,63.833333333333336
2026-07-21 13:06:00,27.266666666666666,63.73333333333333
2026-07-21 13:07:00,27.333333333333332,63.699999999999996
2026-07-21 13:08:00,27.366666666666664,63.63333333333333
2026-07-21 13:09:00,27.4,63.45
2026-07-21 13:10:00,27.3,63.4
2026-07-21 13:11:00,27.3,63.5
2026-07-21 13:12:00,27.2,63.666666666666664
2026-07-21 13:13:00,27.133333333333336,63.800000000000004
2026-07-21 13:14:00,27.066666666666666,63.9
2026-07-21 13:15:00,27.066666666666666,64.0
2026-07-21 13:16:00,27.03333333333333,63.800000000000004
2026-07-21 13:17:00,27.100000000000005,63.666666666666664
2026-07-21 13:18:00,27.100000000000005,63.63333333333333
2026-07-21 13:19:00,27.100000000000005,64.0
2026-07-21 13:20:00,27.100000000000005,63.800000000000004
2026-07-21 13:21:00,27.2,63.86666666666667
2026-07-21 13:22:00,27.2,63.9
2026-07-21 13:23:00,27.133333333333336,63.9
2026-07-21 13:24:00,27.2,63.86666666666667
2026-07-21 13:25:00,27.2,63.9
2026-07-21 13:26:00,27.2,63.833333333333336
2026-07-21 13:27:00,27.133333333333336,63.93333333333334
2026-07-21 13:29:00,27.066666666666666,64.2
2026-07-21 13:30:00,27.100000000000005,64.2
2026-07-21 13:32:00,27.2,64.2
2026-07-21 13:33:00,27.2,64.05
2026-07-21 13:36:00,27.3,63.5
2026-07-21 13:37:00,27.3,63.46666666666667
2026-07-21 13:38:00,27.233333333333334,63.73333333333333
2026-07-21 13:39:00,27.2,63.7
2026-07-21 13:40:00,27.2,63.85
2026-07-21 13:41:00,27.166666666666668,64.0
2026-07-21 13:42:00,27.2,64.2
2026-07-21 13:43:00,27.133333333333336,64.39999999999999
2026-07-21 13:44:00,27.100000000000005,64.16666666666667
2026-07-21 13:45:00,27.100000000000005,64.23333333333333
2026-07-21 13:46:00,27.100000000000005,64.36666666666667
2026-07-21 13:47:00,27.100000000000005,64.39999999999999
2026-07-21 13:48:00,27.100000000000005,64.36666666666666
2026-07-21 13:49:00,27.100000000000005,64.7
2026-07-21 13:50:00,27.03333333333333,64.76666666666667
2026-07-21 13:51:00,27.0,64.83333333333333
2026-07-21 13:52:00,27.0,64.8
2026-07-21 13:53:00,27.03333333333333,64.76666666666667
2026-07-21 13:54:00,27.100000000000005,64.66666666666667
2026-07-21 13:55:00,27.100000000000005,64.53333333333333
2026-07-21 13:56:00,27.100000000000005,64.73333333333333
2026-07-21 13:57:00,27.100000000000005,64.66666666666667
2026-07-21 13:58:00,27.100000000000005,64.60000000000001
2026-07-21 13:59:00,27.2,64.63333333333333
2026-07-21 14:00:00,27.2,64.56666666666666
2026-07-21 14:01:00,27.166666666666668,64.56666666666666
2026-07-21 14:02:00,27.133333333333336,64.7
2026-07-21 14:03:00,27.2,64.5
2026-07-21 14:04:00,27.133333333333336,64.8
2026-07-21 14:05:00,27.066666666666666,65.03333333333335
2026-07-21 14:06:00,27.0,64.93333333333334
2026-07-21 14:07:00,27.0,65.03333333333333
2026-07-21 14:08:00,27.0,65.13333333333333
2026-07-21 14:09:00,27.0,65.03333333333333
2026-07-21 14:10:00,27.100000000000005,64.86666666666667
2026-07-21 14:11:00,27.133333333333336,64.66666666666667
2026-07-21 14:12:00,27.2,64.5
2026-07-21 14:13:00,27.2,64.46666666666667
2026-07-21 14:14:00,27.166666666666668,64.5
2026-07-21 14:15:00,27.166666666666668,64.53333333333333
2026-07-21 14:16:00,27.166666666666668,64.63333333333333
2026-07-21 14:17:00,27.100000000000005,64.73333333333333
2026-07-21 14:18:00,27.100000000000005,64.83333333333333
2026-07-21 14:19:00,27.100000000000005,64.8
2026-07-21 14:20:00,27.100000000000005,64.66666666666667
2026-07-21 14:21:00,27.100000000000005,64.63333333333333
2026-07-21 14:22:00,27.03333333333333,64.7
2026-07-21 14:23:00,27.0,64.7
2026-07-21 14:24:00,27.0,64.66666666666667
2026-07-21 14:25:00,27.0,64.7
2026-07-21 14:26:00,27.0,64.8
2026-07-21 14:27:00,27.0,64.8
2026-07-21 14:28:00,27.0,64.86666666666667
2026-07-21 14:29:00,27.0,64.93333333333334
2026-07-21 14:30:00,27.0,65.0
2026-07-21 14:31:00,27.0,65.03333333333333
2026-07-21 14:32:00,27.0,65.03333333333333
2026-07-21 14:33:00,26.96666666666667,65.16666666666667
2026-07-21 14:34:00,26.899999999999995,65.33333333333333
2026-07-21 14:35:00,26.833333333333332,65.7
2026-07-21 14:36:00,26.8,65.7
2026-07-21 14:37:00,26.8,65.76666666666667
2026-07-21 14:38:00,26.8,65.93333333333334
2026-07-21 14:39:00,26.8,66.1
2026-07-21 14:40:00,26.7,66.03333333333333
2026-07-21 14:41:00,26.8,65.93333333333334
2026-07-21 14:42:00,26.8,65.8
2026-07-21 14:43:00,26.766666666666666,65.83333333333333
2026-07-21 14:44:00,26.8,65.7
2026-07-21 14:45:00,26.8,65.86666666666667
2026-07-21 14:46:00,26.733333333333334,66.0
2026-07-21 14:47:00,26.7,66.13333333333333
2026-07-21 14:48:00,26.7,65.96666666666667
2026-07-21 14:49:00,26.7,65.7
2026-07-21 14:51:00,26.8,65.53333333333333
2026-07-21 14:52:00,26.8,65.56666666666666
2026-07-21 14:53:00,26.766666666666666,65.7
2026-07-21 14:54:00,26.7,65.8
2026-07-21 14:55:00,26.7,65.86666666666667
2026-07-21 14:56:00,26.7,66.03333333333333
2026-07-21 14:57:00,26.7,65.9
2026-07-21 14:58:00,26.7,66.03333333333333
2026-07-21 14:59:00,26.7,66.03333333333333
2026-07-21 15:00:00,26.7,65.93333333333334
2026-07-21 15:01:00,26.766666666666666,65.76666666666667
2026-07-21 15:02:00,26.8,65.56666666666666
2026-07-21 15:03:00,26.866666666666664,65.56666666666666
2026-07-21 15:04:00,26.899999999999995,65.56666666666666
2026-07-21 15:05:00,26.933333333333334,65.7
2026-07-21 15:06:00,26.899999999999995,65.46666666666667
2026-07-21 15:07:00,26.899999999999995,65.4
2026-07-21 15:08:00,26.899999999999995,65.36666666666667
2026-07-21 15:09:00,26.9,65.4
2026-07-21 15:10:00,26.899999999999995,65.76666666666667
2026-07-21 15:11:00,26.899999999999995,65.7
2026-07-21 15:12:00,26.899999999999995,65.63333333333333
2026-07-21 15:13:00,26.899999999999995,65.63333333333333
2026-07-21 15:14:00,26.899999999999995,65.73333333333333
2026-07-21 15:15:00,26.866666666666664,65.76666666666667
2026-07-21 15:16:00,26.8,65.73333333333333
2026-07-21 15:17:00,26.833333333333332,65.8
2026-07-21 15:18:00,26.899999999999995,65.86666666666667
2026-07-21 15:19:00,26.899999999999995,65.76666666666667
2026-07-21 15:20:00,26.899999999999995,65.83333333333333
2026-07-21 15:21:00,26.833333333333332,65.93333333333334
2026-07-21 15:22:00,26.8,66.0
2026-07-21 15:23:00,26.899999999999995,66.2
2026-07-21 15:24:00,26.866666666666664,66.3
2026-07-21 15:25:00,26.899999999999995,66.43333333333334
2026-07-21 15:26:00,26.899999999999995,66.23333333333333
2026-07-21 15:27:00,26.933333333333334,66.06666666666666
2026-07-21 15:28:00,26.899999999999995,66.16666666666667
2026-07-21 15:29:00,26.899999999999995,66.33333333333333
2026-07-21 15:30:00,26.833333333333332,66.39999999999999
2026-07-21 15:31:00,26.8,66.33333333333333
2026-07-21 15:32:00,26.8,66.43333333333334
2026-07-21 15:33:00,26.8,66.56666666666666
2026-07-21 15:34:00,26.766666666666666,66.63333333333333
2026-07-21 15:35:00,26.7,66.66666666666667
2026-07-21 15:36:00,26.7,66.6
2026-07-21 15:37:00,26.7,66.60000000000001
2026-07-21 15:38:00,26.7,66.46666666666667
2026-07-21 15:39:00,26.733333333333334,66.26666666666667
2026-07-21 15:40:00,26.8,66.03333333333333
2026-07-21 15:41:00,26.8,65.96666666666667
2026-07-21 15:42:00,26.8,65.9
2026-07-21 15:43:00,26.8,65.73333333333333
2026-07-21 15:44:00,26.866666666666664,65.66666666666667
2026-07-21 15:45:00,26.899999999999995,65.63333333333333
2026-07-21 15:46:00,26.899999999999995,65.53333333333333
2026-07-21 15:47:00,26.866666666666664,65.5
2026-07-21 15:48:00,26.8,65.56666666666666
2026-07-21 15:49:00,26.8,65.7
2026-07-21 15:50:00,26.8,65.83333333333333
2026-07-21 15:51:00,26.766666666666666,65.83333333333333
2026-07-21 15:52:00,26.766666666666666,65.83333333333333
2026-07-21 15:53:00,26.7,65.8
2026-07-21 15:54:00,26.733333333333334,65.56666666666666
2026-07-21 15:55:00,26.766666666666666,65.39999999999999
2026-07-21 15:56:00,26.766666666666666,65.36666666666667
2026-07-21 15:57:00,26.8,65.53333333333333
2026-07-21 15:58:00,26.8,65.43333333333334
2026-07-21 15:59:00,26.8,65.36666666666667
2026-07-21 16:00:00,26.8,65.36666666666667
2026-07-21 16:01:00,26.8,65.39999999999999
2026-07-21 16:02:00,26.8,65.3
2026-07-21 16:03:00,26.8,65.36666666666667
2026-07-21 16:04:00,26.8,65.4
2026-07-21 16:05:00,26.8,65.43333333333334
2026-07-21 16:06:00,26.8,65.36666666666667
2026-07-21 16:07:00,26.766666666666666,65.23333333333333
2026-07-21 16:08:00,26.7,65.03333333333333
2026-07-21 16:09:00,26.7,64.96666666666667
2026-07-21 16:10:00,26.7,64.86666666666667
2026-07-21 16:11:00,26.7,64.96666666666667
2026-07-21 16:12:00,26.7,64.96666666666667
2026-07-21 16:13:00,26.7,64.96666666666667
2026-07-21 16:14:00,26.7,64.96666666666667
2026-07-21 16:15:00,26.7,64.83333333333333
2026-07-21 16:16:00,26.7,64.8
2026-07-21 16:17:00,26.666666666666668,64.7
2026-07-21 16:18:00,26.7,64.7
2026-07-21 16:19:00,26.7,64.73333333333333
2026-07-21 16:20:00,26.600000000000005,64.76666666666667
2026-07-21 16:21:00,26.633333333333336,64.86666666666667
2026-07-21 16:22:00,26.666666666666668,64.86666666666667
2026-07-21 16:23:00,26.666666666666668,64.86666666666667
2026-07-21 16:24:00,26.7,64.76666666666667
2026-07-21 16:25:00,26.666666666666668,64.7
2026-07-21 16:26:00,26.566666666666666,64.63333333333333
2026-07-21 16:27:00,26.46666666666667,64.86666666666667
2026-07-21 16:28:00,26.399999999999995,64.9
2026-07-21 16:29:00,26.399999999999995,65.16666666666667
2026-07-21 16:30:00,26.399999999999995,65.46666666666667
2026-07-21 16:31:00,26.3,65.7
2026-07-21 16:32:00,26.3,65.60000000000001
2026-07-21 16:33:00,26.3,65.33333333333333
2026-07-21 16:34:00,26.3,65.26666666666667
2026-07-21 16:35:00,26.3,65.2
2026-07-21 16:36:00,26.3,65.3
2026-07-21 16:37:00,26.266666666666666,65.46666666666667
2026-07-21 16:38:00,26.266666666666666,65.5
2026-07-21 16:39:00,26.233333333333334,65.4
2026-07-21 16:40:00,26.3,65.5
2026-07-21 16:41:00,26.3,65.43333333333334
2026-07-21 16:42:00,26.266666666666666,65.56666666666666
2026-07-21 16:43:00,26.266666666666666,65.63333333333333
2026-07-21 16:44:00,26.2,65.5
2026-07-21 16:45:00,26.2,65.53333333333333
2026-07-21 16:46:00,26.133333333333336,65.53333333333333
2026-07-21 16:47:00,26.166666666666668,65.60000000000001
2026-07-21 16:48:00,26.100000000000005,65.56666666666666
2026-07-21 16:49:00,26.100000000000005,65.43333333333334
2026-07-21 16:50:00,26.03333333333333,65.43333333333334
2026-07-21 16:51:00,26.0,65.5
2026-07-21 16:52:00,25.96666666666667,65.53333333333333
2026-07-21 16:53:00,25.96666666666667,65.5
2026-07-21 16:54:00,25.933333333333334,65.4
2026-07-21 16:55:00,25.899999999999995,65.4
2026-07-21 16:56:00,25.899999999999995,65.4
2026-07-21 16:57:00,25.899999999999995,65.39999999999999
2026-07-21 16:58:00,25.899999999999995,65.53333333333333
2026-07-21 16:59:00,25.899999999999995,65.66666666666667
2026-07-21 17:00:00,25.899999999999995,65.7
2026-07-21 17:01:00,25.899999999999995,65.76666666666667
2026-07-21 17:02:00,25.933333333333334,65.83333333333333
2026-07-21 17:03:00,26.0,65.73333333333333
2026-07-21 17:04:00,26.0,65.63333333333334
2026-07-21 17:05:00,26.03333333333333,65.53333333333333
2026-07-21 17:06:00,26.100000000000005,65.5
2026-07-21 17:07:00,26.100000000000005,65.4
2026-07-21 17:08:00,26.100000000000005,65.33333333333333
2026-07-21 17:09:00,26.1,65.19999999999999
2026-07-21 17:10:00,26.100000000000005,65.2
2026-07-21 17:11:00,26.100000000000005,65.2
2026-07-21 17:12:00,26.100000000000005,65.16666666666667
2026-07-21 17:13:00,26.100000000000005,65.1
2026-07-21 17:14:00,26.100000000000005,65.16666666666667
2026-07-21 17:15:00,26.100000000000005,65.1
2026-07-21 17:16:00,26.100000000000005,65.03333333333333
2026-07-21 17:17:00,26.100000000000005,64.93333333333334
2026-07-21 17:18:00,26.066666666666666,64.9
2026-07-21 17:19:00,26.03333333333333,64.83333333333333
2026-07-21 17:20:00,26.0,64.86666666666667
2026-07-21 17:21:00,26.05,64.9
2026-07-21 17:22:00,26.0,64.9
2026-07-21 17:23:00,26.0,64.83333333333333
2026-07-21 17:24:00,26.100000000000005,64.8
2026-07-21 17:25:00,26.100000000000005,64.76666666666667
2026-07-21 17:26:00,26.100000000000005,64.73333333333333
2026-07-21 17:27:00,26.100000000000005,64.7
2026-07-21 17:28:00,26.03333333333333,64.63333333333333
2026-07-21 17:29:00,26.0,64.7
2026-07-21 17:30:00,26.0,64.66666666666667
2026-07-21 17:31:00,26.0,64.63333333333333
2026-07-21 17:32:00,26.0,64.6
2026-07-21 17:33:00,26.0,64.56666666666666
2026-07-21 17:34:00,25.933333333333334,64.53333333333333
2026-07-21 17:35:00,25.899999999999995,64.56666666666666
2026-07-21 17:36:00,25.899999999999995,64.6
2026-07-21 17:37:00,25.899999999999995,64.56666666666666
2026-07-21 17:38:00,25.899999999999995,64.56666666666666
2026-07-21 17:39:00,25.899999999999995,64.53333333333333
2026-07-21 17:40:00,25.899999999999995,64.53333333333333
2026-07-21 17:41:00,25.899999999999995,64.6
2026-07-21 17:42:00,25.899999999999995,64.73333333333333
2026-07-21 17:43:00,25.899999999999995,64.66666666666667
2026-07-21 17:44:00,25.899999999999995,64.63333333333333
2026-07-21 17:45:00,25.8,64.66666666666667
2026-07-21 17:46:00,25.8,65.13333333333334
2026-07-21 17:47:00,25.8,64.93333333333334
2026-07-21 17:48:00,25.8,64.76666666666667
2026-07-21 17:49:00,25.8,64.93333333333334
2026-07-21 17:50:00,25.8,65.0
2026-07-21 17:51:00,25.8,64.83333333333333
2026-07-21 17:52:00,25.766666666666666,64.73333333333333
2026-07-21 17:53:00,25.8,64.73333333333333
2026-07-21 17:54:00,25.7,64.66666666666667
2026-07-21 17:55:00,25.7,64.76666666666667
2026-07-21 17:56:00,25.8,64.7
2026-07-21 17:57:00,25.733333333333334,64.89999999999999
2026-07-21 17:58:00,25.733333333333334,65.03333333333333
2026-07-21 17:59:00,25.7,65.23333333333333
2026-07-21 18:00:00,25.7,65.10000000000001
2026-07-21 18:01:00,25.7,65.60000000000001
2026-07-21 18:02:00,25.7,65.33333333333333
2026-07-21 18:03:00,25.7,65.76666666666667
2026-07-21 18:04:00,25.7,65.93333333333334
2026-07-21 18:05:00,25.7,65.7
2026-07-21 18:06:00,25.733333333333334,65.66666666666667
2026-07-21 18:07:00,25.8,65.33333333333333
2026-07-21 18:08:00,25.8,65.33333333333333
2026-07-21 18:09:00,25.8,65.60000000000001
2026-07-21 18:10:00,25.8,65.4
2026-07-21 18:11:00,25.8,65.63333333333333
2026-07-21 18:12:00,25.8,65.56666666666666
2026-07-21 18:13:00,25.833333333333332,65.7
2026-07-21 18:14:00,25.8,65.76666666666667
2026-07-21 18:15:00,25.766666666666666,65.66666666666667
2026-07-21 18:16:00,25.733333333333334,65.76666666666667
2026-07-21 18:17:00,25.7,65.73333333333333
2026-07-21 18:18:00,25.7,65.7
2026-07-21 18:19:00,25.7,65.60000000000001
2026-07-21 18:20:00,25.666666666666668,65.46666666666665
2026-07-21 18:21:00,25.600000000000005,65.36666666666667
2026-07-21 18:22:00,25.566666666666666,65.66666666666667
2026-07-21 18:23:00,25.5,65.93333333333334
2026-07-21 18:24:00,25.5,65.93333333333334
2026-07-21 18:25:00,25.5,65.93333333333334
2026-07-21 18:26:00,25.5,65.56666666666666
2026-07-21 18:27:00,25.5,65.36666666666667
2026-07-21 18:28:00,25.5,65.0
2026-07-21 18:29:00,25.5,65.10000000000001
2026-07-21 18:30:00,25.5,64.83333333333333
2026-07-21 18:31:00,25.46666666666667,65.16666666666667
2026-07-21 18:32:00,25.5,64.96666666666667
2026-07-21 18:33:00,25.5,65.2
2026-07-21 18:34:00,25.46666666666667,64.86666666666667
2026-07-21 18:35:00,25.399999999999995,64.8
2026-07-21 18:36:00,25.433333333333334,64.8
2026-07-21 18:37:00,25.433333333333334,64.73333333333333
2026-07-21 18:38:00,25.433333333333334,64.76666666666667
2026-07-21 18:39:00,25.433333333333334,64.5
2026-07-21 18:40:00,25.433333333333334,64.63333333333334
2026-07-21 18:41:00,25.433333333333334,64.43333333333334
2026-07-21 18:42:00,25.399999999999995,64.26666666666667
2026-07-21 18:43:00,25.399999999999995,64.26666666666667
2026-07-21 18:44:00,25.399999999999995,64.26666666666667
2026-07-21 18:45:00,25.399999999999995,64.3
2026-07-21 18:46:00,25.399999999999995,64.2
2026-07-21 18:47:00,25.399999999999995,64.26666666666667
2026-07-21 18:48:00,25.399999999999995,64.16666666666667
2026-07-21 18:49:00,25.399999999999995,64.0
2026-07-21 18:50:00,25.399999999999995,64.03333333333333
2026-07-21 18:51:00,25.399999999999995,64.03333333333333
2026-07-21 18:52:00,25.399999999999995,64.0
2026-07-21 18:53:00,25.366666666666664,64.1
2026-07-21 18:54:00,25.399999999999995,64.13333333333333
2026-07-21 18:55:00,25.399999999999995,64.03333333333333
2026-07-21 18:56:00,25.399999999999995,64.06666666666666
2026-07-21 18:57:00,25.3,64.1
2026-07-21 18:58:00,25.399999999999995,64.26666666666667
2026-07-21 18:59:00,25.3,64.16666666666667
2026-07-21 19:00:00,25.3,64.26666666666667
2026-07-21 19:01:00,25.3,64.23333333333333
2026-07-21 19:02:00,25.3,64.13333333333333
2026-07-21 19:03:00,25.3,64.2
2026-07-21 19:04:00,25.3,64.16666666666667
2026-07-21 19:05:00,25.3,64.23333333333333
2026-07-21 19:06:00,25.3,64.46666666666667
2026-07-21 19:07:00,25.3,64.43333333333334
2026-07-21 19:08:00,25.3,64.33333333333333
2026-07-21 19:09:00,25.3,64.3
2026-07-21 19:10:00,25.3,65.0
2026-07-21 19:11:00,25.3,65.39999999999999
2026-07-21 19:12:00,25.266666666666666,65.66666666666667
2026-07-21 19:13:00,25.3,65.33333333333333
2026-07-21 19:14:00,25.3,64.96666666666667
2026-07-21 19:15:00,25.3,64.75
2026-07-21 19:16:00,25.3,64.8
2026-07-21 19:17:00,25.3,64.76666666666667
2026-07-21 19:18:00,25.233333333333334,64.7
2026-07-21 19:19:00,25.2,64.8
2026-07-21 19:20:00,25.2,64.76666666666667
2026-07-21 19:21:00,25.2,64.66666666666667
2026-07-21 19:22:00,25.2,64.66666666666667
2026-07-21 19:23:00,25.2,64.8
2026-07-21 19:27:00,25.100000000000005,64.5
2026-07-21 19:28:00,25.100000000000005,64.63333333333333
2026-07-21 19:29:00,25.100000000000005,64.53333333333333
2026-07-21 19:30:00,25.100000000000005,64.56666666666666
2026-07-21 19:31:00,25.100000000000005,64.6
2026-07-21 19:32:00,25.100000000000005,64.56666666666666
2026-07-21 19:33:00,25.100000000000005,64.66666666666667
2026-07-21 19:34:00,25.100000000000005,64.8
2026-07-21 19:35:00,25.100000000000005,65.06666666666666
2026-07-21 19:36:00,25.100000000000005,64.96666666666667
2026-07-21 19:37:00,25.100000000000005,64.9
2026-07-21 19:38:00,25.100000000000005,65.26666666666667
2026-07-21 19:39:00,25.100000000000005,65.56666666666666
2026-07-21 19:40:00,25.100000000000005,65.66666666666667
2026-07-21 19:41:00,25.100000000000005,65.46666666666667
2026-07-21 19:42:00,25.100000000000005,65.4
2026-07-21 19:43:00,25.100000000000005,65.33333333333333
2026-07-21 19:44:00,25.100000000000005,65.23333333333333
2026-07-21 19:45:00,25.100000000000005,65.2
2026-07-21 19:46:00,25.066666666666666,65.06666666666666
2026-07-21 19:47:00,25.100000000000005,65.03333333333333
2026-07-21 19:48:00,25.066666666666666,65.03333333333333
2026-07-21 19:49:00,25.03333333333333,65.1
2026-07-21 19:50:00,25.066666666666666,65.0
2026-07-21 19:51:00,25.066666666666666,65.03333333333333
2026-07-21 19:52:00,25.03333333333333,65.0
2026-07-21 19:53:00,25.0,65.03333333333333
2026-07-21 19:54:00,25.0,65.03333333333333
2026-07-21 19:55:00,25.0,65.0
2026-07-21 19:56:00,25.0,65.1
2026-07-21 19:57:00,25.0,65.16666666666667
2026-07-21 19:58:00,25.0,65.2
2026-07-21 19:59:00,25.0,65.1
2026-07-21 20:00:00,24.933333333333334,65.2
2026-07-21 20:01:00,24.96666666666667,65.3
2026-07-21 20:02:00,24.899999999999995,65.33333333333333
2026-07-21 20:03:00,24.933333333333334,65.33333333333333
2026-07-21 20:04:00,24.899999999999995,65.33333333333333
2026-07-21 20:05:00,24.933333333333334,65.4
2026-07-21 20:06:00,24.899999999999995,65.36666666666667
2026-07-21 20:07:00,24.899999999999995,65.36666666666667
2026-07-21 20:08:00,24.899999999999995,65.26666666666667
2026-07-21 20:09:00,24.899999999999995,65.2
2026-07-21 20:10:00,24.899999999999995,65.2
2026-07-21 20:11:00,24.899999999999995,65.10000000000001
2026-07-21 20:12:00,24.899999999999995,65.1
2026-07-21 20:13:00,24.833333333333332,65.03333333333333
2026-07-21 20:14:00,24.866666666666664,65.03333333333333
2026-07-21 20:15:00,24.899999999999995,64.96666666666667
2026-07-21 20:16:00,24.866666666666664,64.86666666666667
2026-07-21 20:17:00,24.866666666666664,64.8
2026-07-21 20:18:00,24.866666666666664,64.76666666666667
2026-07-21 20:19:00,24.833333333333332,64.63333333333334
2026-07-21 20:20:00,24.8,64.36666666666667
2026-07-21 20:21:00,24.8,64.2
2026-07-21 20:22:00,24.8,64.16666666666667
2026-07-21 20:23:00,24.8,63.96666666666667
2026-07-21 20:24:00,24.8,63.333333333333336
2026-07-21 20:25:00,24.8,62.73333333333333
2026-07-21 20:26:00,24.733333333333334,62.56666666666666
2026-07-21 20:27:00,24.733333333333334,62.26666666666667
2026-07-21 20:28:00,24.7,62.06666666666666
2026-07-21 20:29:00,24.8,61.96666666666667
2026-07-21 20:30:00,24.8,62.333333333333336
2026-07-21 20:31:00,24.8,62.166666666666664
2026-07-21 20:32:00,24.8,61.53333333333333
2026-07-21 20:33:00,24.8,61.26666666666667
2026-07-21 20:34:00,24.8,60.93333333333334
2026-07-21 20:35:00,24.7,60.76666666666667
2026-07-21 20:36:00,24.733333333333334,60.73333333333333
2026-07-21 20:37:00,24.7,60.166666666666664
2026-07-21 20:38:00,24.633333333333336,59.6
2026-07-21 20:39:00,24.600000000000005,59.46666666666667
2026-07-21 20:40:00,24.600000000000005,59.43333333333334
2026-07-21 20:41:00,24.600000000000005,59.20000000000001
2026-07-21 20:42:00,24.600000000000005,59.166666666666664
2026-07-21 20:43:00,24.566666666666666,58.833333333333336
2026-07-21 20:44:00,24.53333333333333,58.70000000000001
2026-07-21 20:45:00,24.600000000000005,58.76666666666667
2026-07-21 20:46:00,24.53333333333333,58.800000000000004
2026-07-21 20:47:00,24.600000000000005,59.0
2026-07-21 20:48:00,24.600000000000005,59.20000000000001
2026-07-21 20:49:00,24.666666666666668,59.6
2026-07-21 20:50:00,24.7,59.46666666666667
2026-07-21 20:51:00,24.7,59.86666666666667
2026-07-21 20:52:00,24.7,59.43333333333334
2026-07-21 20:53:00,24.7,59.73333333333333
2026-07-21 20:54:00,24.7,59.46666666666667
2026-07-21 20:55:00,24.633333333333336,59.96666666666667
2026-07-21 20:56:00,24.666666666666668,59.93333333333334
2026-07-21 20:57:00,24.633333333333336,59.800000000000004
2026-07-21 20:58:00,24.7,59.93333333333334
2026-07-21 20:59:00,24.666666666666668,59.73333333333333
2026-07-21 21:00:00,24.666666666666668,59.76666666666667
2026-07-21 21:01:00,24.666666666666668,59.76666666666667
2026-07-21 21:02:00,24.7,59.93333333333334
2026-07-21 21:03:00,24.7,59.833333333333336
2026-07-21 21:04:00,24.7,59.93333333333334
2026-07-21 21:05:00,24.7,59.73333333333333
2026-07-21 21:06:00,24.7,59.76666666666667
2026-07-21 21:07:00,24.7,59.96666666666667
2026-07-21 21:08:00,24.7,60.1
2026-07-21 21:09:00,24.7,60.55
2026-07-21 21:10:00,24.7,60.7
2026-07-21 21:11:00,24.666666666666668,60.666666666666664
2026-07-21 21:12:00,24.7,60.833333333333336
2026-07-21 21:13:00,24.7,60.73333333333333
2026-07-21 21:14:00,24.7,60.79999999999999
2026-07-21 21:15:00,24.7,60.800000000000004
2026-07-21 21:16:00,24.7,60.86666666666667
2026-07-21 21:17:00,24.666666666666668,61.1
2026-07-21 21:18:00,24.7,60.96666666666667
2026-07-21 21:19:00,24.666666666666668,60.9
2026-07-21 21:20:00,24.7,60.79999999999999
2026-07-21 21:21:00,24.7,60.73333333333333
2026-07-21 21:22:00,24.7,60.333333333333336
2026-07-21 21:23:00,24.600000000000005,60.20000000000001
2026-07-21 21:24:00,24.600000000000005,60.23333333333333
2026-07-21 21:25:00,24.566666666666666,60.36666666666667
2026-07-21 21:26:00,24.600000000000005,60.300000000000004
2026-07-21 21:27:00,24.600000000000005,60.199999999999996
2026-07-21 21:28:00,24.600000000000005,60.26666666666667
2026-07-21 21:29:00,24.600000000000005,60.13333333333333
2026-07-21 21:30:00,24.600000000000005,60.13333333333333
2026-07-21 21:31:00,24.566666666666666,60.1
2026-07-21 21:32:00,24.600000000000005,60.166666666666664
2026-07-21 21:33:00,24.600000000000005,60.06666666666666
2026-07-21 21:34:00,24.600000000000005,59.9
2026-07-21 21:35:00,24.600000000000005,59.96666666666667
2026-07-21 21:36:00,24.600000000000005,59.93333333333334
2026-07-21 21:37:00,24.600000000000005,59.86666666666667
2026-07-21 21:38:00,24.53333333333333,59.96666666666667
2026-07-21 21:39:00,24.566666666666666,59.9
2026-07-21 21:40:00,24.5,59.699999999999996
2026-07-21 21:41:00,24.5,59.833333333333336
2026-07-21 21:42:00,24.5,59.9
2026-07-21 21:43:00,24.5,60.166666666666664
2026-07-21 21:44:00,24.5,60.29999999999999
2026-07-21 21:45:00,24.5,60.4
2026-07-21 21:46:00,24.5,60.46666666666667
2026-07-21 21:47:00,24.5,60.6
2026-07-21 21:48:00,24.5,60.56666666666666
2026-07-21 21:49:00,24.566666666666666,60.63333333333333
2026-07-21 21:50:00,24.53333333333333,60.666666666666664
2026-07-21 21:51:00,24.53333333333333,60.9
2026-07-21 21:52:00,24.566666666666666,60.833333333333336
2026-07-21 21:53:00,24.53333333333333,60.833333333333336
2026-07-21 21:54:00,24.5,61.166666666666664
2026-07-21 21:55:00,24.5,61.23333333333333
2026-07-21 21:56:00,24.5,61.53333333333333
2026-07-21 21:57:00,24.5,61.699999999999996
2026-07-21 21:58:00,24.5,61.96666666666667
2026-07-21 21:59:00,24.5,62.333333333333336
2026-07-21 22:00:00,24.5,62.4
2026-07-21 22:01:00,24.5,62.56666666666666
2026-07-21 22:02:00,24.5,62.53333333333333
2026-07-21 22:03:00,24.53333333333333,62.56666666666666
2026-07-21 22:04:00,24.53333333333333,62.699999999999996
2026-07-21 22:05:00,24.53333333333333,63.03333333333333
2026-07-21 22:06:00,24.566666666666666,63.36666666666667
2026-07-21 22:07:00,24.600000000000005,63.53333333333333
2026-07-21 22:08:00,24.600000000000005,63.56666666666666
2026-07-21 22:09:00,24.600000000000005,63.699999999999996
2026-07-21 22:10:00,24.600000000000005,63.93333333333334
2026-07-21 22:11:00,24.600000000000005,64.10000000000001
2026-07-21 22:12:00,24.600000000000005,64.46666666666667
2026-07-21 22:13:00,24.600000000000005,64.8
2026-07-21 22:14:00,24.600000000000005,64.9
2026-07-21 22:15:00,24.600000000000005,65.16666666666667
2026-07-21 22:16:00,24.53333333333333,65.33333333333333
2026-07-21 22:17:00,24.53333333333333,65.46666666666667
2026-07-21 22:18:00,24.5,65.7
2026-07-21 22:19:00,24.5,65.93333333333334
2026-07-21 22:20:00,24.5,66.2
2026-07-21 22:21:00,24.399999999999995,66.33333333333333
2026-07-21 22:22:00,24.46666666666667,66.43333333333334
2026-07-21 22:23:00,24.399999999999995,66.53333333333333
2026-07-21 22:24:00,24.46666666666667,66.60000000000001
2026-07-21 22:25:00,24.399999999999995,66.63333333333333
2026-07-21 22:26:00,24.399999999999995,66.76666666666667
2026-07-21 22:27:00,24.433333333333334,66.76666666666667
2026-07-21 22:28:00,24.399999999999995,66.89999999999999
2026-07-21 22:29:00,24.433333333333334,66.9
2026-07-21 22:30:00,24.46666666666667,66.83333333333333
2026-07-21 22:31:00,24.46666666666667,66.83333333333333
2026-07-21 22:32:00,24.5,66.86666666666667
2026-07-21 22:33:00,24.46666666666667,66.89999999999999
2026-07-21 22:34:00,24.46666666666667,67.0
2026-07-21 22:35:00,24.399999999999995,66.93333333333334
2026-07-21 22:36:00,24.399999999999995,67.03333333333333
2026-07-21 22:37:00,24.399999999999995,67.13333333333333
2026-07-21 22:38:00,24.399999999999995,67.23333333333333
2026-07-21 22:39:00,24.399999999999995,67.2
2026-07-21 22:40:00,24.399999999999995,67.26666666666667
2026-07-21 22:41:00,24.366666666666664,67.36666666666667
2026-07-21 22:42:00,24.399999999999995,67.4
2026-07-21 22:43:00,24.399999999999995,67.4
2026-07-21 22:44:00,24.366666666666664,67.53333333333333
2026-07-21 22:45:00,24.399999999999995,67.46666666666667
2026-07-21 22:46:00,24.333333333333332,67.56666666666666
2026-07-21 22:47:00,24.3,67.60000000000001
2026-07-21 22:48:00,24.233333333333334,67.7
2026-07-21 22:49:00,24.2,67.8
2026-07-21 22:50:00,24.2,67.9
2026-07-21 22:51:00,24.266666666666666,68.0
2026-07-21 22:52:00,24.233333333333334,68.03333333333333
2026-07-21 22:53:00,24.2,68.10000000000001
2026-07-21 22:54:00,24.2,68.2
2026-07-21 22:55:00,24.2,68.16666666666667
2026-07-21 22:56:00,24.2,68.06666666666666
2026-07-21 22:57:00,24.2,68.26666666666667
2026-07-21 22:58:00,24.2,68.13333333333333
2026-07-21 22:59:00,24.2,68.23333333333333
2026-07-21 23:00:00,24.2,68.3
2026-07-21 23:01:00,24.2,68.4
2026-07-21 23:02:00,24.2,68.39999999999999
2026-07-21 23:03:00,24.2,68.53333333333333
2026-07-21 23:04:00,24.166666666666668,68.56666666666666
2026-07-21 23:05:00,24.166666666666668,68.66666666666667
2026-07-21 23:06:00,24.133333333333336,68.7
2026-07-21 23:07:00,24.100000000000005,68.73333333333333
2026-07-21 23:08:00,24.100000000000005,68.86666666666667
2026-07-21 23:09:00,24.1,68.9
2026-07-21 23:10:00,24.100000000000005,68.96666666666667
2026-07-21 23:11:00,24.066666666666666,69.03333333333333
2026-07-21 23:12:00,24.0,69.06666666666666
2026-07-21 23:13:00,24.100000000000005,69.3
2026-07-21 23:14:00,24.100000000000005,69.43333333333334
2026-07-21 23:15:00,24.100000000000005,69.3
2026-07-21 23:16:00,24.100000000000005,69.2
2026-07-21 23:17:00,24.100000000000005,69.13333333333333
2026-07-21 23:18:00,24.100000000000005,69.06666666666666
2026-07-21 23:19:00,24.100000000000005,69.03333333333333
2026-07-21 23:20:00,24.100000000000005,69.0
2026-07-21 23:21:00,24.100000000000005,69.0
2026-07-21 23:22:00,24.100000000000005,69.03333333333333
2026-07-21 23:23:00,24.03333333333333,69.13333333333333
2026-07-21 23:24:00,24.100000000000005,69.13333333333333
2026-07-21 23:25:00,24.066666666666666,69.2
2026-07-21 23:26:00,24.0,69.36666666666667
2026-07-21 23:27:00,24.0,69.53333333333333
2026-07-21 23:28:00,24.0,69.33333333333333
2026-07-21 23:29:00,24.0,69.36666666666667
2026-07-21 23:30:00,24.0,69.26666666666667
2026-07-21 23:31:00,24.0,69.26666666666667
2026-07-21 23:32:00,24.03333333333333,69.46666666666665
2026-07-21 23:33:00,24.0,69.5
2026-07-21 23:34:00,24.0,69.46666666666667
2026-07-21 23:35:00,24.0,69.26666666666667
2026-07-21 23:36:00,24.0,69.43333333333334
2026-07-21 23:37:00,24.0,69.43333333333334
2026-07-21 23:38:00,24.0,69.5
2026-07-21 23:39:00,24.066666666666666,69.16666666666667
2026-07-21 23:40:00,24.0,68.95
2026-07-21 23:41:00,24.0,68.93333333333334
2026-07-21 23:42:00,24.0,68.76666666666667
2026-07-21 23:43:00,24.066666666666666,68.63333333333333
2026-07-21 23:44:00,24.066666666666666,68.56666666666666
2026-07-21 23:45:00,24.100000000000005,67.89999999999999
2026-07-21 23:46:00,24.066666666666666,67.6
2026-07-21 23:47:00,24.0,67.43333333333334
2026-07-21 23:48:00,24.03333333333333,67.39999999999999
2026-07-21 23:49:00,24.100000000000005,67.2
2026-07-21 23:50:00,24.100000000000005,67.13333333333334
2026-07-21 23:51:00,24.100000000000005,66.43333333333334
2026-07-21 23:52:00,24.100000000000005,66.2
2026-07-21 23:53:00,24.100000000000005,66.10000000000001
2026-07-21 23:54:00,24.100000000000005,66.0
2026-07-21 23:55:00,24.100000000000005,65.9
2026-07-21 23:56:00,24.100000000000005,65.76666666666667
2026-07-21 23:57:00,24.03333333333333,65.8
2026-07-21 23:58:00,24.100000000000005,65.83333333333333
2026-07-21 23:59:00,24.100000000000005,65.63333333333333
2026-07-22 00:00:00,24.066666666666666,65.56666666666666
2026-07-22 00:01:00,24.0,65.6
2026-07-22 00:02:00,24.0,65.60000000000001
2026-07-22 00:03:00,24.0,65.53333333333333
2026-07-22 00:04:00,24.0,65.23333333333333
2026-07-22 00:05:00,24.0,65.13333333333333
2026-07-22 00:06:00,24.0,65.06666666666666
2026-07-22 00:07:00,24.0,65.06666666666666
2026-07-22 00:08:00,24.0,65.0
2026-07-22 00:09:00,24.0,65.13333333333333
2026-07-22 00:10:00,24.0,64.86666666666667
2026-07-22 00:11:00,23.96666666666667,64.73333333333333
2026-07-22 00:12:00,23.899999999999995,64.8
2026-07-22 00:13:00,24.0,64.89999999999999
2026-07-22 00:14:00,24.0,64.3
2026-07-22 00:15:00,24.0,64.33333333333333
2026-07-22 00:16:00,23.933333333333334,64.33333333333333
2026-07-22 00:17:00,23.899999999999995,64.36666666666667
2026-07-22 00:18:00,23.899999999999995,64.4
2026-07-22 00:19:00,23.899999999999995,64.4
2026-07-22 00:20:00,23.899999999999995,64.46666666666667
2026-07-22 00:21:00,23.899999999999995,64.63333333333333
2026-07-22 00:22:00,23.899999999999995,64.46666666666665
2026-07-22 00:23:00,23.899999999999995,64.2
2026-07-22 00:24:00,23.8,64.16666666666667
2026-07-22 00:25:00,23.733333333333334,64.26666666666667
2026-07-22 00:26:00,23.733333333333334,64.3
2026-07-22 00:27:00,23.8,64.23333333333333
2026-07-22 00:28:00,23.766666666666666,64.26666666666667
2026-07-22 00:29:00,23.8,64.2
2026-07-22 00:30:00,23.8,64.06666666666666
2026-07-22 00:31:00,23.8,64.06666666666666
2026-07-22 00:32:00,23.8,63.9
2026-07-22 00:33:00,23.8,63.76666666666667
2026-07-22 00:34:00,23.8,63.6
2026-07-22 00:35:00,23.766666666666666,63.63333333333333
2026-07-22 00:36:00,23.7,63.800000000000004
2026-07-22 00:37:00,23.7,63.93333333333334
2026-07-22 00:38:00,23.7,63.96666666666667
2026-07-22 00:39:00,23.7,64.2
2026-07-22 00:40:00,23.666666666666668,64.33333333333333
2026-07-22 00:41:00,23.633333333333336,64.53333333333333
2026-07-22 00:42:00,23.666666666666668,64.73333333333333
2026-07-22 00:43:00,23.7,64.73333333333333
2026-07-22 00:44:00,23.7,64.83333333333333
2026-07-22 00:45:00,23.733333333333334,64.83333333333333
2026-07-22 00:46:00,23.8,64.86666666666667
2026-07-22 00:47:00,23.833333333333332,64.9
2026-07-22 00:48:00,23.899999999999995,64.7
2026-07-22 00:49:00,23.833333333333332,64.7
2026-07-22 00:50:00,23.866666666666664,64.66666666666667
2026-07-22 00:51:00,23.8,64.60000000000001
2026-07-22 00:52:00,23.8,64.8
2026-07-22 00:53:00,23.8,64.63333333333333
2026-07-22 00:54:00,23.8,64.66666666666667
2026-07-22 00:55:00,23.8,64.7
2026-07-22 00:56:00,23.8,64.86666666666667
2026-07-22 00:57:00,23.766666666666666,65.0
2026-07-22 00:58:00,23.7,65.33333333333333
2026-07-22 00:59:00,23.733333333333334,65.63333333333333
2026-07-22 01:00:00,23.733333333333334,65.6
2026-07-22 01:01:00,23.766666666666666,65.7
2026-07-22 01:02:00,23.7,65.76666666666667
2026-07-22 01:03:00,23.7,66.06666666666666
2026-07-22 01:04:00,23.7,66.26666666666667
2026-07-22 01:05:00,23.7,66.56666666666666
2026-07-22 01:06:00,23.7,66.93333333333334
2026-07-22 01:07:00,23.7,66.96666666666667
2026-07-22 01:08:00,23.7,67.2
2026-07-22 01:09:00,23.6,67.4
2026-07-22 01:10:00,23.7,67.6
2026-07-22 01:11:00,23.7,67.7
2026-07-22 01:12:00,23.7,67.9
2026-07-22 01:13:00,23.7,67.96666666666667
2026-07-22 01:14:00,23.7,67.96666666666667
2026-07-22 01:15:00,23.600000000000005,68.3
2026-07-22 01:16:00,23.6,68.6
2026-07-22 01:17:00,23.7,68.76666666666667
2026-07-22 01:18:00,23.7,68.7
2026-07-22 01:19:00,23.7,68.56666666666666
2026-07-22 01:20:00,23.7,68.63333333333333
2026-07-22 01:21:00,23.7,68.8
2026-07-22 01:22:00,23.7,68.9
2026-07-22 01:23:00,23.7,69.0
2026-07-22 01:24:00,23.633333333333336,69.03333333333333
2026-07-22 01:25:00,23.600000000000005,69.16666666666667
2026-07-22 01:26:00,23.666666666666668,69.33333333333333
2026-07-22 01:27:00,23.7,69.23333333333333
2026-07-22 01:28:00,23.7,69.35
2026-07-22 01:29:00,23.600000000000005,69.4
2026-07-22 01:30:00,23.633333333333336,69.43333333333334
2026-07-22 01:31:00,23.666666666666668,69.33333333333333
2026-07-22 01:32:00,23.600000000000005,69.36666666666667
2026-07-22 01:33:00,23.600000000000005,69.4
2026-07-22 01:34:00,23.6,69.35
2026-07-22 01:35:00,23.600000000000005,69.26666666666667
2026-07-22 01:36:00,23.600000000000005,69.23333333333333
2026-07-22 01:37:00,23.600000000000005,69.2
2026-07-22 01:38:00,23.600000000000005,69.3
2026-07-22 01:39:00,23.600000000000005,69.3
2026-07-22 01:40:00,23.566666666666666,69.13333333333333
2026-07-22 01:41:00,23.53333333333333,69.16666666666667
2026-07-22 01:42:00,23.5,69.1
2026-07-22 01:43:00,23.566666666666666,69.06666666666666
2026-07-22 01:44:00,23.600000000000005,68.96666666666667
2026-07-22 01:45:00,23.5,69.0
2026-07-22 01:46:00,23.5,68.96666666666667
2026-07-22 01:47:00,23.5,69.0
2026-07-22 01:48:00,23.5,68.96666666666667
2026-07-22 01:49:00,23.5,68.9
2026-07-22 01:50:00,23.5,68.86666666666667
2026-07-22 01:51:00,23.5,68.66666666666667
2026-07-22 01:52:00,23.433333333333334,68.53333333333333
2026-07-22 01:53:00,23.433333333333334,68.66666666666667
2026-07-22 01:54:00,23.399999999999995,68.6
2026-07-22 01:55:00,23.399999999999995,68.73333333333333
2026-07-22 01:56:00,23.433333333333334,68.96666666666667
2026-07-22 01:57:00,23.5,68.66666666666667
2026-07-22 01:58:00,23.5,68.36666666666666
2026-07-22 01:59:00,23.433333333333334,68.33333333333333
2026-07-22 02:00:00,23.399999999999995,68.36666666666667
2026-07-22 02:01:00,23.4,68.35
2026-07-22 02:03:00,23.5,68.43333333333334
2026-07-22 02:04:00,23.5,68.5
2026-07-22 02:05:00,23.5,68.39999999999999
2026-07-22 02:06:00,23.5,68.2
2026-07-22 02:07:00,23.5,68.16666666666667
2026-07-22 02:08:00,23.399999999999995,68.2
2026-07-22 02:09:00,23.399999999999995,68.2
2026-07-22 02:10:00,23.399999999999995,68.2
2026-07-22 02:11:00,23.399999999999995,68.13333333333333
2026-07-22 02:12:00,23.399999999999995,68.16666666666667
2026-07-22 02:13:00,23.399999999999995,68.26666666666667
2026-07-22 02:14:00,23.399999999999995,68.13333333333333
2026-07-22 02:15:00,23.399999999999995,68.1
2026-07-22 02:16:00,23.399999999999995,68.03333333333333
2026-07-22 02:17:00,23.399999999999995,67.96666666666667
2026-07-22 02:18:00,23.399999999999995,67.9
2026-07-22 02:19:00,23.399999999999995,67.93333333333334
2026-07-22 02:20:00,23.366666666666664,67.96666666666667
2026-07-22 02:21:00,23.333333333333332,67.9
2026-07-22 02:22:00,23.3,67.86666666666667
2026-07-22 02:23:00,23.333333333333332,67.9
2026-07-22 02:24:00,23.366666666666664,67.76666666666667
2026-07-22 02:25:00,23.399999999999995,67.7
2026-07-22 02:26:00,23.399999999999995,67.6
2026-07-22 02:27:00,23.399999999999995,67.8
2026-07-22 02:28:00,23.399999999999995,67.60000000000001
2026-07-22 02:29:00,23.399999999999995,67.5
2026-07-22 02:30:00,23.399999999999995,67.53333333333333
2026-07-22 02:31:00,23.399999999999995,67.5
2026-07-22 02:32:00,23.399999999999995,67.53333333333333
2026-07-22 02:33:00,23.399999999999995,67.53333333333333
2026-07-22 02:34:00,23.366666666666664,67.46666666666667
2026-07-22 02:35:00,23.3,67.26666666666667
2026-07-22 02:36:00,23.3,67.23333333333333
2026-07-22 02:37:00,23.2,67.2
2026-07-22 02:38:00,23.2,67.2
2026-07-22 02:39:00,23.2,67.2
2026-07-22 02:40:00,23.2,67.2
2026-07-22 02:41:00,23.2,67.2
2026-07-22 02:42:00,23.2,67.26666666666667
2026-07-22 02:43:00,23.2,67.3
2026-07-22 02:44:00,23.2,67.23333333333333
2026-07-22 02:45:00,23.2,67.2
2026-07-22 02:46:00,23.2,67.36666666666667
2026-07-22 02:47:00,23.2,67.3
2026-07-22 02:48:00,23.2,67.4
2026-07-22 02:49:00,23.133333333333336,67.46666666666667
2026-07-22 02:50:00,23.100000000000005,67.56666666666666
2026-07-22 02:51:00,23.100000000000005,67.66666666666667
2026-07-22 02:52:00,23.100000000000005,67.73333333333333
2026-07-22 02:53:00,23.100000000000005,67.8
2026-07-22 02:54:00,23.133333333333336,67.86666666666667
2026-07-22 02:55:00,23.2,68.06666666666666
2026-07-22 02:56:00,23.233333333333334,67.96666666666667
2026-07-22 02:57:00,23.3,67.8
2026-07-22 02:58:00,23.3,67.76666666666667
2026-07-22 02:59:00,23.3,67.73333333333333
2026-07-22 03:00:00,23.333333333333332,67.63333333333333
2026-07-22 03:01:00,23.3,67.53333333333333
2026-07-22 03:02:00,23.3,67.5
2026-07-22 03:03:00,23.3,67.43333333333334
2026-07-22 03:04:00,23.2,67.4
2026-07-22 03:05:00,23.2,67.4
2026-07-22 03:06:00,23.2,67.36666666666667
2026-07-22 03:07:00,23.2,67.26666666666667
2026-07-22 03:08:00,23.133333333333336,67.23333333333333
2026-07-22 03:09:00,23.100000000000005,67.2
2026-07-22 03:10:00,23.100000000000005,67.13333333333333
2026-07-22 03:11:00,23.100000000000005,67.03333333333333
2026-07-22 03:12:00,23.100000000000005,66.96666666666667
2026-07-22 03:13:00,23.100000000000005,66.9
2026-07-22 03:14:00,23.03333333333333,66.96666666666667
2026-07-22 03:15:00,23.0,66.96666666666667
2026-07-22 03:16:00,23.03333333333333,66.96666666666667
2026-07-22 03:17:00,23.0,66.9
2026-07-22 03:18:00,23.0,66.9
2026-07-22 03:19:00,23.0,66.8
2026-07-22 03:20:00,23.066666666666666,66.73333333333333
2026-07-22 03:21:00,23.0,66.83333333333333
2026-07-22 03:22:00,23.0,66.83333333333333
2026-07-22 03:23:00,23.100000000000005,66.86666666666667
2026-07-22 03:24:00,23.100000000000005,66.96666666666667
2026-07-22 03:25:00,23.100000000000005,67.0
2026-07-22 03:26:00,23.100000000000005,67.03333333333333
2026-07-22 03:27:00,23.0,67.1
2026-07-22 03:28:00,23.0,67.16666666666667
2026-07-22 03:29:00,23.0,67.2
2026-07-22 03:30:00,23.03333333333333,67.23333333333333
2026-07-22 03:31:00,23.0,67.33333333333333
2026-07-22 03:32:00,23.0,67.46666666666667
2026-07-22 03:33:00,23.0,67.5
2026-07-22 03:34:00,23.0,67.53333333333333
2026-07-22 03:35:00,23.0,67.60000000000001
2026-07-22 03:36:00,23.066666666666666,67.66666666666667
2026-07-22 03:37:00,23.100000000000005,67.6
2026-07-22 03:38:00,23.100000000000005,67.56666666666666
2026-07-22 03:39:00,23.100000000000005,67.56666666666666
2026-07-22 03:40:00,23.100000000000005,67.5
2026-07-22 03:41:00,23.03333333333333,67.53333333333333
2026-07-22 03:42:00,23.0,67.56666666666666
2026-07-22 03:43:00,23.0,67.43333333333334
2026-07-22 03:44:00,23.0,67.43333333333334
2026-07-22 03:45:00,23.0,67.33333333333333
2026-07-22 03:46:00,23.0,67.26666666666667
2026-07-22 03:47:00,23.0,67.03333333333333
2026-07-22 03:48:00,23.03333333333333,66.89999999999999
2026-07-22 03:49:00,23.0,66.8
2026-07-22 03:50:00,23.0,66.7
2026-07-22 03:51:00,23.066666666666666,66.86666666666667
2026-07-22 03:52:00,23.100000000000005,66.66666666666667
2026-07-22 03:53:00,23.100000000000005,66.6
2026-07-22 03:54:00,23.100000000000005,66.89999999999999
2026-07-22 03:55:00,23.2,66.76666666666667
2026-07-22 03:56:00,23.266666666666666,66.66666666666667
2026-07-22 03:57:00,23.3,66.53333333333333
2026-07-22 03:58:00,23.333333333333332,66.43333333333334
2026-07-22 03:59:00,23.333333333333332,66.36666666666667
2026-07-22 04:00:00,23.333333333333332,66.2
2026-07-22 04:01:00,23.3,66.2
2026-07-22 04:02:00,23.333333333333332,66.13333333333333
2026-07-22 04:03:00,23.3,66.0
2026-07-22 04:04:00,23.3,65.86666666666667
2026-07-22 04:05:00,23.3,65.9
2026-07-22 04:06:00,23.2,65.8
2026-07-22 04:07:00,23.166666666666668,65.8
2026-07-22 04:08:00,23.100000000000005,65.73333333333333
2026-07-22 04:09:00,23.100000000000005,65.63333333333333
2026-07-22 04:10:00,23.100000000000005,65.4
2026-07-22 04:11:00,23.100000000000005,65.46666666666667
2026-07-22 04:12:00,23.100000000000005,65.5
2026-07-22 04:13:00,23.100000000000005,65.56666666666666
2026-07-22 04:14:00,23.100000000000005,65.6
2026-07-22 04:15:00,23.100000000000005,65.5
2026-07-22 04:16:00,23.100000000000005,65.3
2026-07-22 04:17:00,23.03333333333333,65.13333333333333
2026-07-22 04:18:00,23.03333333333333,65.03333333333333
2026-07-22 04:19:00,23.066666666666666,65.0
2026-07-22 04:20:00,23.100000000000005,64.83333333333333
2026-07-22 04:21:00,23.100000000000005,64.73333333333333
2026-07-22 04:22:00,23.100000000000005,64.66666666666667
2026-07-22 04:23:00,23.066666666666666,64.53333333333333
2026-07-22 04:24:00,23.0,64.53333333333333
2026-07-22 04:25:00,23.0,64.76666666666667
2026-07-22 04:26:00,23.0,64.53333333333333
2026-07-22 04:27:00,23.0,64.33333333333333
2026-07-22 04:28:00,22.96666666666667,64.2
2026-07-22 04:29:00,22.933333333333334,64.1
2026-07-22 04:30:00,22.899999999999995,64.06666666666666
2026-07-22 04:31:00,22.899999999999995,63.9
2026-07-22 04:32:00,22.8,63.833333333333336
2026-07-22 04:33:00,22.8,63.73333333333333
2026-07-22 04:34:00,22.8,63.53333333333333
2026-07-22 04:35:00,22.7,63.46666666666667
2026-07-22 04:36:00,22.733333333333334,63.29999999999999
2026-07-22 04:37:00,22.7,63.23333333333333
2026-07-22 04:38:00,22.7,63.06666666666666
2026-07-22 04:39:00,22.7,63.0
2026-07-22 04:40:00,22.7,62.93333333333334
2026-07-22 04:41:00,22.7,62.76666666666667
2026-07-22 04:42:00,22.7,62.70000000000001
2026-07-22 04:43:00,22.7,62.73333333333333
2026-07-22 04:44:00,22.7,62.699999999999996
2026-07-22 04:45:00,22.7,62.53333333333333
2026-07-22 04:46:00,22.7,62.56666666666666
2026-07-22 04:47:00,22.7,62.56666666666666
2026-07-22 04:48:00,22.7,62.53333333333333
2026-07-22 04:49:00,22.7,62.53333333333333
2026-07-22 04:50:00,22.7,62.666666666666664
2026-07-22 04:51:00,22.733333333333334,62.73333333333333
2026-07-22 04:52:00,22.8,62.800000000000004
2026-07-22 04:53:00,22.8,62.79999999999999
2026-07-22 04:54:00,22.833333333333332,62.699999999999996
2026-07-22 04:55:00,22.8,62.70000000000001
2026-07-22 04:56:00,22.8,62.833333333333336
2026-07-22 04:57:00,22.833333333333332,62.833333333333336
2026-07-22 04:58:00,22.899999999999995,62.76666666666667
2026-07-22 04:59:00,22.866666666666664,62.73333333333333
2026-07-22 05:00:00,22.866666666666664,62.70000000000001
2026-07-22 05:01:00,22.8,62.70000000000001
2026-07-22 05:02:00,22.866666666666664,62.73333333333333
2026-07-22 05:03:00,22.866666666666664,62.833333333333336
2026-07-22 05:04:00,22.866666666666664,62.9
2026-07-22 05:05:00,22.899999999999995,62.96666666666667
2026-07-22 05:06:00,22.899999999999995,63.0
2026-07-22 05:07:00,22.866666666666664,63.06666666666666
2026-07-22 05:08:00,22.899999999999995,63.1
2026-07-22 05:09:00,22.899999999999995,63.13333333333333
2026-07-22 05:10:00,22.933333333333334,63.1
2026-07-22 05:11:00,22.96666666666667,63.0
2026-07-22 05:12:00,22.899999999999995,63.06666666666666
2026-07-22 05:13:00,22.899999999999995,63.13333333333333
2026-07-22 05:14:00,22.933333333333334,63.1
2026-07-22 05:15:00,22.96666666666667,63.03333333333333
2026-07-22 05:16:00,22.899999999999995,63.1
2026-07-22 05:17:00,22.899999999999995,63.1
2026-07-22 05:18:00,22.899999999999995,63.06666666666666
2026-07-22 05:19:00,22.899999999999995,63.1
2026-07-22 05:20:00,22.899999999999995,63.0
2026-07-22 05:21:00,22.866666666666664,62.93333333333334
2026-07-22 05:22:00,22.8,62.96666666666667
2026-07-22 05:23:00,22.833333333333332,63.1
2026-07-22 05:24:00,22.8,63.06666666666666
2026-07-22 05:25:00,22.8,63.13333333333333
2026-07-22 05:26:00,22.8,63.23333333333333
2026-07-22 05:27:00,22.766666666666666,63.20000000000001
2026-07-22 05:28:00,22.8,63.166666666666664
2026-07-22 05:29:00,22.7,63.23333333333333
2026-07-22 05:30:00,22.733333333333334,63.333333333333336
2026-07-22 05:31:00,22.7,63.46666666666667
2026-07-22 05:32:00,22.7,63.53333333333333
2026-07-22 05:33:00,22.7,63.56666666666666
2026-07-22 05:34:00,22.7,63.6
2026-07-22 05:35:00,22.7,63.76666666666667
2026-07-22 05:36:00,22.7,63.666666666666664
2026-07-22 05:37:00,22.7,63.73333333333333
2026-07-22 05:38:00,22.7,63.86666666666667
2026-07-22 05:39:00,22.7,63.9
2026-07-22 05:40:00,22.7,63.93333333333334
2026-07-22 05:41:00,22.766666666666666,64.03333333333333
2026-07-22 05:42:00,22.8,64.06666666666666
2026-07-22 05:43:00,22.8,64.1
2026-07-22 05:44:00,22.8,64.26666666666667
2026-07-22 05:45:00,22.8,64.33333333333333
2026-07-22 05:46:00,22.8,64.46666666666667
2026-07-22 05:47:00,22.8,64.56666666666666
2026-07-22 05:48:00,22.8,64.83333333333333
2026-07-22 05:49:00,22.8,65.2
2026-07-22 05:50:00,22.8,65.26666666666667
2026-07-22 05:51:00,22.8,65.53333333333333
2026-07-22 05:52:00,22.8,65.66666666666667
2026-07-22 05:53:00,22.8,66.06666666666666
2026-07-22 05:54:00,22.733333333333334,66.13333333333333
2026-07-22 05:55:00,22.8,66.4
2026-07-22 05:56:00,22.8,66.53333333333333
2026-07-22 05:57:00,22.8,66.56666666666666
2026-07-22 05:58:00,22.8,66.6
2026-07-22 05:59:00,22.8,66.7
2026-07-22 06:00:00,22.8,66.7
2026-07-22 06:01:00,22.8,66.86666666666667
2026-07-22 06:02:00,22.8,66.83333333333333
2026-07-22 06:03:00,22.833333333333332,66.96666666666667
2026-07-22 06:04:00,22.833333333333332,66.86666666666667
2026-07-22 06:05:00,22.8,66.93333333333334
2026-07-22 06:06:00,22.8,67.0
2026-07-22 06:07:00,22.8,67.03333333333333
2026-07-22 06:08:00,22.8,67.16666666666667
2026-07-22 06:09:00,22.8,67.26666666666667
2026-07-22 06:10:00,22.8,67.33333333333333
2026-07-22 06:11:00,22.8,67.4
2026-07-22 06:12:00,22.899999999999995,67.36666666666667
2026-07-22 06:13:00,22.899999999999995,67.4
2026-07-22 06:14:00,22.899999999999995,67.33333333333333
2026-07-22 06:15:00,22.899999999999995,67.36666666666667
2026-07-22 06:16:00,22.899999999999995,67.56666666666666
2026-07-22 06:17:00,22.96666666666667,67.6
2026-07-22 06:18:00,22.899999999999995,67.66666666666667
2026-07-22 06:19:00,23.0,67.53333333333333
2026-07-22 06:20:00,23.0,67.53333333333333
2026-07-22 06:21:00,22.96666666666667,67.6
2026-07-22 06:22:00,22.933333333333334,67.63333333333333
2026-07-22 06:23:00,23.0,67.76666666666667
2026-07-22 06:24:00,23.0,67.86666666666667
2026-07-22 06:25:00,23.0,67.93333333333334
2026-07-22 06:26:00,23.100000000000005,67.86666666666667
2026-07-22 06:27:00,23.100000000000005,67.8
2026-07-22 06:28:00,23.066666666666666,67.83333333333333
2026-07-22 06:29:00,23.100000000000005,67.96666666666667
2026-07-22 06:30:00,23.100000000000005,68.03333333333333
2026-07-22 06:31:00,23.0,68.36666666666666
2026-07-22 06:32:00,23.0,68.73333333333333
2026-07-22 06:33:00,23.0,68.96666666666667
2026-07-22 06:34:00,23.0,69.36666666666666
2026-07-22 06:35:00,22.933333333333334,69.93333333333334
2026-07-22 06:36:00,22.899999999999995,70.26666666666667
2026-07-22 06:37:00,22.899999999999995,70.63333333333333
2026-07-22 06:38:00,22.899999999999995,70.86666666666666
2026-07-22 06:39:00,22.899999999999995,71.36666666666667
2026-07-22 06:40:00,22.899999999999995,71.39999999999999
2026-07-22 06:41:00,22.899999999999995,71.39999999999999
2026-07-22 06:42:00,23.0,71.36666666666667
2026-07-22 06:43:00,23.0,71.33333333333333
2026-07-22 06:44:00,23.0,71.36666666666667
2026-07-22 06:45:00,23.0,71.46666666666667
2026-07-22 06:46:00,23.0,71.43333333333334
2026-07-22 06:47:00,23.0,71.4
2026-07-22 06:48:00,23.0,71.4
2026-07-22 06:49:00,23.03333333333333,71.26666666666667
2026-07-22 06:50:00,23.100000000000005,71.3
2026-07-22 06:51:00,23.100000000000005,71.3
2026-07-22 06:52:00,23.100000000000005,71.2
2026-07-22 06:53:00,23.133333333333336,71.06666666666666
2026-07-22 06:54:00,23.133333333333336,71.1
2026-07-22 06:55:00,23.100000000000005,71.06666666666666
2026-07-22 06:56:00,23.100000000000005,70.96666666666667
2026-07-22 06:57:00,23.100000000000005,70.96666666666667
2026-07-22 06:58:00,23.100000000000005,71.0
2026-07-22 06:59:00,23.133333333333336,70.86666666666667
2026-07-22 07:00:00,23.2,71.0
2026-07-22 07:01:00,23.166666666666668,71.13333333333334
2026-07-22 07:02:00,23.2,71.23333333333333
2026-07-22 07:03:00,23.2,71.26666666666667
2026-07-22 07:04:00,23.166666666666668,71.33333333333333
2026-07-22 07:05:00,23.2,71.3
2026-07-22 07:06:00,23.2,71.3
2026-07-22 07:07:00,23.2,71.56666666666666
2026-07-22 07:08:00,23.2,71.76666666666667
2026-07-22 07:09:00,23.2,71.86666666666667
2026-07-22 07:10:00,23.2,72.13333333333333
2026-07-22 07:11:00,23.2,72.1
2026-07-22 07:12:00,23.2,72.23333333333333
2026-07-22 07:13:00,23.2,72.46666666666667
2026-07-22 07:14:00,23.2,72.6
2026-07-22 07:15:00,23.2,72.73333333333333
2026-07-22 07:16:00,23.3,72.76666666666667
2026-07-22 07:17:00,23.3,72.96666666666667
2026-07-22 07:18:00,23.3,73.10000000000001
2026-07-22 07:19:00,23.2,73.3
2026-07-22 07:20:00,23.2,73.46666666666667
2026-07-22 07:21:00,23.2,73.56666666666666
2026-07-22 07:22:00,23.2,73.83333333333333
2026-07-22 07:23:00,23.2,74.03333333333333
2026-07-22 07:24:00,23.2,74.0
2026-07-22 07:25:00,23.2,73.96666666666667
2026-07-22 07:26:00,23.266666666666666,74.10000000000001
2026-07-22 07:27:00,23.3,74.16666666666667
2026-07-22 07:28:00,23.3,74.1
2026-07-22 07:29:00,23.3,74.13333333333333
2026-07-22 07:30:00,23.3,74.13333333333333
2026-07-22 07:31:00,23.3,74.13333333333333
2026-07-22 07:32:00,23.3,74.1
2026-07-22 07:33:00,23.3,74.2
2026-07-22 07:34:00,23.3,74.03333333333333
2026-07-22 07:35:00,23.3,73.96666666666667
2026-07-22 07:36:00,23.3,74.0
2026-07-22 07:37:00,23.3,74.06666666666666
2026-07-22 07:38:00,23.3,74.10000000000001
2026-07-22 07:39:00,23.399999999999995,74.03333333333333
2026-07-22 07:40:00,23.399999999999995,74.06666666666666
2026-07-22 07:41:00,23.399999999999995,74.1
2026-07-22 07:42:00,23.366666666666664,74.1
2026-07-22 07:43:00,23.399999999999995,74.1
2026-07-22 07:44:00,23.399999999999995,74.03333333333333
2026-07-22 07:45:00,23.433333333333334,73.83333333333333
2026-07-22 07:46:00,23.5,73.73333333333333
2026-07-22 07:47:00,23.5,73.73333333333333
2026-07-22 07:48:00,23.5,73.83333333333333
2026-07-22 07:49:00,23.600000000000005,73.9
2026-07-22 07:50:00,23.600000000000005,73.96666666666667
2026-07-22 07:51:00,23.600000000000005,73.93333333333334
2026-07-22 07:52:00,23.600000000000005,73.93333333333334
2026-07-22 07:53:00,23.600000000000005,74.2
2026-07-22 07:54:00,23.600000000000005,74.39999999999999
2026-07-22 07:55:00,23.600000000000005,74.56666666666666
2026-07-22 07:56:00,23.600000000000005,74.56666666666666
2026-07-22 07:57:00,23.600000000000005,74.56666666666666
2026-07-22 07:58:00,23.566666666666666,74.8
2026-07-22 07:59:00,23.600000000000005,74.9
2026-07-22 08:00:00,23.600000000000005,74.8
2026-07-22 08:01:00,23.566666666666666,74.83333333333333
2026-07-22 08:02:00,23.600000000000005,74.93333333333334
2026-07-22 08:03:00,23.600000000000005,74.96666666666667
2026-07-22 08:04:00,23.600000000000005,75.06666666666666
2026-07-22 08:05:00,23.600000000000005,75.13333333333333
2026-07-22 08:06:00,23.600000000000005,75.1
2026-07-22 08:07:00,23.600000000000005,75.23333333333333
2026-07-22 08:08:00,23.600000000000005,75.26666666666667
2026-07-22 08:09:00,23.600000000000005,75.16666666666667
2026-07-22 08:10:00,23.600000000000005,75.06666666666666
2026-07-22 08:11:00,23.600000000000005,75.0
2026-07-22 08:12:00,23.600000000000005,75.1
2026-07-22 08:13:00,23.633333333333336,75.0
2026-07-22 08:14:00,23.7,75.0
2026-07-22 08:15:00,23.666666666666668,75.0
2026-07-22 08:16:00,23.7,75.03333333333333
2026-07-22 08:17:00,23.7,75.06666666666666
2026-07-22 08:18:00,23.7,75.2
2026-07-22 08:19:00,23.7,75.1
2026-07-22 08:20:00,23.7,75.16666666666667
2026-07-22 08:21:00,23.7,75.26666666666667
2026-07-22 08:22:00,23.7,75.43333333333334
2026-07-22 08:23:00,23.7,75.5
2026-07-22 08:24:00,23.7,75.63333333333333
2026-07-22 08:25:00,23.733333333333334,75.73333333333333
2026-07-22 08:26:00,23.8,75.86666666666667
2026-07-22 08:27:00,23.8,75.86666666666667
2026-07-22 08:28:00,23.8,76.0
2026-07-22 08:29:00,23.8,76.2
2026-07-22 08:30:00,23.866666666666664,76.2
2026-07-22 08:31:00,23.8,76.23333333333333
2026-07-22 08:32:00,23.8,76.3
2026-07-22 08:33:00,23.8,76.26666666666667
2026-07-22 08:34:00,23.8,76.23333333333333
2026-07-22 08:35:00,23.8,76.26666666666667
2026-07-22 08:36:00,23.899999999999995,76.13333333333333
2026-07-22 08:37:00,23.899999999999995,75.8
2026-07-22 08:38:00,23.899999999999995,75.6
2026-07-22 08:39:00,23.899999999999995,75.36666666666667
2026-07-22 08:40:00,23.899999999999995,75.16666666666667
2026-07-22 08:41:00,23.899999999999995,75.0
2026-07-22 08:42:00,23.899999999999995,74.76666666666667
2026-07-22 08:43:00,23.899999999999995,74.63333333333333
2026-07-22 08:44:00,23.899999999999995,74.6
2026-07-22 08:45:00,24.0,74.56666666666666
2026-07-22 08:46:00,24.0,74.43333333333334
2026-07-22 08:47:00,24.0,74.16666666666667
2026-07-22 08:48:00,24.0,74.13333333333333
2026-07-22 08:49:00,24.0,74.1
2026-07-22 08:50:00,24.0,73.93333333333334
2026-07-22 08:51:00,24.03333333333333,73.86666666666667
2026-07-22 08:52:00,24.0,73.9
2026-07-22 08:53:00,24.0,73.89999999999999
2026-07-22 08:54:00,24.066666666666666,74.0
2026-07-22 08:55:00,24.100000000000005,74.1
2026-07-22 08:56:00,24.2,73.96666666666667
2026-07-22 08:57:00,24.233333333333334,73.73333333333333
2026-07-22 08:58:00,24.266666666666666,73.7
2026-07-22 08:59:00,24.3,73.6
2026-07-22 09:00:00,24.233333333333334,73.7
2026-07-22 09:01:00,24.233333333333334,73.83333333333333
2026-07-22 09:02:00,24.25,74.15
2026-07-22 09:05:00,24.3,74.03333333333333
2026-07-22 09:06:00,24.3,74.10000000000001
2026-07-22 09:07:00,24.3,74.36666666666667
2026-07-22 09:08:00,24.3,74.3
2026-07-22 09:09:00,24.3,74.03333333333333
2026-07-22 09:10:00,24.3,73.89999999999999
2026-07-22 09:11:00,24.3,73.66666666666667
2026-07-22 09:12:00,24.233333333333334,73.76666666666667
2026-07-22 09:13:00,24.266666666666666,73.7
2026-07-22 09:14:00,24.3,73.76666666666667
2026-07-22 09:15:00,24.3,73.7
2026-07-22 09:16:00,24.3,73.63333333333333
2026-07-22 09:17:00,24.3,73.6
2026-07-22 09:18:00,24.3,73.56666666666666
2026-07-22 09:19:00,24.3,73.43333333333334
2026-07-22 09:20:00,24.2,73.36666666666667
2026-07-22 09:21:00,24.2,73.2
2026-07-22 09:22:00,24.2,73.1
2026-07-22 09:23:00,24.2,73.06666666666666
2026-07-22 09:24:00,24.3,73.0
2026-07-22 09:25:00,24.3,72.86666666666667
2026-07-22 09:26:00,24.3,72.83333333333333
2026-07-22 09:27:00,24.3,72.86666666666667
2026-07-22 09:28:00,24.333333333333332,72.9
2026-07-22 09:29:00,24.366666666666664,73.06666666666666
2026-07-22 09:30:00,24.399999999999995,73.0
2026-07-22 09:31:00,24.46666666666667,72.9
2026-07-22 09:32:00,24.5,72.8
2026-07-22 09:33:00,24.566666666666666,72.73333333333333
2026-07-22 09:34:00,24.600000000000005,72.73333333333333
2026-07-22 09:35:00,24.600000000000005,72.76666666666667
2026-07-22 09:36:00,24.600000000000005,72.7
2026-07-22 09:37:00,24.600000000000005,72.7
2026-07-22 09:38:00,24.600000000000005,72.76666666666667
2026-07-22 09:39:00,24.600000000000005,72.66666666666667
2026-07-22 09:40:00,24.600000000000005,72.53333333333333
2026-07-22 09:41:00,24.600000000000005,72.5
2026-07-22 09:42:00,24.600000000000005,72.56666666666666
2026-07-22 09:43:00,24.600000000000005,72.5
2026-07-22 09:44:00,24.666666666666668,72.43333333333334
2026-07-22 09:45:00,24.7,72.26666666666667
2026-07-22 09:46:00,24.7,72.13333333333333
2026-07-22 09:47:00,24.666666666666668,72.13333333333333
2026-07-22 09:48:00,24.600000000000005,72.23333333333333
2026-07-22 09:49:00,24.600000000000005,72.36666666666667
2026-07-22 09:50:00,24.633333333333336,72.53333333333333
2026-07-22 09:51:00,24.7,72.56666666666666
2026-07-22 09:52:00,24.7,72.66666666666667
2026-07-22 09:53:00,24.733333333333334,72.7
2026-07-22 09:54:00,24.8,72.66666666666667
2026-07-22 09:55:00,24.8,72.60000000000001
2026-07-22 09:56:00,24.8,72.16666666666667
2026-07-22 09:57:00,24.8,72.1
2026-07-22 09:58:00,24.8,72.2
2026-07-22 09:59:00,24.8,72.2
2026-07-22 10:00:00,24.833333333333332,72.23333333333333
2026-07-22 10:01:00,24.899999999999995,72.10000000000001
2026-07-22 10:02:00,24.899999999999995,71.93333333333334
2026-07-22 10:03:00,24.899999999999995,71.96666666666667
2026-07-22 10:04:00,24.933333333333334,72.33333333333333
2026-07-22 10:05:00,25.100000000000005,71.83333333333333
2026-07-22 10:06:00,25.03333333333333,71.4
2026-07-22 10:07:00,25.0,71.43333333333334
2026-07-22 10:08:00,25.0,71.2
2026-07-22 10:09:00,25.0,70.46666666666667
2026-07-22 10:15:00,25.366666666666664,69.56666666666666
2026-07-22 10:46:00,25.9,68.0
2026-07-22 10:47:00,25.899999999999995,68.06666666666666
2026-07-22 10:48:00,25.899999999999995,68.39999999999999
2026-07-22 10:49:00,26.0,68.46666666666667
2026-07-22 10:50:00,26.066666666666666,68.36666666666667
2026-07-22 10:51:00,26.166666666666668,68.06666666666666
2026-07-22 10:52:00,26.2,67.9
2026-07-22 10:53:00,26.175,67.75
2026-07-22 10:54:00,26.166666666666668,67.63333333333333
2026-07-22 10:55:00,26.100000000000005,67.7
2026-07-22 10:56:00,26.100000000000005,68.10000000000001
2026-07-22 10:57:00,26.066666666666666,68.3
2026-07-22 10:58:00,25.933333333333334,68.8
2026-07-22 10:59:00,25.833333333333332,68.93333333333334
2026-07-22 11:00:00,25.8,68.8
2026-07-22 11:01:00,25.8,68.26666666666667
2026-07-22 11:02:00,25.733333333333334,67.89999999999999
2026-07-22 11:03:00,25.7,67.73333333333333
2026-07-22 11:04:00,25.7,67.73333333333333
2026-07-22 11:05:00,25.7,67.6
2026-07-22 11:06:00,25.766666666666666,67.6
2026-07-22 11:07:00,25.833333333333332,67.86666666666667
2026-07-22 11:08:00,25.933333333333334,68.06666666666666
2026-07-22 11:09:00,26.066666666666666,68.16666666666667
2026-07-22 11:10:00,26.15,68.06666666666666
2026-07-22 11:11:00,26.2,67.56666666666666
2026-07-22 11:12:00,26.133333333333336,67.2
2026-07-22 11:13:00,26.100000000000005,66.96666666666667
2026-07-22 11:14:00,26.100000000000005,66.76666666666667
2026-07-22 11:15:00,26.100000000000005,66.23333333333333
2026-07-22 11:16:00,26.100000000000005,65.93333333333334
2026-07-22 11:17:00,26.166666666666668,65.96666666666667
2026-07-22 11:18:00,26.266666666666666,66.16666666666667
2026-07-22 11:19:00,26.266666666666666,66.23333333333333
2026-07-22 11:20:00,26.266666666666666,66.43333333333334
2026-07-22 11:21:00,26.399999999999995,65.83333333333333
2026-07-22 11:22:00,26.46666666666667,65.63333333333333
2026-07-22 11:23:00,26.5,65.63333333333333
2026-07-22 11:24:00,26.46666666666667,65.73333333333333
2026-07-22 11:25:00,26.433333333333334,66.0
2026-07-22 11:26:00,26.53333333333333,66.23333333333333
2026-07-22 11:27:00,26.600000000000005,66.06666666666666
2026-07-22 11:28:00,26.666666666666668,65.93333333333334
2026-07-22 11:29:00,26.600000000000005,65.96666666666667
2026-07-22 11:30:00,26.600000000000005,66.03333333333333
2026-07-22 11:31:00,26.5,66.33333333333333
2026-07-22 11:32:00,26.566666666666666,66.53333333333333
2026-07-22 11:33:00,26.7,66.1
2026-07-22 11:34:00,26.7,65.96666666666667
2026-07-22 11:35:00,26.7,65.86666666666667
2026-07-22 11:36:00,26.7,65.89999999999999
2026-07-22 11:37:00,26.666666666666668,66.10000000000001
2026-07-22 11:38:00,26.7,66.26666666666667
2026-07-22 11:39:00,26.733333333333334,66.5
2026-07-22 11:40:00,26.8,66.5
2026-07-22 11:41:00,26.8,66.2
2026-07-22 11:42:00,26.8,65.89999999999999
2026-07-22 11:43:00,26.8,65.56666666666666
2026-07-22 11:44:00,26.766666666666666,65.33333333333333
2026-07-22 11:45:00,26.8,65.23333333333333
2026-07-22 11:46:00,26.833333333333332,65.16666666666667
2026-07-22 11:47:00,26.899999999999995,65.03333333333333
2026-07-22 11:48:00,26.899999999999995,64.96666666666667
2026-07-22 11:49:00,26.933333333333334,64.8
2026-07-22 11:50:00,27.0,64.53333333333333
2026-07-22 11:51:00,27.066666666666666,64.2
2026-07-22 11:52:00,27.166666666666668,63.86666666666667
2026-07-22 11:53:00,27.2,63.79999999999999
2026-07-22 11:54:00,27.166666666666668,63.86666666666667
2026-07-22 11:55:00,27.100000000000005,64.2
2026-07-22 11:56:00,27.133333333333336,64.4
2026-07-22 11:57:00,27.166666666666668,64.13333333333333
2026-07-22 11:58:00,27.133333333333336,64.13333333333333
2026-07-22 11:59:00,27.100000000000005,64.13333333333333
2026-07-22 12:00:00,27.100000000000005,64.06666666666666
2026-07-22 12:01:00,27.100000000000005,64.03333333333333
2026-07-22 12:02:00,27.100000000000005,64.16666666666667
2026-07-22 12:03:00,27.100000000000005,64.16666666666667
2026-07-22 12:04:00,27.066666666666666,64.06666666666666
2026-07-22 12:05:00,27.0,64.36666666666666
2026-07-22 12:06:00,26.899999999999995,64.89999999999999
2026-07-22 12:07:00,26.766666666666666,65.33333333333333
2026-07-22 12:08:00,26.7,65.66666666666667
2026-07-22 12:09:00,26.866666666666664,64.9
2026-07-22 12:10:00,26.96666666666667,63.73333333333333
2026-07-22 12:11:00,26.933333333333334,62.699999999999996
2026-07-22 12:12:00,26.833333333333332,62.56666666666666
2026-07-22 12:13:00,26.7,63.03333333333333
2026-07-22 12:14:00,26.7,62.86666666666667
2026-07-22 12:15:00,26.8,61.93333333333334
2026-07-22 12:16:00,26.7,61.699999999999996
2026-07-22 12:17:00,26.633333333333336,61.73333333333333
2026-07-22 12:18:00,26.666666666666668,62.0
2026-07-22 12:19:00,26.600000000000005,62.26666666666667
2026-07-22 12:20:00,26.633333333333336,62.26666666666667
2026-07-22 12:21:00,26.600000000000005,62.29999999999999
2026-07-22 12:22:00,26.600000000000005,62.63333333333333
2026-07-22 12:23:00,26.53333333333333,62.96666666666667
2026-07-22 12:24:00,26.5,63.1
2026-07-22 12:25:00,26.566666666666666,63.166666666666664
2026-07-22 12:26:00,26.566666666666666,63.63333333333333
2026-07-22 12:27:00,26.566666666666666,63.93333333333334
2026-07-22 12:28:00,26.633333333333336,63.9
2026-07-22 12:29:00,26.733333333333334,63.6
2026-07-22 12:30:00,26.8,63.06666666666666
2026-07-22 12:31:00,26.866666666666664,62.333333333333336
2026-07-22 12:32:00,26.866666666666664,61.93333333333334
2026-07-22 12:33:00,26.766666666666666,61.9
2026-07-22 12:34:00,26.733333333333334,61.96666666666667
2026-07-22 12:35:00,26.866666666666664,61.9
2026-07-22 12:36:00,27.0,61.63333333333333
2026-07-22 12:37:00,27.03333333333333,61.300000000000004
2026-07-22 12:38:00,27.0,61.1
2026-07-22 12:39:00,27.066666666666666,61.13333333333333
2026-07-22 12:40:00,27.100000000000005,61.23333333333333
2026-07-22 12:41:00,27.066666666666666,61.5
2026-07-22 12:42:00,27.03333333333333,61.76666666666667
2026-07-22 12:43:00,27.0,62.1
2026-07-22 12:44:00,26.899999999999995,62.699999999999996
2026-07-22 12:45:00,26.899999999999995,62.96666666666667
2026-07-22 12:46:00,26.933333333333334,63.300000000000004
2026-07-22 12:47:00,27.066666666666666,63.56666666666666
2026-07-22 12:48:00,27.266666666666666,63.4
2026-07-22 12:49:00,27.366666666666664,62.96666666666667
2026-07-22 12:50:00,27.333333333333332,62.666666666666664
2026-07-22 12:51:00,27.233333333333334,62.53333333333333
2026-07-22 12:52:00,27.2,62.63333333333333
2026-07-22 12:53:00,27.2,62.73333333333333
2026-07-22 12:54:00,27.266666666666666,63.13333333333333
2026-07-22 12:55:00,27.366666666666664,62.833333333333336
2026-07-22 12:56:00,27.399999999999995,62.199999999999996
2026-07-22 12:57:00,27.399999999999995,62.199999999999996
2026-07-22 12:58:00,27.399999999999995,63.199999999999996
2026-07-22 12:59:00,27.366666666666664,63.666666666666664
2026-07-22 13:00:00,27.366666666666664,63.9
2026-07-22 13:01:00,27.366666666666664,64.56666666666666
2026-07-22 13:02:00,27.366666666666664,64.86666666666667
2026-07-22 13:03:00,27.46666666666667,64.66666666666667
2026-07-22 13:04:00,27.5,64.53333333333333
2026-07-22 13:05:00,27.46666666666667,64.46666666666667
2026-07-22 13:06:00,27.366666666666664,64.83333333333333
2026-07-22 13:07:00,27.3,65.03333333333333
2026-07-22 13:08:00,27.3,64.89999999999999
2026-07-22 13:09:00,27.2,64.46666666666667
2026-07-22 13:10:00,27.233333333333334,64.36666666666667
2026-07-22 13:11:00,27.266666666666666,64.23333333333333
2026-07-22 13:12:00,27.3,64.0
2026-07-22 13:13:00,27.366666666666664,63.699999999999996
2026-07-22 13:14:00,27.233333333333334,63.9
2026-07-22 13:15:00,27.3,64.03333333333333
2026-07-22 13:16:00,27.399999999999995,64.13333333333333
2026-07-22 13:17:00,27.4,64.1
2026-07-22 13:22:00,27.5,63.63333333333333
2026-07-22 13:23:00,27.5,63.666666666666664
2026-07-22 13:24:00,27.5,63.5
2026-07-22 13:25:00,27.5,63.56666666666666
2026-07-22 13:26:00,27.5,63.86666666666667
2026-07-22 13:27:00,27.399999999999995,63.93333333333334
2026-07-22 13:28:00,27.333333333333332,64.13333333333333
2026-07-22 13:29:00,27.3,64.7
2026-07-22 13:30:00,27.3,64.56666666666666
2026-07-22 13:31:00,27.3,64.56666666666666
2026-07-22 13:32:00,27.3,64.39999999999999
2026-07-22 13:33:00,27.233333333333334,64.7
2026-07-22 13:34:00,27.266666666666666,64.93333333333334
2026-07-22 13:35:00,27.333333333333332,64.8
2026-07-22 13:36:00,27.399999999999995,65.06666666666666
2026-07-22 13:37:00,27.5,65.2
2026-07-22 13:38:00,27.46666666666667,65.33333333333333
2026-07-22 13:39:00,27.399999999999995,65.36666666666666
2026-07-22 13:40:00,27.366666666666664,65.66666666666667
2026-07-22 13:41:00,27.3,65.93333333333334
2026-07-22 13:42:00,27.3,66.06666666666666
2026-07-22 13:43:00,27.333333333333332,65.86666666666667
2026-07-22 13:44:00,27.3,65.60000000000001
2026-07-22 13:45:00,27.3,65.26666666666667
2026-07-22 13:46:00,27.3,65.1
2026-07-22 13:47:00,27.3,65.1
2026-07-22 13:48:00,27.3,65.16666666666667
2026-07-22 13:49:00,27.3,65.60000000000001
2026-07-22 13:50:00,27.3,65.96666666666667
2026-07-22 13:51:00,27.266666666666666,66.03333333333333
2026-07-22 13:52:00,27.2,66.23333333333333
2026-07-22 13:53:00,27.133333333333336,66.3
2026-07-22 13:54:00,27.066666666666666,66.60000000000001
2026-07-22 13:55:00,27.0,66.8
2026-07-22 13:56:00,27.0,67.10000000000001
2026-07-22 13:57:00,27.0,67.36666666666667
2026-07-22 13:58:00,27.100000000000005,67.3
2026-07-22 13:59:00,27.2,66.83333333333333
2026-07-22 14:00:00,27.166666666666668,66.5
2026-07-22 14:01:00,27.133333333333336,66.46666666666667
2026-07-22 14:02:00,27.066666666666666,66.46666666666667
2026-07-22 14:03:00,27.066666666666666,66.63333333333333
2026-07-22 14:04:00,27.066666666666666,66.63333333333333
2026-07-22 14:05:00,27.100000000000005,66.53333333333333
2026-07-22 14:06:00,27.100000000000005,66.36666666666667
2026-07-22 14:07:00,27.100000000000005,66.53333333333333
2026-07-22 14:08:00,27.2,66.13333333333334
2026-07-22 14:09:00,27.2,65.63333333333333
2026-07-22 14:10:00,27.2,65.6
2026-07-22 14:11:00,27.133333333333336,65.56666666666666
2026-07-22 14:12:00,27.133333333333336,65.8
2026-07-22 14:13:00,27.100000000000005,65.96666666666667
2026-07-22 14:14:00,27.066666666666666,66.2
2026-07-22 14:15:00,27.03333333333333,66.5
2026-07-22 14:16:00,27.0,66.86666666666667
2026-07-22 14:17:00,26.866666666666664,67.33333333333333
2026-07-22 14:18:00,26.8,67.60000000000001
2026-07-22 14:19:00,26.7,67.96666666666665
2026-07-22 14:20:00,26.600000000000005,68.23333333333333
2026-07-22 14:21:00,26.600000000000005,68.60000000000001
2026-07-22 14:22:00,26.600000000000005,69.06666666666666
2026-07-22 14:23:00,26.566666666666666,69.36666666666667
2026-07-22 14:24:00,26.5,69.43333333333334
2026-07-22 14:25:00,26.399999999999995,69.66666666666667
2026-07-22 14:26:00,26.399999999999995,69.93333333333334
2026-07-22 14:27:00,26.399999999999995,69.9
2026-07-22 14:28:00,26.3,70.0
2026-07-22 14:29:00,26.3,70.16666666666667
2026-07-22 14:30:00,26.3,70.16666666666667
2026-07-22 14:31:00,26.46666666666667,70.06666666666666
2026-07-22 14:32:00,26.633333333333336,69.5
2026-07-22 14:33:00,26.7,68.93333333333334
2026-07-22 14:34:00,26.733333333333334,68.63333333333333
2026-07-22 14:35:00,26.8,68.66666666666667
2026-07-22 14:36:00,26.733333333333334,68.63333333333333
2026-07-22 14:37:00,26.7,68.6
2026-07-22 14:38:00,26.766666666666666,68.7
2026-07-22 14:39:00,26.8,68.66666666666667
2026-07-22 14:40:00,26.8,68.56666666666666
2026-07-22 14:41:00,26.8,68.4
2026-07-22 14:42:00,26.8,68.3
2026-07-22 14:43:00,26.8,68.16666666666667
2026-07-22 14:44:00,26.8,68.16666666666667
2026-07-22 14:45:00,26.7,68.2
2026-07-22 14:46:00,26.7,68.55
2026-07-22 14:47:00,26.666666666666668,68.53333333333333
2026-07-22 14:48:00,26.7,68.46666666666665
2026-07-22 14:49:00,26.7,68.03333333333333
2026-07-22 14:50:00,26.7,67.76666666666667
2026-07-22 14:51:00,26.7,67.43333333333334
2026-07-22 14:52:00,26.7,67.2
2026-07-22 14:53:00,26.633333333333336,67.2
2026-07-22 14:54:00,26.666666666666668,67.23333333333333
2026-07-22 14:55:00,26.600000000000005,67.0
2026-07-22 14:56:00,26.600000000000005,66.9
2026-07-22 14:57:00,26.600000000000005,66.89999999999999
2026-07-22 14:58:00,26.566666666666666,66.93333333333334
2026-07-22 14:59:00,26.53333333333333,67.10000000000001
2026-07-22 15:00:00,26.5,67.16666666666667
2026-07-22 15:01:00,26.5,67.46666666666665
2026-07-22 15:02:00,26.5,67.66666666666667
2026-07-22 15:03:00,26.5,67.8
2026-07-22 15:04:00,26.5,67.89999999999999
2026-07-22 15:05:00,26.5,68.03333333333333
2026-07-22 15:06:00,26.5,68.16666666666667
2026-07-22 15:07:00,26.5,68.26666666666667
2026-07-22 15:08:00,26.5,68.43333333333334
2026-07-22 15:09:00,26.5,68.2
2026-07-22 15:10:00,26.5,68.0
2026-07-22 15:11:00,26.5,67.96666666666667
2026-07-22 15:12:00,26.5,67.9
2026-07-22 15:13:00,26.5,67.76666666666667
2026-07-22 15:14:00,26.5,67.53333333333333
2026-07-22 15:15:00,26.5,67.53333333333333
2026-07-22 15:16:00,26.399999999999995,67.60000000000001
2026-07-22 15:17:00,26.399999999999995,67.73333333333333
2026-07-22 15:18:00,26.433333333333334,67.73333333333333
2026-07-22 15:19:00,26.399999999999995,67.86666666666667
2026-07-22 15:20:00,26.399999999999995,67.96666666666667
2026-07-22 15:21:00,26.399999999999995,68.0
2026-07-22 15:22:00,26.366666666666664,68.03333333333333
2026-07-22 15:23:00,26.366666666666664,68.2
2026-07-22 15:24:00,26.4,68.3
2026-07-22 15:37:00,26.2,68.65
2026-07-22 15:38:00,26.2,68.6
2026-07-22 15:39:00,26.2,68.6
2026-07-22 15:40:00,26.233333333333334,68.56666666666666
2026-07-22 15:41:00,26.3,68.36666666666667
2026-07-22 15:42:00,26.266666666666666,68.2
2026-07-22 15:43:00,26.2,68.25
2026-07-22 15:44:00,26.2,68.2
2026-07-22 15:45:00,26.2,68.1
2026-07-22 15:46:00,26.100000000000005,68.1
2026-07-22 15:47:00,26.100000000000005,68.06666666666666
2026-07-22 15:48:00,26.100000000000005,67.9
2026-07-22 15:49:00,26.100000000000005,67.9
2026-07-22 15:50:00,26.100000000000005,68.03333333333333
2026-07-22 15:51:00,26.100000000000005,67.89999999999999
2026-07-22 15:52:00,26.100000000000005,67.86666666666667
2026-07-22 15:53:00,26.100000000000005,67.76666666666667
2026-07-22 15:54:00,26.0,67.76666666666667
2026-07-22 15:55:00,26.0,67.83333333333333
2026-07-22 15:56:00,26.0,67.9
2026-07-22 15:57:00,26.0,67.96666666666667
2026-07-22 15:59:00,25.933333333333334,68.06666666666666
2026-07-22 16:00:00,25.96666666666667,68.0
2026-07-22 16:01:00,25.933333333333334,68.16666666666667
2026-07-22 16:02:00,26.0,68.1
2026-07-22 16:03:00,26.0,68.2
2026-07-22 16:04:00,26.0,68.3
2026-07-22 16:05:00,26.0,68.2
2026-07-22 16:06:00,26.0,68.15
2026-07-22 16:07:00,26.0,68.1
2026-07-22 16:08:00,26.0,68.1
2026-07-22 16:09:00,26.0,68.2
2026-07-22 16:10:00,25.933333333333334,68.43333333333334
2026-07-22 16:11:00,25.899999999999995,68.56666666666666
2026-07-22 16:12:00,25.899999999999995,68.73333333333333
2026-07-22 16:13:00,25.833333333333332,69.0
2026-07-22 16:14:00,25.8,69.1
2026-07-22 16:15:00,25.8,69.13333333333333
2026-07-22 16:16:00,25.8,69.13333333333333
2026-07-22 16:17:00,25.8,69.2
2026-07-22 16:18:00,25.8,69.1
2026-07-22 16:19:00,25.8,69.0
2026-07-22 16:20:00,25.8,69.0
2026-07-22 16:21:00,25.8,69.0
2026-07-22 16:22:00,25.8,68.83333333333333
2026-07-22 16:23:00,25.8,68.7
2026-07-22 16:24:00,25.8,68.46666666666667
2026-07-22 16:25:00,25.766666666666666,68.23333333333333
2026-07-22 16:26:00,25.7,68.16666666666667
2026-07-22 16:27:00,25.666666666666668,68.06666666666666
2026-07-22 16:28:00,25.633333333333336,68.03333333333333
2026-07-22 16:29:00,25.633333333333336,68.13333333333333
2026-07-22 16:30:00,25.633333333333336,68.1
2026-07-22 16:31:00,25.600000000000005,68.16666666666667
2026-07-22 16:32:00,25.600000000000005,68.23333333333333
2026-07-22 16:33:00,25.600000000000005,68.3
2026-07-22 16:34:00,25.600000000000005,68.26666666666667
2026-07-22 16:35:00,25.600000000000005,68.23333333333333
2026-07-22 16:36:00,25.600000000000005,68.16666666666667
2026-07-22 16:37:00,25.53333333333333,68.23333333333333
2026-07-22 16:38:00,25.5,68.33333333333333
2026-07-22 16:39:00,25.5,68.33333333333333
2026-07-22 16:40:00,25.5,68.4
2026-07-22 16:41:00,25.5,68.36666666666667
2026-07-22 16:42:00,25.566666666666666,68.46666666666667
2026-07-22 16:43:00,25.600000000000005,68.5
2026-07-22 16:44:00,25.5,68.53333333333333
2026-07-22 16:45:00,25.5,68.4
2026-07-22 16:46:00,25.5,68.4
2026-07-22 16:47:00,25.5,68.46666666666667
2026-07-22 16:48:00,25.5,68.46666666666667
2026-07-22 16:49:00,25.46666666666667,68.6
2026-07-22 16:50:00,25.399999999999995,68.60000000000001
2026-07-22 16:51:00,25.399999999999995,68.63333333333333
2026-07-22 16:52:00,25.399999999999995,68.7
2026-07-22 16:53:00,25.399999999999995,68.7
2026-07-22 16:54:00,25.399999999999995,68.73333333333333
2026-07-22 16:55:00,25.399999999999995,68.8
2026-07-22 16:56:00,25.399999999999995,68.9
2026-07-22 16:57:00,25.4,68.86666666666667
2026-07-22 16:58:00,25.3,69.10000000000001
2026-07-22 16:59:00,25.3,69.16666666666667
2026-07-22 17:00:00,25.266666666666666,69.23333333333333
2026-07-22 17:01:00,25.233333333333334,69.36666666666667
2026-07-22 17:02:00,25.266666666666666,69.33333333333333
2026-07-22 17:03:00,25.2,69.43333333333334
2026-07-22 17:04:00,25.2,69.46666666666667
2026-07-22 17:05:00,25.2,69.53333333333333
2026-07-22 17:06:00,25.233333333333334,69.6
2026-07-22 17:07:00,25.2,69.63333333333333
2026-07-22 17:08:00,25.233333333333334,69.63333333333333
2026-07-22 17:09:00,25.233333333333334,69.76666666666667
2026-07-22 17:10:00,25.2,69.76666666666667
2026-07-22 17:11:00,25.2,69.86666666666667
2026-07-22 17:12:00,25.2,69.93333333333334
2026-07-22 17:13:00,25.2,69.9
2026-07-22 17:14:00,25.2,69.9
2026-07-22 17:15:00,25.2,70.0
2026-07-22 17:16:00,25.166666666666668,70.2
2026-07-22 17:17:00,25.100000000000005,70.33333333333333
2026-07-22 17:18:00,25.100000000000005,70.33333333333333
2026-07-22 17:19:00,25.100000000000005,70.33333333333333
2026-07-22 17:20:00,25.100000000000005,70.33333333333333
2026-07-22 17:21:00,25.100000000000005,70.33333333333333
2026-07-22 17:22:00,25.100000000000005,70.23333333333333
2026-07-22 17:23:00,25.100000000000005,70.26666666666667
2026-07-22 17:24:00,25.100000000000005,70.26666666666667
2026-07-22 17:25:00,25.100000000000005,70.23333333333333
2026-07-22 17:26:00,25.03333333333333,70.36666666666667
2026-07-22 17:27:00,25.0,70.4
2026-07-22 17:28:00,25.100000000000005,70.33333333333333
2026-07-22 17:29:00,25.100000000000005,70.16666666666667
2026-07-22 17:30:00,25.100000000000005,70.03333333333333
2026-07-22 17:31:00,25.0,70.1
2026-07-22 17:32:00,25.0,70.06666666666666
2026-07-22 17:33:00,24.933333333333334,70.06666666666666
2026-07-22 17:34:00,24.899999999999995,70.13333333333333
2026-07-22 17:35:00,24.899999999999995,70.2
2026-07-22 17:36:00,24.899999999999995,70.13333333333333
2026-07-22 17:37:00,24.899999999999995,70.0
2026-07-22 17:38:00,24.899999999999995,70.06666666666666
2026-07-22 17:39:00,24.899999999999995,70.06666666666666
2026-07-22 17:40:00,24.8,70.0
2026-07-22 17:41:00,24.866666666666664,69.96666666666667
2026-07-22 17:42:00,24.8,69.93333333333334
2026-07-22 17:43:00,24.8,69.9
2026-07-22 17:44:00,24.766666666666666,70.03333333333333
2026-07-22 17:45:00,24.8,69.96666666666667
2026-07-22 17:46:00,24.733333333333334,69.96666666666667
2026-07-22 17:47:00,24.8,69.86666666666666
2026-07-22 17:48:00,24.766666666666666,69.86666666666667
2026-07-22 17:49:00,24.7,69.83333333333333
2026-07-22 17:50:00,24.7,69.9
2026-07-22 17:51:00,24.7,70.06666666666666
2026-07-22 17:52:00,24.666666666666668,70.13333333333333
2026-07-22 17:53:00,24.633333333333336,70.13333333333333
2026-07-22 17:54:00,24.633333333333336,70.1
2026-07-22 17:55:00,24.666666666666668,69.96666666666667
2026-07-22 17:56:00,24.600000000000005,69.93333333333334
2026-07-22 17:57:00,24.600000000000005,69.93333333333334
2026-07-22 17:58:00,24.600000000000005,69.96666666666667
2026-07-22 17:59:00,24.600000000000005,69.96666666666667
2026-07-22 18:00:00,24.600000000000005,70.0
2026-07-22 18:01:00,24.600000000000005,70.03333333333333
2026-07-22 18:02:00,24.600000000000005,70.0
2026-07-22 18:03:00,24.600000000000005,70.03333333333333
2026-07-22 18:04:00,24.600000000000005,70.06666666666666
2026-07-22 18:05:00,24.600000000000005,70.03333333333333
2026-07-22 18:06:00,24.600000000000005,70.06666666666666
2026-07-22 18:07:00,24.5,70.2
2026-07-22 18:08:00,24.5,70.23333333333333
2026-07-22 18:09:00,24.5,70.23333333333333
2026-07-22 18:10:00,24.433333333333334,70.33333333333333
2026-07-22 18:11:00,24.399999999999995,70.39999999999999
2026-07-22 18:12:00,24.5,70.23333333333333
2026-07-22 18:13:00,24.5,70.23333333333333
2026-07-22 18:14:00,24.5,70.13333333333334
2026-07-22 18:15:00,24.5,69.93333333333334
2026-07-22 18:16:00,24.5,69.93333333333334
2026-07-22 18:17:00,24.5,69.9
2026-07-22 18:18:00,24.5,69.86666666666667
2026-07-22 18:19:00,24.5,69.76666666666667
2026-07-22 18:20:00,24.5,69.63333333333333
2026-07-22 18:21:00,24.5,69.63333333333333
2026-07-22 18:27:00,24.5,69.39999999999999
2026-07-22 18:28:00,24.5,69.43333333333334
2026-07-22 18:29:00,24.53333333333333,69.36666666666667
2026-07-22 18:30:00,24.566666666666666,69.36666666666667
2026-07-22 18:31:00,24.600000000000005,69.16666666666667
2026-07-22 18:32:00,24.566666666666666,69.06666666666666
2026-07-22 18:33:00,24.5,69.1
2026-07-22 18:34:00,24.5,69.16666666666667
2026-07-22 18:35:00,24.5,69.2
2026-07-22 18:36:00,24.53333333333333,69.03333333333333
2026-07-22 18:37:00,24.600000000000005,69.03333333333333
2026-07-22 18:38:00,24.600000000000005,68.9
2026-07-22 18:39:00,24.5,68.86666666666667
2026-07-22 18:40:00,24.5,69.06666666666666
2026-07-22 18:41:00,24.5,69.10000000000001
2026-07-22 18:42:00,24.5,68.9
2026-07-22 18:43:00,24.5,68.8
2026-07-22 18:44:00,24.5,68.96666666666667
2026-07-22 18:45:00,24.5,68.66666666666667
2026-07-22 18:46:00,24.5,68.63333333333333
2026-07-22 18:47:00,24.5,68.66666666666667
2026-07-22 18:48:00,24.5,68.76666666666667
2026-07-22 18:49:00,24.5,68.56666666666666
2026-07-22 18:50:00,24.5,68.43333333333334
2026-07-22 18:51:00,24.5,68.3
2026-07-22 18:52:00,24.5,68.2
2026-07-22 18:53:00,24.46666666666667,67.89999999999999
2026-07-22 18:54:00,24.46666666666667,68.13333333333334
2026-07-22 18:55:00,24.5,68.03333333333333
2026-07-22 18:56:00,24.5,67.83333333333333
2026-07-22 18:57:00,24.5,67.76666666666667
2026-07-22 18:58:00,24.5,67.53333333333333
2026-07-22 18:59:00,24.53333333333333,67.39999999999999
2026-07-22 19:00:00,24.5,67.13333333333333
2026-07-22 19:01:00,24.5,66.93333333333334
2026-07-22 19:02:00,24.5,66.89999999999999
2026-07-22 19:03:00,24.5,66.86666666666667
2026-07-22 19:04:00,24.46666666666667,66.6
2026-07-22 19:05:00,24.399999999999995,66.23333333333333
2026-07-22 19:06:00,24.399999999999995,66.2
2026-07-22 19:07:00,24.3,66.10000000000001
2026-07-22 19:08:00,24.3,65.76666666666667
2026-07-22 19:09:00,24.3,66.0
2026-07-22 19:10:00,24.3,66.13333333333333
2026-07-22 19:11:00,24.3,65.96666666666667
2026-07-22 19:12:00,24.3,65.86666666666667
2026-07-22 19:13:00,24.3,65.8
2026-07-22 19:14:00,24.3,65.89999999999999
2026-07-22 19:15:00,24.333333333333332,65.73333333333333
2026-07-22 19:16:00,24.3,65.56666666666666
2026-07-22 19:17:00,24.3,65.73333333333333
2026-07-22 19:18:00,24.366666666666664,66.03333333333333
2026-07-22 19:19:00,24.399999999999995,65.93333333333334
2026-07-22 19:20:00,24.399999999999995,65.60000000000001
2026-07-22 19:21:00,24.399999999999995,65.36666666666666
2026-07-22 21:26:00,23.6,68.8
2026-07-22 21:27:00,23.600000000000005,68.93333333333334
2026-07-22 21:28:00,23.600000000000005,69.2
2026-07-22 21:29:00,23.600000000000005,69.43333333333334
2026-07-22 21:30:00,23.53333333333333,69.63333333333333
2026-07-22 21:31:00,23.5,69.83333333333333
2026-07-22 21:32:00,23.53333333333333,69.93333333333334
2026-07-22 21:33:00,23.600000000000005,69.83333333333333
2026-07-22 21:34:00,23.600000000000005,69.8
2026-07-22 21:35:00,23.600000000000005,69.8
2026-07-22 21:36:00,23.600000000000005,69.86666666666667
2026-07-22 21:37:00,23.600000000000005,69.96666666666667
2026-07-22 21:38:00,23.600000000000005,70.13333333333333
2026-07-22 21:39:00,23.53333333333333,70.26666666666667
2026-07-22 21:40:00,23.53333333333333,70.36666666666667
2026-07-22 21:41:00,23.600000000000005,70.33333333333333
2026-07-22 21:42:00,23.600000000000005,70.2
2026-07-22 21:43:00,23.666666666666668,70.2
2026-07-22 21:44:00,23.7,70.1
2026-07-22 21:45:00,23.7,70.06666666666666
2026-07-22 21:46:00,23.600000000000005,70.16666666666667
2026-07-22 21:47:00,23.600000000000005,70.2
2026-07-22 21:48:00,23.600000000000005,70.33333333333333
2026-07-22 21:49:00,23.600000000000005,70.33333333333333
2026-07-22 21:50:00,23.600000000000005,70.3
2026-07-22 21:51:00,23.600000000000005,70.23333333333333
2026-07-22 21:52:00,23.600000000000005,70.23333333333333
2026-07-22 21:53:00,23.600000000000005,70.2
2026-07-22 21:54:00,23.566666666666666,70.33333333333333
2026-07-22 21:55:00,23.53333333333333,70.46666666666667
2026-07-22 21:56:00,23.5,70.56666666666666
2026-07-22 21:57:00,23.5,70.6
2026-07-22 21:58:00,23.5,70.56666666666666
2026-07-22 21:59:00,23.46666666666667,70.66666666666667
2026-07-22 22:00:00,23.5,70.66666666666667
2026-07-22 22:01:00,23.5,70.66666666666667
2026-07-22 22:02:00,23.5,70.63333333333333
2026-07-22 22:03:00,23.46666666666667,70.73333333333333
2026-07-22 22:04:00,23.5,70.73333333333333
2026-07-22 22:05:00,23.5,70.73333333333333
2026-07-22 22:06:00,23.5,70.63333333333333
2026-07-22 22:07:00,23.5,70.56666666666666
2026-07-22 22:08:00,23.5,70.66666666666667
2026-07-22 22:09:00,23.433333333333334,70.76666666666667
2026-07-22 22:10:00,23.399999999999995,70.86666666666667
2026-07-22 22:11:00,23.399999999999995,70.86666666666667
2026-07-22 22:12:00,23.399999999999995,70.76666666666667
2026-07-22 22:13:00,23.5,70.63333333333333
2026-07-22 22:14:00,23.5,70.6
2026-07-22 22:15:00,23.5,70.5
2026-07-22 22:16:00,23.53333333333333,70.5
2026-07-22 22:17:00,23.600000000000005,70.39999999999999
2026-07-22 22:18:00,23.600000000000005,70.33333333333333
2026-07-22 22:19:00,23.600000000000005,70.3
2026-07-22 22:20:00,23.5,70.36666666666667
2026-07-22 22:21:00,23.5,70.4
2026-07-22 22:22:00,23.566666666666666,70.4
2026-07-22 22:23:00,23.600000000000005,70.39999999999999
2026-07-22 22:24:00,23.566666666666666,70.36666666666667
2026-07-22 22:25:00,23.53333333333333,70.3
2026-07-22 22:26:00,23.5,70.2
2026-07-22 22:27:00,23.5,70.26666666666667
2026-07-22 22:28:00,23.5,70.3
2026-07-22 22:29:00,23.53333333333333,70.26666666666667
2026-07-22 22:30:00,23.600000000000005,70.26666666666667
2026-07-22 22:31:00,23.633333333333336,70.0
2026-07-22 22:32:00,23.666666666666668,69.73333333333333
2026-07-22 22:33:00,23.6,69.7
2026-07-22 22:34:00,23.600000000000005,69.8
2026-07-22 22:35:00,23.7,69.93333333333334
2026-07-22 22:36:00,23.7,69.7
2026-07-22 22:37:00,23.7,69.6
2026-07-22 22:38:00,23.7,69.56666666666666
2026-07-22 22:39:00,23.7,69.53333333333333
2026-07-22 22:40:00,23.7,69.56666666666666
2026-07-22 22:41:00,23.7,69.53333333333333
2026-07-22 22:42:00,23.7,69.53333333333333
2026-07-22 22:43:00,23.7,69.46666666666667
2026-07-22 22:44:00,23.733333333333334,69.46666666666667
2026-07-22 22:45:00,23.8,69.43333333333334
2026-07-22 22:46:00,23.766666666666666,69.23333333333333
2026-07-22 22:47:00,23.766666666666666,69.4
2026-07-22 22:48:00,23.733333333333334,69.4
2026-07-22 22:49:00,23.7,69.36666666666667
2026-07-22 22:50:00,23.7,69.26666666666667
2026-07-22 22:51:00,23.8,69.4
2026-07-22 22:52:00,23.8,69.26666666666667
2026-07-22 22:53:00,23.8,69.1
2026-07-22 22:54:00,23.8,69.03333333333333
2026-07-22 22:55:00,23.7,69.16666666666667
2026-07-22 22:56:00,23.733333333333334,69.16666666666667
2026-07-22 22:57:00,23.7,68.93333333333334
2026-07-22 22:58:00,23.7,69.0
2026-07-22 22:59:00,23.7,68.9
2026-07-22 23:00:00,23.7,69.03333333333333
2026-07-22 23:01:00,23.7,69.03333333333333
2026-07-22 23:02:00,23.7,68.93333333333334
2026-07-22 23:03:00,23.7,68.83333333333333
2026-07-22 23:04:00,23.7,68.8
2026-07-22 23:05:00,23.7,68.8
2026-07-22 23:06:00,23.7,68.86666666666667
2026-07-22 23:07:00,23.7,68.9
2026-07-22 23:08:00,23.7,68.8
2026-07-22 23:09:00,23.7,68.89999999999999
2026-07-22 23:10:00,23.7,68.93333333333334
2026-07-22 23:11:00,23.7,68.73333333333333
2026-07-22 23:12:00,23.600000000000005,68.76666666666667
2026-07-22 23:13:00,23.666666666666668,68.8
2026-07-22 23:14:00,23.633333333333336,68.73333333333333
2026-07-22 23:15:00,23.7,68.7
2026-07-22 23:16:00,23.7,68.53333333333333
2026-07-22 23:17:00,23.7,68.56666666666666
2026-07-22 23:18:00,23.7,68.36666666666666
2026-07-22 23:19:00,23.633333333333336,68.03333333333335
2026-07-22 23:20:00,23.600000000000005,67.93333333333334
2026-07-22 23:21:00,23.566666666666666,67.96666666666665
2026-07-22 23:22:00,23.600000000000005,67.89999999999999
2026-07-22 23:23:00,23.600000000000005,67.43333333333334
2026-07-22 23:24:00,23.600000000000005,67.36666666666666
2026-07-22 23:25:00,23.5,67.2
2026-07-22 23:26:00,23.5,67.13333333333333
2026-07-22 23:27:00,23.5,67.1
2026-07-22 23:28:00,23.5,66.96666666666667
2026-07-22 23:29:00,23.5,67.03333333333333
2026-07-22 23:30:00,23.5,66.86666666666667
2026-07-22 23:31:00,23.5,66.93333333333334
2026-07-22 23:32:00,23.5,66.5
2026-07-22 23:33:00,23.433333333333334,66.26666666666667
2026-07-22 23:34:00,23.433333333333334,66.56666666666666
2026-07-22 23:35:00,23.5,66.53333333333335
2026-07-22 23:36:00,23.5,66.33333333333333
2026-07-22 23:37:00,23.5,66.23333333333333
2026-07-22 23:38:00,23.5,66.06666666666666
2026-07-22 23:39:00,23.5,66.13333333333333
2026-07-22 23:40:00,23.433333333333334,66.03333333333335
2026-07-22 23:41:00,23.5,66.10000000000001
2026-07-22 23:42:00,23.433333333333334,65.83333333333333
2026-07-22 23:43:00,23.399999999999995,65.9
2026-07-22 23:44:00,23.399999999999995,65.83333333333333
2026-07-22 23:45:00,23.399999999999995,65.89999999999999
2026-07-22 23:46:00,23.399999999999995,65.96666666666667
2026-07-22 23:47:00,23.399999999999995,66.06666666666666
2026-07-22 23:48:00,23.399999999999995,65.83333333333333
2026-07-22 23:49:00,23.399999999999995,65.83333333333333
2026-07-22 23:50:00,23.399999999999995,65.83333333333333
2026-07-22 23:51:00,23.399999999999995,65.93333333333334
2026-07-22 23:52:00,23.399999999999995,65.83333333333333
2026-07-22 23:53:00,23.399999999999995,65.73333333333333
2026-07-22 23:54:00,23.3,65.86666666666666
2026-07-22 23:55:00,23.3,66.0
2026-07-22 23:56:00,23.266666666666666,65.89999999999999
2026-07-22 23:57:00,23.2,66.0
2026-07-22 23:58:00,23.233333333333334,66.13333333333334
2026-07-22 23:59:00,23.3,66.06666666666666
2026-07-23 00:00:00,23.3,66.03333333333333
2026-07-23 00:01:00,23.3,66.0
2026-07-23 00:02:00,23.266666666666666,66.06666666666666
2026-07-23 00:03:00,23.2,66.16666666666667
2026-07-23 00:04:00,23.2,66.39999999999999
2026-07-23 00:05:00,23.3,66.5
2026-07-23 00:06:00,23.3,66.5
2026-07-23 00:07:00,23.3,66.4
2026-07-23 00:08:00,23.266666666666666,66.43333333333334
2026-07-23 00:09:00,23.2,66.73333333333333
2026-07-23 00:10:00,23.2,66.8
2026-07-23 00:11:00,23.233333333333334,67.03333333333333
2026-07-23 00:12:00,23.3,66.9
2026-07-23 00:13:00,23.333333333333332,66.86666666666667
2026-07-23 00:14:00,23.3,66.93333333333334
2026-07-23 00:15:00,23.233333333333334,67.23333333333333
2026-07-23 00:16:00,23.166666666666668,67.5
2026-07-23 00:17:00,23.100000000000005,67.73333333333333
2026-07-23 00:18:00,23.133333333333336,67.86666666666667
2026-07-23 00:19:00,23.2,67.8
2026-07-23 00:20:00,23.3,67.76666666666667
2026-07-23 00:21:00,23.3,67.63333333333333
2026-07-23 00:22:00,23.266666666666666,67.73333333333333
2026-07-23 00:23:00,23.2,67.96666666666667
2026-07-23 00:24:00,23.2,68.13333333333333
2026-07-23 00:25:00,23.2,68.23333333333333
2026-07-23 00:26:00,23.233333333333334,68.23333333333333
2026-07-23 00:27:00,23.233333333333334,68.23333333333333
2026-07-23 00:28:00,23.2,68.36666666666667
2026-07-23 00:29:00,23.2,68.60000000000001
2026-07-23 00:30:00,23.100000000000005,68.8
2026-07-23 00:31:00,23.100000000000005,68.93333333333334
2026-07-23 00:32:00,23.100000000000005,69.06666666666666
2026-07-23 00:33:00,23.100000000000005,69.16666666666667
2026-07-23 00:34:00,23.03333333333333,69.3
2026-07-23 00:35:00,23.100000000000005,69.26666666666667
2026-07-23 00:36:00,23.100000000000005,69.3
2026-07-23 00:37:00,23.100000000000005,69.33333333333333
2026-07-23 00:38:00,23.133333333333336,69.4
2026-07-23 00:39:00,23.2,69.13333333333333
2026-07-23 00:40:00,23.2,69.0
2026-07-23 00:41:00,23.2,69.1
2026-07-23 00:42:00,23.2,69.2
2026-07-23 00:43:00,23.100000000000005,69.23333333333333
2026-07-23 00:44:00,23.100000000000005,69.3
2026-07-23 00:45:00,23.2,69.23333333333333
2026-07-23 00:46:00,23.166666666666668,69.23333333333333
2026-07-23 00:47:00,23.2,69.23333333333333
2026-07-23 00:48:00,23.2,69.03333333333333
2026-07-23 00:49:00,23.2,69.0
2026-07-23 00:50:00,23.2,69.03333333333333
2026-07-23 00:51:00,23.2,69.0
2026-07-23 00:52:00,23.2,68.96666666666667
2026-07-23 00:53:00,23.2,69.0
2026-07-23 00:54:00,23.2,69.03333333333333
2026-07-23 00:55:00,23.2,69.03333333333333
2026-07-23 00:56:00,23.2,68.86666666666667
2026-07-23 00:57:00,23.2,68.73333333333333
2026-07-23 00:58:00,23.2,68.66666666666667
2026-07-23 00:59:00,23.2,68.6
2026-07-23 01:00:00,23.2,68.56666666666666
2026-07-23 01:01:00,23.3,68.53333333333333
2026-07-23 01:02:00,23.3,68.36666666666667
2026-07-23 01:03:00,23.3,68.5
2026-07-23 01:04:00,23.3,68.3
2026-07-23 01:05:00,23.3,68.23333333333333
2026-07-23 01:06:00,23.233333333333334,68.06666666666666
2026-07-23 01:07:00,23.2,68.1
2026-07-23 01:08:00,23.2,68.2
2026-07-23 01:09:00,23.233333333333334,68.23333333333333
2026-07-23 01:10:00,23.266666666666666,68.2
2026-07-23 01:11:00,23.3,68.06666666666666
2026-07-23 01:12:00,23.3,67.96666666666667
2026-07-23 01:13:00,23.3,67.9
2026-07-23 01:14:00,23.3,67.76666666666667
2026-07-23 01:15:00,23.3,67.63333333333333
2026-07-23 01:16:00,23.3,67.60000000000001
2026-07-23 01:17:00,23.333333333333332,67.7
2026-07-23 01:18:00,23.366666666666664,67.6
2026-07-23 01:19:00,23.333333333333332,67.5
2026-07-23 01:20:00,23.333333333333332,67.56666666666666
2026-07-23 01:21:00,23.333333333333332,67.5
2026-07-23 01:22:00,23.3,67.60000000000001
2026-07-23 01:23:00,23.3,67.7
2026-07-23 01:24:00,23.3,67.6
2026-07-23 01:25:00,23.3,67.43333333333334
2026-07-23 01:26:00,23.233333333333334,67.5
2026-07-23 01:27:00,23.266666666666666,67.66666666666667
2026-07-23 01:28:00,23.3,67.5
2026-07-23 01:29:00,23.266666666666666,67.53333333333333
2026-07-23 01:30:00,23.2,67.56666666666666
2026-07-23 01:31:00,23.2,67.5
2026-07-23 01:32:00,23.2,67.56666666666666
2026-07-23 01:33:00,23.2,67.56666666666666
2026-07-23 01:34:00,23.3,67.56666666666666
2026-07-23 01:35:00,23.3,67.36666666666667
2026-07-23 01:36:00,23.3,67.26666666666667
2026-07-23 01:37:00,23.3,67.26666666666667
2026-07-23 01:38:00,23.2,67.13333333333333
2026-07-23 01:39:00,23.2,67.23333333333333
2026-07-23 01:40:00,23.2,67.4
2026-07-23 01:41:00,23.233333333333334,67.26666666666667
2026-07-23 01:42:00,23.233333333333334,67.06666666666666
2026-07-23 01:43:00,23.2,67.1
2026-07-23 01:44:00,23.233333333333334,67.06666666666666
2026-07-23 01:45:00,23.233333333333334,67.03333333333333
2026-07-23 01:46:00,23.2,66.93333333333334
2026-07-23 01:47:00,23.2,67.03333333333333
2026-07-23 01:48:00,23.233333333333334,67.0
2026-07-23 01:49:00,23.2,66.96666666666667
2026-07-23 01:50:00,23.2,67.0
2026-07-23 01:51:00,23.2,66.86666666666667
2026-07-23 01:52:00,23.2,66.89999999999999
2026-07-23 01:53:00,23.3,66.86666666666666
2026-07-23 01:54:00,23.266666666666666,66.7
2026-07-23 01:55:00,23.2,66.66666666666667
2026-07-23 01:56:00,23.2,66.56666666666666
2026-07-23 01:57:00,23.2,66.5
2026-07-23 01:58:00,23.2,66.5
2026-07-23 01:59:00,23.233333333333334,66.63333333333333
2026-07-23 02:00:00,23.3,66.39999999999999
2026-07-23 02:01:00,23.3,66.26666666666667
2026-07-23 02:02:00,23.266666666666666,66.3
2026-07-23 02:03:00,23.2,66.2
2026-07-23 02:04:00,23.2,66.46666666666667
2026-07-23 02:05:00,23.2,66.43333333333334
2026-07-23 02:06:00,23.2,66.39999999999999
2026-07-23 02:07:00,23.2,66.26666666666667
2026-07-23 02:08:00,23.2,66.3
2026-07-23 02:09:00,23.3,66.33333333333333
2026-07-23 02:10:00,23.3,65.93333333333334
2026-07-23 02:11:00,23.2,65.46666666666667
2026-07-23 02:12:00,23.2,65.3
2026-07-23 02:13:00,23.133333333333336,65.3
2026-07-23 02:14:00,23.133333333333336,65.33333333333333
2026-07-23 02:15:00,23.2,65.23333333333333
2026-07-23 02:16:00,23.133333333333336,65.10000000000001
2026-07-23 02:17:00,23.100000000000005,64.93333333333334
2026-07-23 02:18:00,23.100000000000005,64.73333333333333
2026-07-23 02:19:00,23.100000000000005,64.76666666666667
2026-07-23 02:20:00,23.100000000000005,64.8
2026-07-23 02:21:00,23.100000000000005,64.73333333333333
2026-07-23 02:22:00,23.100000000000005,64.93333333333334
2026-07-23 02:23:00,23.100000000000005,64.73333333333333
2026-07-23 02:24:00,23.100000000000005,64.76666666666667
2026-07-23 02:25:00,23.133333333333336,64.86666666666666
2026-07-23 02:26:00,23.2,64.86666666666666
2026-07-23 02:27:00,23.2,64.63333333333334
2026-07-23 02:28:00,23.133333333333336,64.66666666666667
2026-07-23 02:29:00,23.2,64.63333333333333
2026-07-23 02:30:00,23.2,64.60000000000001
2026-07-23 02:31:00,23.2,64.43333333333334
2026-07-23 02:32:00,23.2,64.2
2026-07-23 02:33:00,23.2,63.86666666666667
2026-07-23 02:34:00,23.100000000000005,63.76666666666667
2026-07-23 02:35:00,23.100000000000005,64.13333333333333
2026-07-23 02:36:00,23.166666666666668,64.26666666666667
2026-07-23 02:37:00,23.166666666666668,64.13333333333333
2026-07-23 02:38:00,23.100000000000005,64.2
2026-07-23 02:39:00,23.100000000000005,64.26666666666667
2026-07-23 02:40:00,23.100000000000005,64.23333333333333
2026-07-23 02:41:00,23.100000000000005,63.73333333333333
2026-07-23 02:42:00,23.100000000000005,63.63333333333333
2026-07-23 02:43:00,23.133333333333336,64.03333333333333
2026-07-23 02:44:00,23.2,64.0
2026-07-23 02:45:00,23.100000000000005,64.03333333333333
2026-07-23 02:46:00,23.100000000000005,64.33333333333333
2026-07-23 02:47:00,23.066666666666666,64.60000000000001
2026-07-23 02:48:00,23.100000000000005,64.73333333333333
2026-07-23 02:49:00,23.166666666666668,64.76666666666667
2026-07-23 02:50:00,23.2,64.9
2026-07-23 02:51:00,23.133333333333336,64.96666666666667
2026-07-23 02:52:00,23.133333333333336,65.1
2026-07-23 02:53:00,23.100000000000005,65.26666666666667
2026-07-23 02:54:00,23.03333333333333,65.56666666666666
2026-07-23 02:55:00,23.066666666666666,65.63333333333334
2026-07-23 02:56:00,23.0,65.33333333333333
2026-07-23 02:57:00,23.066666666666666,65.06666666666666
2026-07-23 02:58:00,23.066666666666666,64.76666666666667
2026-07-23 02:59:00,23.100000000000005,64.73333333333333
2026-07-23 03:00:00,23.100000000000005,64.23333333333333
2026-07-23 03:01:00,23.100000000000005,63.5
2026-07-23 03:02:00,23.066666666666666,63.333333333333336
2026-07-23 03:03:00,23.03333333333333,63.06666666666666
2026-07-23 03:04:00,23.0,63.23333333333333
2026-07-23 03:05:00,23.066666666666666,63.73333333333333
2026-07-23 03:06:00,23.100000000000005,63.73333333333333
2026-07-23 03:07:00,23.133333333333336,63.63333333333333
2026-07-23 03:08:00,23.100000000000005,63.333333333333336
2026-07-23 03:09:00,23.100000000000005,63.26666666666667
2026-07-23 03:10:00,23.03333333333333,63.29999999999999
2026-07-23 03:11:00,23.0,63.26666666666667
2026-07-23 03:12:00,23.0,63.06666666666666
2026-07-23 03:13:00,22.933333333333334,63.06666666666666
2026-07-23 03:14:00,22.899999999999995,63.06666666666666
2026-07-23 03:15:00,22.899999999999995,63.13333333333333
2026-07-23 03:16:00,22.899999999999995,63.26666666666667
2026-07-23 03:17:00,22.899999999999995,63.29999999999999
2026-07-23 03:18:00,22.899999999999995,63.43333333333334
2026-07-23 03:19:00,22.866666666666664,63.4
2026-07-23 03:20:00,22.8,63.36666666666667
2026-07-23 03:21:00,22.8,63.5
2026-07-23 03:22:00,22.8,63.63333333333333
2026-07-23 03:23:00,22.8,63.86666666666667
2026-07-23 03:24:00,22.833333333333332,64.0
2026-07-23 03:25:00,22.899999999999995,64.0
2026-07-23 03:26:00,22.899999999999995,64.0
2026-07-23 03:27:00,22.899999999999995,64.10000000000001
2026-07-23 03:28:00,22.8,64.43333333333334
2026-07-23 03:29:00,22.833333333333332,64.66666666666667
2026-07-23 03:30:00,22.899999999999995,64.7
2026-07-23 03:31:00,22.833333333333332,64.66666666666667
2026-07-23 03:32:00,22.766666666666666,64.93333333333334
2026-07-23 03:33:00,22.7,65.16666666666667
2026-07-23 03:34:00,22.7,65.3
2026-07-23 03:35:00,22.8,65.36666666666667
2026-07-23 03:36:00,22.866666666666664,65.36666666666667
2026-07-23 03:37:00,22.899999999999995,65.16666666666667
2026-07-23 03:38:00,22.899999999999995,65.2
2026-07-23 03:39:00,22.866666666666664,65.23333333333333
2026-07-23 03:40:00,22.833333333333332,65.33333333333333
2026-07-23 03:41:00,22.833333333333332,65.46666666666665
2026-07-23 03:42:00,22.899999999999995,65.39999999999999
2026-07-23 03:43:00,22.899999999999995,65.3
2026-07-23 03:44:00,22.899999999999995,65.4
2026-07-23 03:45:00,22.899999999999995,65.5
2026-07-23 03:46:00,22.899999999999995,65.66666666666667
2026-07-23 03:47:00,22.899999999999995,65.63333333333333
2026-07-23 03:48:00,22.96666666666667,65.66666666666667
2026-07-23 03:49:00,23.0,65.56666666666666
2026-07-23 03:50:00,23.0,65.36666666666667
2026-07-23 03:51:00,22.96666666666667,65.6
2026-07-23 03:52:00,23.0,65.46666666666667
2026-07-23 03:53:00,22.899999999999995,65.5
2026-07-23 03:54:00,22.899999999999995,65.6
2026-07-23 03:55:00,22.899999999999995,65.46666666666667
2026-07-23 03:56:00,22.96666666666667,65.53333333333333
2026-07-23 03:57:00,23.0,65.3
2026-07-23 03:58:00,23.0,65.13333333333333
2026-07-23 03:59:00,23.0,65.16666666666667
2026-07-23 04:00:00,23.0,65.3
2026-07-23 04:01:00,23.0,65.4
2026-07-23 04:02:00,23.0,65.43333333333334
2026-07-23 04:03:00,23.0,65.36666666666667
2026-07-23 04:04:00,23.0,65.3
2026-07-23 04:05:00,22.899999999999995,65.39999999999999
2026-07-23 04:06:00,22.899999999999995,65.56666666666666
2026-07-23 04:07:00,22.833333333333332,65.56666666666666
2026-07-23 04:08:00,22.8,65.8
2026-07-23 04:09:00,22.733333333333334,66.0
2026-07-23 04:10:00,22.766666666666666,66.23333333333333
2026-07-23 04:11:00,22.833333333333332,66.26666666666667
2026-07-23 04:12:00,22.866666666666664,66.10000000000001
2026-07-23 04:13:00,22.899999999999995,66.13333333333333
2026-07-23 04:14:00,22.866666666666664,66.23333333333333
2026-07-23 04:15:00,22.8,66.3
2026-07-23 04:16:00,22.8,66.46666666666667
2026-07-23 04:17:00,22.8,66.5
2026-07-23 04:18:00,22.866666666666664,66.6
2026-07-23 04:19:00,22.8,66.66666666666667
2026-07-23 04:20:00,22.8,66.7
2026-07-23 04:21:00,22.7,66.76666666666667
2026-07-23 04:22:00,22.7,66.93333333333334
2026-07-23 04:23:00,22.600000000000005,67.03333333333333
2026-07-23 04:24:00,22.600000000000005,67.10000000000001
2026-07-23 04:25:00,22.600000000000005,67.16666666666667
2026-07-23 04:26:00,22.600000000000005,67.13333333333333
2026-07-23 04:27:00,22.5,67.23333333333333
2026-07-23 04:28:00,22.5,67.3
2026-07-23 04:29:00,22.5,67.4
2026-07-23 04:30:00,22.5,67.36666666666667
2026-07-23 04:31:00,22.5,67.36666666666667
2026-07-23 04:32:00,22.5,67.43333333333334
2026-07-23 04:33:00,22.5,67.43333333333334
2026-07-23 04:34:00,22.5,67.43333333333334
2026-07-23 04:35:00,22.46666666666667,67.5
2026-07-23 04:36:00,22.399999999999995,67.46666666666667
2026-07-23 04:37:00,22.46666666666667,67.36666666666667
2026-07-23 04:38:00,22.399999999999995,67.36666666666667
2026-07-23 04:39:00,22.399999999999995,67.36666666666667
2026-07-23 04:40:00,22.399999999999995,67.46666666666667
2026-07-23 04:41:00,22.433333333333334,67.36666666666667
2026-07-23 04:42:00,22.433333333333334,67.4
2026-07-23 04:43:00,22.46666666666667,67.43333333333334
2026-07-23 04:44:00,22.46666666666667,67.46666666666667
2026-07-23 04:45:00,22.5,67.46666666666667
2026-07-23 04:46:00,22.5,67.53333333333333
2026-07-23 04:47:00,22.5,67.6
2026-07-23 04:48:00,22.5,67.5
2026-07-23 04:49:00,22.5,67.46666666666667
2026-07-23 04:50:00,22.5,67.5
2026-07-23 04:51:00,22.566666666666666,67.43333333333334
2026-07-23 04:52:00,22.566666666666666,67.5
2026-07-23 04:53:00,22.53333333333333,67.56666666666666
2026-07-23 04:54:00,22.5,67.7
2026-07-23 04:55:00,22.5,67.73333333333333
2026-07-23 04:56:00,22.5,67.76666666666667
2026-07-23 04:57:00,22.5,67.9
2026-07-23 04:58:00,22.5,67.93333333333334
2026-07-23 04:59:00,22.5,68.0
2026-07-23 05:00:00,22.5,68.1
2026-07-23 05:01:00,22.5,68.2
2026-07-23 05:02:00,22.566666666666666,68.16666666666667
2026-07-23 05:03:00,22.600000000000005,68.0
2026-07-23 05:04:00,22.5,68.0
2026-07-23 05:05:00,22.5,67.96666666666667
2026-07-23 05:06:00,22.5,67.96666666666667
2026-07-23 05:07:00,22.566666666666666,68.0
2026-07-23 05:08:00,22.600000000000005,67.96666666666667
2026-07-23 05:09:00,22.600000000000005,67.83333333333333
2026-07-23 05:10:00,22.600000000000005,67.8
2026-07-23 05:11:00,22.5,67.8
2026-07-23 05:12:00,22.600000000000005,67.83333333333333
2026-07-23 05:13:00,22.666666666666668,67.8
2026-07-23 05:14:00,22.7,67.53333333333333
2026-07-23 05:15:00,22.7,67.53333333333333
2026-07-23 05:16:00,22.7,67.5
2026-07-23 05:17:00,22.7,67.33333333333333
2026-07-23 05:18:00,22.7,67.3
2026-07-23 05:19:00,22.766666666666666,67.36666666666667
2026-07-23 05:20:00,22.8,67.33333333333333
2026-07-23 05:21:00,22.8,67.2
2026-07-23 05:22:00,22.8,67.1
2026-07-23 05:23:00,22.8,66.96666666666667
2026-07-23 05:24:00,22.8,67.06666666666666
2026-07-23 05:25:00,22.8,66.96666666666667
2026-07-23 05:26:00,22.8,66.8
2026-07-23 05:27:00,22.8,66.7
2026-07-23 05:28:00,22.8,66.63333333333333
2026-07-23 05:29:00,22.7,66.66666666666667
2026-07-23 05:30:00,22.7,66.73333333333333
2026-07-23 05:31:00,22.666666666666668,66.7
2026-07-23 05:32:00,22.7,66.93333333333334
2026-07-23 05:33:00,22.666666666666668,66.8
2026-07-23 05:34:00,22.7,66.96666666666667
2026-07-23 05:35:00,22.733333333333334,66.93333333333334
2026-07-23 05:36:00,22.8,66.86666666666667
2026-07-23 05:37:00,22.8,66.73333333333333
2026-07-23 05:38:00,22.866666666666664,66.76666666666667
2026-07-23 05:39:00,22.8,66.7
2026-07-23 05:40:00,22.8,66.8
2026-07-23 05:41:00,22.8,66.96666666666667
2026-07-23 05:42:00,22.8,67.03333333333333
2026-07-23 05:43:00,22.8,67.26666666666667
2026-07-23 05:44:00,22.7,67.53333333333333
2026-07-23 05:45:00,22.7,68.46666666666667
2026-07-23 05:46:00,22.7,69.2
2026-07-23 05:47:00,22.7,69.10000000000001
2026-07-23 05:48:00,22.7,69.23333333333333
2026-07-23 05:49:00,22.7,69.93333333333334
2026-07-23 05:50:00,22.7,69.89999999999999
2026-07-23 05:51:00,22.7,70.0
2026-07-23 05:52:00,22.7,70.5
2026-07-23 05:53:00,22.7,70.36666666666666
2026-07-23 05:54:00,22.7,70.56666666666666
2026-07-23 05:55:00,22.7,70.89999999999999
2026-07-23 05:56:00,22.7,71.3
2026-07-23 05:57:00,22.633333333333336,71.53333333333333
2026-07-23 05:58:00,22.600000000000005,71.56666666666666
2026-07-23 05:59:00,22.600000000000005,71.66666666666667
2026-07-23 06:00:00,22.600000000000005,71.73333333333333
2026-07-23 06:01:00,22.600000000000005,71.76666666666667
2026-07-23 06:02:00,22.53333333333333,71.56666666666666
2026-07-23 06:03:00,22.5,71.39999999999999
2026-07-23 06:04:00,22.46666666666667,70.96666666666665
2026-07-23 06:05:00,22.399999999999995,70.76666666666667
2026-07-23 06:06:00,22.399999999999995,70.56666666666666
2026-07-23 06:07:00,22.433333333333334,70.2
2026-07-23 06:08:00,22.399999999999995,70.1
2026-07-23 06:09:00,22.433333333333334,70.0
2026-07-23 06:10:00,22.46666666666667,69.96666666666667
2026-07-23 06:11:00,22.5,69.96666666666667
2026-07-23 06:12:00,22.5,70.16666666666667
2026-07-23 06:13:00,22.5,70.06666666666666
2026-07-23 06:14:00,22.5,70.1
2026-07-23 06:15:00,22.5,70.1
2026-07-23 06:16:00,22.46666666666667,70.06666666666666
2026-07-23 06:17:00,22.5,70.2
2026-07-23 06:18:00,22.5,70.16666666666667
2026-07-23 06:19:00,22.5,70.1
2026-07-23 06:20:00,22.566666666666666,70.1
2026-07-23 06:21:00,22.600000000000005,70.10000000000001
2026-07-23 06:22:00,22.600000000000005,70.1
2026-07-23 06:23:00,22.633333333333336,70.06666666666666
2026-07-23 06:24:00,22.7,70.1
2026-07-23 06:25:00,22.7,70.1
2026-07-23 06:26:00,22.7,70.1
2026-07-23 06:27:00,22.7,70.0
2026-07-23 06:28:00,22.7,70.03333333333333
2026-07-23 06:29:00,22.666666666666668,70.0
2026-07-23 06:30:00,22.666666666666668,70.16666666666667
2026-07-23 06:31:00,22.633333333333336,70.2
2026-07-23 06:32:00,22.666666666666668,70.2
2026-07-23 06:33:00,22.7,70.2
2026-07-23 06:34:00,22.666666666666668,70.2
2026-07-23 06:35:00,22.7,70.16666666666667
2026-07-23 06:36:00,22.633333333333336,70.26666666666667
2026-07-23 06:37:00,22.600000000000005,70.36666666666667
2026-07-23 06:38:00,22.600000000000005,70.5
2026-07-23 06:39:00,22.566666666666666,70.6
2026-07-23 06:40:00,22.53333333333333,70.6
2026-07-23 06:41:00,22.600000000000005,70.56666666666666
2026-07-23 06:42:00,22.600000000000005,70.5
2026-07-23 06:43:00,22.600000000000005,70.43333333333334
2026-07-23 06:44:00,22.633333333333336,70.36666666666667
2026-07-23 06:45:00,22.7,70.4
2026-07-23 06:46:00,22.666666666666668,70.4
2026-07-23 06:47:00,22.666666666666668,70.43333333333334
2026-07-23 06:48:00,22.666666666666668,70.5
2026-07-23 06:49:00,22.7,70.46666666666667
2026-07-23 06:50:00,22.7,70.5
2026-07-23 06:51:00,22.666666666666668,70.6
2026-07-23 06:52:00,22.600000000000005,70.73333333333333
2026-07-23 06:53:00,22.666666666666668,70.66666666666667
2026-07-23 06:54:00,22.7,70.63333333333333
2026-07-23 06:55:00,22.7,70.63333333333333
2026-07-23 06:56:00,22.7,70.63333333333333
2026-07-23 06:57:00,22.7,70.73333333333333
2026-07-23 06:58:00,22.7,70.73333333333333
2026-07-23 06:59:00,22.7,70.56666666666666
2026-07-23 07:00:00,22.766666666666666,70.46666666666667
2026-07-23 07:01:00,22.8,70.5
2026-07-23 07:02:00,22.8,70.43333333333334
2026-07-23 07:03:00,22.8,70.4
2026-07-23 07:04:00,22.8,70.26666666666667
2026-07-23 07:05:00,22.866666666666664,70.13333333333334
2026-07-23 07:06:00,22.899999999999995,69.93333333333334
2026-07-23 07:07:00,22.899999999999995,69.60000000000001
2026-07-23 07:08:00,22.866666666666664,68.8
2026-07-23 07:09:00,22.8,68.13333333333334
2026-07-23 07:10:00,22.8,67.9
2026-07-23 07:11:00,22.8,67.56666666666666
2026-07-23 07:12:00,22.7,67.06666666666666
2026-07-23 07:13:00,22.7,67.03333333333333
2026-07-23 07:14:00,22.7,66.66666666666667
2026-07-23 07:15:00,22.7,66.63333333333334
2026-07-23 07:16:00,22.7,66.36666666666667
2026-07-23 07:17:00,22.600000000000005,66.0
2026-07-23 07:18:00,22.633333333333336,65.83333333333333
2026-07-23 07:19:00,22.600000000000005,65.7
2026-07-23 07:20:00,22.600000000000005,65.66666666666667
2026-07-23 07:21:00,22.600000000000005,65.6
2026-07-23 07:22:00,22.600000000000005,65.76666666666667
2026-07-23 07:23:00,22.7,65.89999999999999
2026-07-23 07:24:00,22.633333333333336,65.89999999999999
2026-07-23 07:25:00,22.600000000000005,66.13333333333333
2026-07-23 07:26:00,22.600000000000005,66.53333333333335
2026-07-23 07:27:00,22.600000000000005,67.13333333333333
2026-07-23 07:28:00,22.566666666666666,67.63333333333333
2026-07-23 07:29:00,22.53333333333333,68.16666666666667
2026-07-23 07:30:00,22.5,68.7
2026-07-23 07:31:00,22.5,69.2
2026-07-23 07:32:00,22.5,69.66666666666667
2026-07-23 07:33:00,22.5,70.16666666666667
2026-07-23 07:34:00,22.5,70.5
2026-07-23 07:35:00,22.600000000000005,70.63333333333333
2026-07-23 07:36:00,22.600000000000005,70.73333333333333
2026-07-23 07:37:00,22.600000000000005,70.9
2026-07-23 07:38:00,22.666666666666668,71.03333333333333
2026-07-23 07:39:00,22.7,71.33333333333333
2026-07-23 07:40:00,22.7,71.46666666666667
2026-07-23 07:41:00,22.7,71.66666666666667
2026-07-23 07:42:00,22.7,71.8
2026-07-23 07:43:00,22.7,71.9
2026-07-23 07:44:00,22.7,72.0
2026-07-23 07:45:00,22.733333333333334,72.06666666666666
2026-07-23 07:46:00,22.766666666666666,72.13333333333333
2026-07-23 07:47:00,22.8,72.16666666666667
2026-07-23 07:48:00,22.766666666666666,72.3
2026-07-23 07:49:00,22.8,72.36666666666667
2026-07-23 07:50:00,22.8,72.4
2026-07-23 07:51:00,22.8,72.4
2026-07-23 07:52:00,22.8,72.46666666666667
2026-07-23 07:53:00,22.866666666666664,72.5
2026-07-23 07:54:00,22.899999999999995,72.56666666666666
2026-07-23 07:55:00,22.899999999999995,72.53333333333333
2026-07-23 07:56:00,22.866666666666664,72.56666666666666
2026-07-23 07:57:00,22.833333333333332,72.66666666666667
2026-07-23 07:58:00,22.899999999999995,72.66666666666667
2026-07-23 07:59:00,22.8,72.43333333333334
2026-07-23 08:00:00,22.766666666666666,72.33333333333333
2026-07-23 08:01:00,22.733333333333334,72.43333333333334
2026-07-23 08:02:00,22.7,72.26666666666667
2026-07-23 08:03:00,22.766666666666666,72.26666666666667
2026-07-23 08:04:00,22.7,72.23333333333333
2026-07-23 08:05:00,22.7,72.43333333333334
2026-07-23 08:06:00,22.7,72.5
2026-07-23 08:07:00,22.7,72.6
2026-07-23 08:08:00,22.7,72.8
2026-07-23 08:09:00,22.7,72.89999999999999
2026-07-23 08:10:00,22.7,72.73333333333333
2026-07-23 08:11:00,22.766666666666666,72.53333333333333
2026-07-23 08:12:00,22.766666666666666,72.23333333333333
2026-07-23 08:13:00,22.8,72.16666666666667
2026-07-23 08:14:00,22.8,72.03333333333333
2026-07-23 08:15:00,22.8,72.10000000000001
2026-07-23 08:16:00,22.8,72.33333333333333
2026-07-23 08:17:00,22.833333333333332,72.43333333333334
2026-07-23 08:18:00,22.833333333333332,72.13333333333333
2026-07-23 08:19:00,22.8,72.13333333333333
2026-07-23 08:20:00,22.8,72.16666666666667
2026-07-23 08:21:00,22.8,72.33333333333333
2026-07-23 08:22:00,22.866666666666664,72.26666666666667
2026-07-23 08:23:00,22.96666666666667,72.10000000000001
2026-07-23 08:24:00,23.0,71.86666666666667
2026-07-23 08:25:00,23.066666666666666,71.7
2026-07-23 08:26:00,23.100000000000005,71.76666666666667
2026-07-23 08:27:00,23.100000000000005,71.8
2026-07-23 08:28:00,23.166666666666668,71.76666666666667
2026-07-23 08:29:00,23.2,71.7
2026-07-23 08:30:00,23.2,71.73333333333333
2026-07-23 08:31:00,23.2,71.66666666666667
2026-07-23 08:32:00,23.266666666666666,71.86666666666667
2026-07-23 08:33:00,23.3,71.7
2026-07-23 08:34:00,23.3,71.43333333333334
2026-07-23 08:35:00,23.333333333333332,71.33333333333333
2026-07-23 08:36:00,23.399999999999995,71.06666666666666
2026-07-23 08:37:00,23.399999999999995,70.8
2026-07-23 08:38:00,23.399999999999995,70.73333333333333
2026-07-23 08:39:00,23.399999999999995,70.66666666666667
2026-07-23 08:40:00,23.399999999999995,70.7
2026-07-23 08:41:00,23.399999999999995,70.89999999999999
2026-07-23 08:42:00,23.399999999999995,70.9
2026-07-23 08:43:00,23.433333333333334,70.96666666666667
2026-07-23 08:44:00,23.46666666666667,71.06666666666666
2026-07-23 08:45:00,23.46666666666667,71.1
2026-07-23 08:46:00,23.399999999999995,71.16666666666667
2026-07-23 08:47:00,23.5,71.16666666666667
2026-07-23 08:48:00,23.5,71.13333333333333
2026-07-23 08:49:00,23.46666666666667,71.2
2026-07-23 08:50:00,23.433333333333334,71.2
2026-07-23 08:51:00,23.5,71.16666666666667
2026-07-23 08:52:00,23.566666666666666,71.1
2026-07-23 08:53:00,23.600000000000005,71.03333333333333
2026-07-23 08:54:00,23.600000000000005,70.93333333333334
2026-07-23 08:55:00,23.633333333333336,71.13333333333334
2026-07-23 08:56:00,23.7,71.16666666666667
2026-07-23 08:57:00,23.7,71.2
2026-07-23 08:58:00,23.733333333333334,71.26666666666667
2026-07-23 08:59:00,23.8,71.33333333333333
2026-07-23 09:00:00,23.933333333333334,71.03333333333335
2026-07-23 09:01:00,24.0,70.73333333333333
2026-07-23 09:02:00,24.0,70.46666666666667
2026-07-23 09:03:00,23.933333333333334,70.26666666666667
2026-07-23 09:04:00,23.899999999999995,70.39999999999999
2026-07-23 09:05:00,24.0,70.36666666666667
2026-07-23 09:06:00,24.03333333333333,70.10000000000001
2026-07-23 09:07:00,24.0,69.96666666666667
2026-07-23 09:08:00,23.899999999999995,70.1
2026-07-23 09:09:00,23.899999999999995,70.0
2026-07-23 09:10:00,24.0,69.60000000000001
2026-07-23 09:11:00,24.0,69.2
2026-07-23 09:12:00,24.0,69.06666666666666
2026-07-23 09:13:00,23.933333333333334,68.93333333333334
2026-07-23 09:14:00,23.833333333333332,68.9
2026-07-23 09:15:00,23.8,69.0
2026-07-23 09:16:00,23.899999999999995,68.89999999999999
2026-07-23 09:17:00,23.96666666666667,68.56666666666666
2026-07-23 09:18:00,24.0,68.39999999999999
2026-07-23 09:19:00,24.0,68.16666666666667
2026-07-23 09:20:00,24.0,68.16666666666667
2026-07-23 09:21:00,24.0,68.23333333333333
2026-07-23 09:22:00,23.899999999999995,68.39999999999999
2026-07-23 09:23:00,23.899999999999995,68.60000000000001
2026-07-23 09:24:00,23.96666666666667,68.76666666666667
2026-07-23 09:25:00,24.0,68.39999999999999
2026-07-23 09:26:00,24.0,68.13333333333333
2026-07-23 09:27:00,24.0,68.1
2026-07-23 09:28:00,24.0,68.13333333333333
2026-07-23 09:29:00,24.0,68.23333333333333
2026-07-23 09:30:00,24.066666666666666,68.36666666666667
2026-07-23 09:31:00,24.100000000000005,68.46666666666667
2026-07-23 09:32:00,24.133333333333336,68.66666666666667
2026-07-23 09:33:00,24.266666666666666,68.53333333333333
2026-07-23 09:34:00,24.3,68.0
2026-07-23 09:35:00,24.3,67.76666666666667
2026-07-23 09:36:00,24.333333333333332,67.83333333333333
2026-07-23 09:37:00,24.399999999999995,67.5
2026-07-23 09:38:00,24.5,67.06666666666666
2026-07-23 09:39:00,24.46666666666667,66.8
2026-07-23 09:40:00,24.399999999999995,66.73333333333333
2026-07-23 09:41:00,24.46666666666667,66.66666666666667
2026-07-23 09:42:00,24.5,66.5
2026-07-23 09:43:00,24.5,66.63333333333333
2026-07-23 09:44:00,24.5,66.76666666666667
2026-07-23 09:45:00,24.5,66.8
2026-07-23 09:46:00,24.633333333333336,67.0
2026-07-23 09:47:00,24.733333333333334,66.8
2026-07-23 09:48:00,24.8,66.89999999999999
2026-07-23 09:49:00,24.8,67.0
2026-07-23 09:50:00,24.8,67.1
2026-07-23 09:51:00,24.866666666666664,67.06666666666666
2026-07-23 09:52:00,24.866666666666664,67.0
2026-07-23 09:53:00,24.8,67.06666666666666
2026-07-23 09:54:00,24.8,67.06666666666666
2026-07-23 09:55:00,24.733333333333334,67.16666666666667
2026-07-23 09:56:00,24.8,67.39999999999999
2026-07-23 09:57:00,24.899999999999995,67.26666666666667
2026-07-23 09:58:00,24.866666666666664,67.0
2026-07-23 09:59:00,24.8,67.13333333333333
2026-07-23 10:00:00,24.7,67.39999999999999
2026-07-23 10:01:00,24.733333333333334,67.46666666666667
2026-07-23 10:02:00,24.866666666666664,67.13333333333334
2026-07-23 10:03:00,24.96666666666667,66.43333333333334
2026-07-23 10:04:00,24.933333333333334,65.86666666666666
2026-07-23 10:05:00,24.899999999999995,65.7
2026-07-23 10:06:00,24.866666666666664,65.73333333333333
2026-07-23 10:07:00,24.8,65.8
2026-07-23 10:08:00,24.899999999999995,65.76666666666667
2026-07-23 10:09:00,24.96666666666667,65.6
2026-07-23 10:10:00,24.899999999999995,65.46666666666667
2026-07-23 10:11:00,24.899999999999995,65.66666666666667
2026-07-23 10:12:00,24.833333333333332,65.86666666666667
2026-07-23 10:13:00,24.866666666666664,65.89999999999999
2026-07-23 10:14:00,24.96666666666667,65.8
2026-07-23 10:15:00,25.03333333333333,65.63333333333333
2026-07-23 10:16:00,25.233333333333334,65.10000000000001
2026-07-23 10:17:00,25.366666666666664,63.93333333333334
2026-07-23 10:18:00,25.399999999999995,63.36666666666667
2026-07-23 10:19:00,25.3,63.36666666666667
2026-07-23 10:20:00,25.3,63.56666666666666
2026-07-23 10:21:00,25.3,63.800000000000004
2026-07-23 10:22:00,25.3,64.10000000000001
2026-07-23 10:23:00,25.2,64.3
2026-07-23 10:24:00,25.2,64.46666666666667
2026-07-23 10:25:00,25.2,64.36666666666667
2026-07-23 10:26:00,25.2,64.3
2026-07-23 10:27:00,25.3,64.2
2026-07-23 10:28:00,25.3,64.23333333333333
2026-07-23 10:29:00,25.333333333333332,64.26666666666667
2026-07-23 10:30:00,25.433333333333334,64.03333333333333
2026-07-23 10:31:00,25.5,63.79999999999999
2026-07-23 10:32:00,25.5,63.6
2026-07-23 10:33:00,25.433333333333334,63.53333333333333
2026-07-23 10:34:00,25.399999999999995,63.56666666666666
2026-07-23 10:35:00,25.333333333333332,63.70000000000001
2026-07-23 10:36:00,25.3,63.9
2026-07-23 10:37:00,25.366666666666664,64.13333333333333
2026-07-23 10:38:00,25.46666666666667,64.3
2026-07-23 10:39:00,25.566666666666666,64.39999999999999
2026-07-23 10:40:00,25.600000000000005,64.46666666666667
2026-07-23 10:41:00,25.600000000000005,64.66666666666667
2026-07-23 10:42:00,25.600000000000005,64.86666666666667
2026-07-23 10:43:00,25.666666666666668,64.96666666666667
2026-07-23 10:44:00,25.733333333333334,64.7
2026-07-23 10:45:00,25.7,64.36666666666666
2026-07-23 10:46:00,25.8,64.23333333333333
2026-07-23 10:47:00,25.766666666666666,64.13333333333333
2026-07-23 10:48:00,25.7,64.23333333333333
2026-07-23 10:49:00,25.7,64.36666666666667
2026-07-23 10:50:00,25.7,64.36666666666667
2026-07-23 10:51:00,25.7,64.23333333333333
2026-07-23 10:52:00,25.7,63.96666666666667
2026-07-23 10:53:00,25.7,63.9
2026-07-23 10:54:00,25.8,63.96666666666667
2026-07-23 10:55:00,25.8,64.03333333333333
2026-07-23 10:56:00,25.8,64.2
2026-07-23 10:57:00,25.833333333333332,64.3
2026-07-23 10:58:00,25.8,64.2
2026-07-23 10:59:00,25.8,64.26666666666667
2026-07-23 11:00:00,25.833333333333332,64.43333333333334
2026-07-23 11:01:00,25.899999999999995,64.4
2026-07-23 11:02:00,25.899999999999995,64.5
2026-07-23 11:03:00,25.899999999999995,64.46666666666667
2026-07-23 11:04:00,25.899999999999995,64.36666666666667
2026-07-23 11:05:00,25.833333333333332,64.36666666666667
2026-07-23 11:06:00,25.899999999999995,64.43333333333334
2026-07-23 11:07:00,25.899999999999995,64.23333333333333
2026-07-23 11:08:00,25.933333333333334,63.833333333333336
2026-07-23 11:09:00,25.933333333333334,63.63333333333333
2026-07-23 11:10:00,25.899999999999995,63.6
2026-07-23 11:11:00,25.899999999999995,63.6
2026-07-23 11:12:00,25.96666666666667,63.4
2026-07-23 11:13:00,26.0,63.0
2026-07-23 11:14:00,26.0,62.63333333333333
2026-07-23 11:15:00,25.933333333333334,62.666666666666664
2026-07-23 11:16:00,25.96666666666667,62.333333333333336
2026-07-23 11:17:00,26.0,62.13333333333333
2026-07-23 11:18:00,26.0,62.20000000000001
2026-07-23 11:19:00,26.03333333333333,61.9
2026-07-23 11:20:00,26.066666666666666,61.53333333333333
2026-07-23 11:21:00,26.133333333333336,61.1
2026-07-23 11:22:00,26.166666666666668,60.9
2026-07-23 11:23:00,26.2,61.13333333333333
2026-07-23 11:24:00,26.2,61.13333333333333
2026-07-23 11:25:00,26.166666666666668,61.166666666666664
2026-07-23 11:26:00,26.100000000000005,61.43333333333334
2026-07-23 11:27:00,26.03333333333333,61.800000000000004
2026-07-23 11:28:00,26.100000000000005,62.03333333333333
2026-07-23 11:29:00,26.166666666666668,61.93333333333334
2026-07-23 11:30:00,26.233333333333334,61.73333333333333
2026-07-23 11:31:00,26.233333333333334,61.79999999999999
2026-07-23 11:32:00,26.2,61.9
2026-07-23 11:33:00,26.2,61.833333333333336
2026-07-23 11:34:00,26.2,61.9
2026-07-23 11:35:00,26.3,62.03333333333333
2026-07-23 11:36:00,26.399999999999995,61.93333333333334
2026-07-23 11:37:00,26.266666666666666,61.96666666666667
2026-07-23 11:38:00,26.2,62.13333333333333
2026-07-23 11:39:00,26.3,62.13333333333333
2026-07-23 11:40:00,26.366666666666664,62.0
2026-07-23 11:41:00,26.399999999999995,61.76666666666667
2026-07-23 11:42:00,26.46666666666667,61.666666666666664
2026-07-23 11:43:00,26.5,61.63333333333333
2026-07-23 11:44:00,26.5,61.800000000000004
2026-07-23 11:45:00,26.399999999999995,62.03333333333333
2026-07-23 11:46:00,26.5,62.26666666666667
2026-07-23 11:47:00,26.5,62.4
2026-07-23 11:48:00,26.5,62.333333333333336
2026-07-23 11:49:00,26.46666666666667,62.36666666666667
2026-07-23 11:50:00,26.399999999999995,62.29999999999999
2026-07-23 11:51:00,26.46666666666667,62.199999999999996
2026-07-23 11:52:00,26.399999999999995,62.06666666666666
2026-07-23 11:53:00,26.399999999999995,62.1
2026-07-23 11:54:00,26.399999999999995,62.13333333333333
2026-07-23 11:55:00,26.333333333333332,62.26666666666667
2026-07-23 11:56:00,26.3,62.46666666666667
2026-07-23 11:57:00,26.366666666666664,62.4
2026-07-23 11:58:00,26.46666666666667,62.23333333333333
2026-07-23 11:59:00,26.5,62.20000000000001
2026-07-23 12:00:00,26.566666666666666,61.93333333333334
2026-07-23 12:01:00,26.600000000000005,61.46666666666667
2026-07-23 12:02:00,26.7,61.06666666666666
2026-07-23 12:03:00,26.8,61.0
2026-07-23 12:04:00,26.833333333333332,60.666666666666664
2026-07-23 12:05:00,26.899999999999995,60.53333333333333
2026-07-23 12:06:00,26.866666666666664,60.53333333333333
2026-07-23 12:07:00,26.8,60.63333333333333
2026-07-23 12:08:00,26.8,60.73333333333333
2026-07-23 12:09:00,26.733333333333334,60.73333333333333
2026-07-23 12:10:00,26.7,60.6
2026-07-23 12:11:00,26.666666666666668,60.73333333333333
2026-07-23 12:12:00,26.600000000000005,60.63333333333333
2026-07-23 12:13:00,26.600000000000005,60.5
2026-07-23 12:14:00,26.600000000000005,60.43333333333334
2026-07-23 12:15:00,26.600000000000005,60.43333333333334
2026-07-23 12:16:00,26.600000000000005,60.5
2026-07-23 12:17:00,26.600000000000005,60.6
2026-07-23 12:18:00,26.566666666666666,60.86666666666667
2026-07-23 12:19:00,26.46666666666667,60.96666666666667
2026-07-23 12:20:00,26.399999999999995,61.300000000000004
2026-07-23 12:21:00,26.5,61.333333333333336
2026-07-23 12:22:00,26.46666666666667,61.300000000000004
2026-07-23 12:23:00,26.366666666666664,61.63333333333333
2026-07-23 12:24:00,26.3,61.63333333333333
2026-07-23 12:25:00,26.399999999999995,61.300000000000004
2026-07-23 12:26:00,26.366666666666664,61.36666666666667
2026-07-23 12:27:00,26.3,61.43333333333334
2026-07-23 12:28:00,26.166666666666668,61.73333333333333
2026-07-23 12:29:00,26.2,62.03333333333333
2026-07-23 12:30:00,26.266666666666666,62.13333333333333
2026-07-23 12:31:00,26.3,61.9
2026-07-23 12:32:00,26.5,61.36666666666667
2026-07-23 12:33:00,26.7,60.56666666666666
2026-07-23 12:34:00,26.866666666666664,60.0
2026-07-23 12:35:00,27.0,59.46666666666667
2026-07-23 12:36:00,27.100000000000005,59.166666666666664
2026-07-23 12:37:00,27.133333333333336,58.93333333333334
2026-07-23 12:38:00,27.100000000000005,58.76666666666667
2026-07-23 12:39:00,27.100000000000005,58.833333333333336
2026-07-23 12:40:00,27.066666666666666,58.96666666666667
2026-07-23 12:41:00,27.03333333333333,59.03333333333333
2026-07-23 12:42:00,27.100000000000005,58.93333333333334
2026-07-23 12:43:00,27.100000000000005,58.93333333333334
2026-07-23 12:44:00,27.100000000000005,58.73333333333333
2026-07-23 12:45:00,27.100000000000005,58.63333333333333
2026-07-23 12:46:00,27.100000000000005,58.56666666666666
2026-07-23 12:47:00,27.2,58.29999999999999
2026-07-23 12:48:00,27.2,58.29999999999999
2026-07-23 12:49:00,27.233333333333334,58.23333333333333
2026-07-23 12:50:00,27.100000000000005,58.5
2026-07-23 12:51:00,27.100000000000005,58.73333333333333
2026-07-23 12:52:00,27.133333333333336,58.70000000000001
2026-07-23 12:53:00,27.2,58.53333333333333
2026-07-23 12:54:00,27.100000000000005,58.6
2026-07-23 12:55:00,27.100000000000005,58.9
2026-07-23 12:56:00,27.166666666666668,59.1
2026-07-23 12:57:00,27.166666666666668,59.20000000000001
2026-07-23 12:58:00,27.100000000000005,59.26666666666667
2026-07-23 12:59:00,27.100000000000005,59.166666666666664
2026-07-23 13:00:00,27.166666666666668,59.699999999999996
2026-07-23 13:01:00,27.266666666666666,59.46666666666667
2026-07-23 13:02:00,27.3,59.23333333333333
2026-07-23 13:03:00,27.3,59.166666666666664
2026-07-23 13:04:00,27.3,58.93333333333334
2026-07-23 13:05:00,27.3,58.79999999999999
2026-07-23 13:06:00,27.233333333333334,58.79999999999999
2026-07-23 13:07:00,27.166666666666668,58.70000000000001
2026-07-23 13:08:00,27.100000000000005,58.800000000000004
2026-07-23 13:09:00,27.100000000000005,58.9
2026-07-23 13:10:00,27.100000000000005,58.833333333333336
2026-07-23 13:11:00,27.03333333333333,58.9
2026-07-23 13:12:00,27.0,59.13333333333333
2026-07-23 13:13:00,26.933333333333334,59.166666666666664
2026-07-23 13:14:00,26.899999999999995,59.29999999999999
2026-07-23 13:15:00,26.899999999999995,59.26666666666667
2026-07-23 13:16:00,26.96666666666667,59.199999999999996
2026-07-23 13:17:00,27.0,59.0
2026-07-23 13:18:00,26.96666666666667,58.96666666666667
2026-07-23 13:19:00,27.0,59.166666666666664
2026-07-23 13:20:00,27.0,59.0
2026-07-23 13:21:00,27.066666666666666,58.93333333333334
2026-07-23 13:22:00,27.100000000000005,59.0
2026-07-23 13:23:00,27.100000000000005,59.26666666666667
2026-07-23 13:24:00,27.03333333333333,59.36666666666667
2026-07-23 13:25:00,27.0,59.53333333333333
2026-07-23 13:26:00,27.0,59.63333333333333
2026-07-23 13:27:00,27.0,59.79999999999999
2026-07-23 13:28:00,27.066666666666666,59.666666666666664
2026-07-23 13:29:00,27.0,59.5
2026-07-23 13:30:00,26.933333333333334,59.4
2026-07-23 13:31:00,26.866666666666664,59.56666666666666
2026-07-23 13:32:00,26.8,59.833333333333336
2026-07-23 13:33:00,26.8,59.9
2026-07-23 13:34:00,26.766666666666666,60.0
2026-07-23 13:35:00,26.766666666666666,60.13333333333333
2026-07-23 13:36:00,26.733333333333334,60.06666666666666
2026-07-23 13:37:00,26.8,59.96666666666667
2026-07-23 13:38:00,26.8,59.86666666666667
2026-07-23 13:39:00,26.8,59.76666666666667
2026-07-23 13:40:00,26.766666666666666,60.06666666666666
2026-07-23 13:41:00,26.766666666666666,60.166666666666664
2026-07-23 13:42:00,26.733333333333334,60.333333333333336
2026-07-23 13:43:00,26.7,60.36666666666667
2026-07-23 13:44:00,26.7,60.43333333333334
2026-07-23 13:45:00,26.600000000000005,60.5
2026-07-23 13:46:00,26.600000000000005,60.800000000000004
2026-07-23 13:47:00,26.600000000000005,60.96666666666667
2026-07-23 13:48:00,26.666666666666668,60.96666666666667
2026-07-23 13:49:00,26.766666666666666,60.76666666666667
2026-07-23 13:50:00,26.8,60.70000000000001
2026-07-23 13:51:00,26.766666666666666,60.666666666666664
2026-07-23 13:52:00,26.666666666666668,60.73333333333333
2026-07-23 13:53:00,26.7,61.06666666666666
2026-07-23 13:54:00,26.733333333333334,60.96666666666667
2026-07-23 13:55:00,26.666666666666668,60.9
2026-07-23 13:56:00,26.600000000000005,61.1
2026-07-23 13:57:00,26.600000000000005,61.36666666666667
2026-07-23 13:58:00,26.600000000000005,61.5
2026-07-23 13:59:00,26.733333333333334,61.53333333333333
2026-07-23 14:00:00,26.833333333333332,61.199999999999996
2026-07-23 14:01:00,26.899999999999995,61.0
2026-07-23 14:02:00,26.899999999999995,60.9
2026-07-23 14:03:00,26.899999999999995,60.76666666666667
2026-07-23 14:04:00,26.899999999999995,60.6
2026-07-23 14:05:00,26.899999999999995,60.53333333333333
2026-07-23 14:06:00,26.833333333333332,60.43333333333334
2026-07-23 14:07:00,26.8,60.5
2026-07-23 14:08:00,26.8,60.300000000000004
2026-07-23 14:09:00,26.8,60.03333333333333
2026-07-23 14:10:00,26.8,59.93333333333334
2026-07-23 14:11:00,26.8,59.833333333333336
2026-07-23 14:12:00,26.766666666666666,59.79999999999999
2026-07-23 14:13:00,26.7,59.93333333333334
2026-07-23 14:14:00,26.7,60.06666666666666
2026-07-23 14:15:00,26.666666666666668,60.333333333333336
2026-07-23 14:16:00,26.633333333333336,60.53333333333333
2026-07-23 14:17:00,26.566666666666666,60.699999999999996
2026-07-23 14:18:00,26.399999999999995,61.1
2026-07-23 14:19:00,26.399999999999995,61.4
2026-07-23 14:20:00,26.5,61.56666666666666
2026-07-23 14:21:00,26.633333333333336,61.5
2026-07-23 14:22:00,26.766666666666666,61.23333333333333
2026-07-23 14:23:00,26.8,60.96666666666667
2026-07-23 14:24:00,26.8,60.800000000000004
2026-07-23 14:25:00,26.733333333333334,60.800000000000004
2026-07-23 14:26:00,26.733333333333334,61.1
2026-07-23 14:27:00,26.8,60.833333333333336
2026-07-23 14:28:00,26.8,60.53333333333333
2026-07-23 14:29:00,26.7,60.4
2026-07-23 14:30:00,26.666666666666668,60.43333333333334
2026-07-23 14:31:00,26.600000000000005,60.699999999999996
2026-07-23 14:32:00,26.53333333333333,60.96666666666667
2026-07-23 14:33:00,26.5,61.166666666666664
2026-07-23 14:34:00,26.5,61.43333333333334
2026-07-23 14:35:00,26.600000000000005,61.333333333333336
2026-07-23 14:36:00,26.600000000000005,61.03333333333333
2026-07-23 14:37:00,26.600000000000005,61.03333333333333
2026-07-23 14:38:00,26.53333333333333,60.93333333333334
2026-07-23 14:39:00,26.5,61.03333333333333
2026-07-23 14:40:00,26.5,61.36666666666667
2026-07-23 14:41:00,26.5,61.666666666666664
2026-07-23 14:42:00,26.433333333333334,62.76666666666667
2026-07-23 14:43:00,26.366666666666664,62.699999999999996
2026-07-23 14:44:00,26.333333333333332,62.70000000000001
2026-07-23 14:45:00,26.366666666666664,62.46666666666667
2026-07-23 14:46:00,26.399999999999995,62.0
2026-07-23 14:47:00,26.3,61.6
2026-07-23 14:48:00,26.3,61.4
2026-07-23 14:49:00,26.3,61.26666666666667
2026-07-23 14:50:00,26.266666666666666,61.20000000000001
2026-07-23 14:51:00,26.233333333333334,61.26666666666667
2026-07-23 14:52:00,26.2,61.46666666666667
2026-07-23 14:53:00,26.2,61.43333333333334
2026-07-23 14:54:00,26.2,61.29999999999999
2026-07-23 14:55:00,26.2,61.36666666666667
2026-07-23 14:56:00,26.2,61.23333333333333
2026-07-23 14:57:00,26.2,61.20000000000001
2026-07-23 14:58:00,26.233333333333334,61.26666666666667
2026-07-23 14:59:00,26.2,61.36666666666667
2026-07-23 15:00:00,26.2,61.63333333333333
2026-07-23 15:01:00,26.266666666666666,61.63333333333333
2026-07-23 15:02:00,26.3,61.43333333333334
2026-07-23 15:03:00,26.3,61.333333333333336
2026-07-23 15:04:00,26.3,61.06666666666666
2026-07-23 15:05:00,26.3,61.1
2026-07-23 15:06:00,26.3,61.29999999999999
2026-07-23 15:07:00,26.3,61.23333333333333
2026-07-23 15:08:00,26.3,61.166666666666664
2026-07-23 15:09:00,26.233333333333334,61.29999999999999
2026-07-23 15:10:00,26.2,61.36666666666667
2026-07-23 15:11:00,26.2,61.699999999999996
2026-07-23 15:12:00,26.2,61.6
2026-07-23 15:13:00,26.2,61.26666666666667
2026-07-23 15:14:00,26.266666666666666,61.03333333333333
2026-07-23 15:15:00,26.2,60.76666666666667
2026-07-23 15:16:00,26.2,60.53333333333333
2026-07-23 15:17:00,26.100000000000005,60.5
2026-07-23 15:18:00,26.0,60.70000000000001
2026-07-23 15:19:00,26.0,60.76666666666667
2026-07-23 15:20:00,26.0,61.0
2026-07-23 15:21:00,26.0,61.23333333333333
2026-07-23 15:22:00,26.0,61.29999999999999
2026-07-23 15:23:00,26.066666666666666,61.13333333333333
2026-07-23 15:24:00,26.100000000000005,61.06666666666666
2026-07-23 15:25:00,26.100000000000005,61.03333333333333
2026-07-23 15:26:00,26.100000000000005,61.0
2026-07-23 15:27:00,26.066666666666666,61.1
2026-07-23 15:28:00,26.0,61.166666666666664
2026-07-23 15:29:00,26.0,61.29999999999999
2026-07-23 15:30:00,25.899999999999995,61.53333333333333
2026-07-23 15:31:00,25.899999999999995,61.63333333333333
2026-07-23 15:32:00,25.866666666666664,61.63333333333333
2026-07-23 15:33:00,25.899999999999995,61.73333333333333
2026-07-23 15:34:00,25.833333333333332,61.79999999999999
2026-07-23 15:35:00,25.899999999999995,61.9
2026-07-23 15:36:00,25.866666666666664,61.93333333333334
2026-07-23 15:37:00,25.899999999999995,61.96666666666667
2026-07-23 15:38:00,25.899999999999995,62.0
2026-07-23 15:39:00,25.899999999999995,62.06666666666666
2026-07-23 15:40:00,25.9,62.2
2026-07-23 15:41:00,25.899999999999995,62.20000000000001
2026-07-23 15:42:00,25.899999999999995,62.20000000000001
2026-07-23 15:43:00,25.899999999999995,62.20000000000001
2026-07-23 15:44:00,25.866666666666664,62.333333333333336
2026-07-23 15:45:00,25.8,62.5
2026-07-23 15:46:00,25.833333333333332,62.56666666666666
2026-07-23 15:47:00,25.8,62.666666666666664
2026-07-23 15:48:00,25.8,62.800000000000004
2026-07-23 15:49:00,25.7,63.06666666666666
2026-07-23 15:50:00,25.7,63.166666666666664
2026-07-23 15:51:00,25.666666666666668,63.333333333333336
2026-07-23 15:52:00,25.7,63.4
2026-07-23 15:53:00,25.7,63.46666666666667
2026-07-23 15:54:00,25.633333333333336,63.6
2026-07-23 15:55:00,25.600000000000005,63.6
2026-07-23 15:56:00,25.666666666666668,63.53333333333333
2026-07-23 15:57:00,25.666666666666668,63.43333333333334
2026-07-23 15:58:00,25.666666666666668,63.43333333333334
2026-07-23 15:59:00,25.600000000000005,63.53333333333333
2026-07-23 16:00:00,25.600000000000005,63.56666666666666
2026-07-23 16:01:00,25.600000000000005,63.63333333333333
2026-07-23 16:02:00,25.633333333333336,63.666666666666664
2026-07-23 16:03:00,25.7,63.56666666666666
2026-07-23 16:04:00,25.7,63.6
2026-07-23 16:05:00,25.7,63.5
2026-07-23 16:06:00,25.8,63.4
2026-07-23 16:07:00,25.8,63.43333333333334
2026-07-23 16:08:00,25.7,63.56666666666666
2026-07-23 16:09:00,25.7,63.6
2026-07-23 16:10:00,25.600000000000005,63.70000000000001
2026-07-23 16:11:00,25.600000000000005,63.73333333333333
2026-07-23 16:12:00,25.600000000000005,63.73333333333333
2026-07-23 16:13:00,25.600000000000005,63.9
2026-07-23 16:14:00,25.566666666666666,63.9
2026-07-23 16:15:00,25.53333333333333,63.9
2026-07-23 16:16:00,25.5,63.93333333333334
2026-07-23 16:17:00,25.5,64.0
2026-07-23 16:18:00,25.53333333333333,64.10000000000001
2026-07-23 16:19:00,25.5,64.3
2026-07-23 16:20:00,25.5,64.13333333333333
2026-07-23 16:21:00,25.600000000000005,64.16666666666667
2026-07-23 16:22:00,25.600000000000005,64.13333333333333
2026-07-23 16:23:00,25.566666666666666,64.2
2026-07-23 16:24:00,25.5,64.4
2026-07-23 16:25:00,25.5,64.46666666666667
2026-07-23 16:26:00,25.5,64.56666666666666
2026-07-23 16:27:00,25.5,64.66666666666667
2026-07-23 16:28:00,25.5,64.86666666666667
2026-07-23 16:29:00,25.46666666666667,65.03333333333333
2026-07-23 16:30:00,25.5,65.16666666666667
2026-07-23 16:31:00,25.433333333333334,65.33333333333333
2026-07-23 16:32:00,25.399999999999995,65.5
2026-07-23 16:33:00,25.399999999999995,65.53333333333333
2026-07-23 16:34:00,25.399999999999995,65.7
2026-07-23 16:35:00,25.399999999999995,65.76666666666667
2026-07-23 16:36:00,25.433333333333334,65.86666666666667
2026-07-23 16:37:00,25.399999999999995,66.03333333333333
2026-07-23 16:38:00,25.399999999999995,66.1
2026-07-23 16:39:00,25.399999999999995,66.13333333333333
2026-07-23 16:40:00,25.399999999999995,66.2
2026-07-23 16:41:00,25.366666666666664,66.36666666666667
2026-07-23 16:42:00,25.3,66.5
2026-07-23 16:43:00,25.3,66.7
2026-07-23 16:44:00,25.3,66.8
2026-07-23 16:45:00,25.3,66.93333333333334
2026-07-23 16:46:00,25.233333333333334,67.06666666666666
2026-07-23 16:47:00,25.233333333333334,67.2
2026-07-23 16:48:00,25.233333333333334,67.2
2026-07-23 16:49:00,25.233333333333334,67.2
2026-07-23 16:50:00,25.2,67.4
2026-07-23 16:51:00,25.2,67.46666666666667
2026-07-23 16:52:00,25.2,67.53333333333333
2026-07-23 16:53:00,25.2,67.63333333333333
2026-07-23 16:54:00,25.100000000000005,67.66666666666667
2026-07-23 16:55:00,25.133333333333336,67.73333333333333
2026-07-23 16:56:00,25.100000000000005,67.76666666666667
2026-07-23 16:57:00,25.100000000000005,67.8
2026-07-23 16:58:00,25.100000000000005,67.8
2026-07-23 16:59:00,25.100000000000005,67.83333333333333
2026-07-23 17:00:00,25.100000000000005,67.8
2026-07-23 17:01:00,25.100000000000005,67.9
2026-07-23 17:02:00,25.03333333333333,67.96666666666667
2026-07-23 17:03:00,25.0,68.06666666666666
2026-07-23 17:04:00,25.0,68.13333333333333
2026-07-23 17:05:00,25.0,68.2
2026-07-23 17:06:00,25.0,68.23333333333333
2026-07-23 17:07:00,25.0,68.36666666666667
2026-07-23 17:08:00,25.0,68.4
2026-07-23 17:09:00,25.0,68.5
2026-07-23 17:10:00,24.899999999999995,68.6
2026-07-23 17:11:00,24.899999999999995,68.6
2026-07-23 17:12:00,24.899999999999995,68.6
2026-07-23 17:13:00,24.899999999999995,68.66666666666667
2026-07-23 17:14:00,24.899999999999995,68.73333333333333
2026-07-23 17:15:00,24.899999999999995,68.76666666666667
2026-07-23 17:16:00,24.899999999999995,68.76666666666667
2026-07-23 17:17:00,24.899999999999995,68.76666666666667
2026-07-23 17:18:00,24.866666666666664,68.76666666666667
2026-07-23 17:19:00,24.833333333333332,68.89999999999999
2026-07-23 17:20:00,24.8,68.89999999999999
2026-07-23 17:21:00,24.8,69.0
2026-07-23 17:22:00,24.8,69.03333333333333
2026-07-23 17:23:00,24.8,68.9
2026-07-23 17:24:00,24.8,68.93333333333334
2026-07-23 17:25:00,24.8,68.9
2026-07-23 17:26:00,24.8,68.89999999999999
2026-07-23 17:27:00,24.8,68.83333333333333
2026-07-23 17:28:00,24.766666666666666,68.8
2026-07-23 17:29:00,24.733333333333334,68.86666666666667
2026-07-23 17:30:00,24.733333333333334,68.86666666666667
2026-07-23 17:31:00,24.7,68.9
2026-07-23 17:32:00,24.733333333333334,68.86666666666667
2026-07-23 17:33:00,24.766666666666666,68.76666666666667
2026-07-23 17:34:00,24.8,68.8
2026-07-23 17:35:00,24.8,68.8
2026-07-23 17:36:00,24.766666666666666,68.89999999999999
2026-07-23 17:37:00,24.733333333333334,69.06666666666666
2026-07-23 17:38:00,24.7,69.13333333333333
2026-07-23 17:39:00,24.7,69.33333333333333
2026-07-23 17:40:00,24.600000000000005,69.46666666666667
2026-07-23 17:41:00,24.600000000000005,69.6
2026-07-23 17:42:00,24.600000000000005,69.66666666666667
2026-07-23 17:43:00,24.633333333333336,69.6
2026-07-23 17:44:00,24.633333333333336,69.6
2026-07-23 17:45:00,24.600000000000005,69.63333333333333
2026-07-23 17:46:00,24.566666666666666,69.89999999999999
2026-07-23 17:47:00,24.5,70.2
2026-07-23 17:48:00,24.5,70.53333333333333
2026-07-23 17:49:00,24.433333333333334,70.76666666666667
2026-07-23 17:50:00,24.5,70.8
2026-07-23 17:51:00,24.5,70.93333333333334
2026-07-23 17:52:00,24.5,71.0
2026-07-23 17:53:00,24.5,71.06666666666666
2026-07-23 17:54:00,24.433333333333334,71.33333333333333
2026-07-23 17:55:00,24.333333333333332,71.7
2026-07-23 17:56:00,24.3,71.76666666666667
2026-07-23 17:57:00,24.3,71.93333333333334
2026-07-23 17:58:00,24.3,71.9
2026-07-23 17:59:00,24.233333333333334,72.0
2026-07-23 18:00:00,24.2,72.06666666666666
2026-07-23 18:01:00,24.3,72.0
2026-07-23 18:02:00,24.3,71.86666666666667
2026-07-23 18:03:00,24.266666666666666,71.83333333333333
2026-07-23 18:04:00,24.233333333333334,71.93333333333334
2026-07-23 18:05:00,24.2,71.96666666666667
2026-07-23 18:06:00,24.2,72.03333333333333
2026-07-23 18:07:00,24.133333333333336,72.0
2026-07-23 18:08:00,24.166666666666668,72.0
2026-07-23 18:09:00,24.100000000000005,72.1
2026-07-23 18:10:00,24.100000000000005,72.2
2026-07-23 18:11:00,24.0,72.43333333333334
2026-07-23 18:12:00,24.0,72.6
2026-07-23 18:13:00,24.0,72.66666666666667
2026-07-23 18:14:00,24.0,72.66666666666667
2026-07-23 18:15:00,24.066666666666666,72.66666666666667
2026-07-23 18:16:00,24.100000000000005,72.46666666666667
2026-07-23 18:17:00,24.2,72.3
2026-07-23 18:18:00,24.2,72.13333333333333
2026-07-23 18:19:00,24.2,72.1
2026-07-23 18:20:00,24.2,72.1
2026-07-23 18:21:00,24.2,72.03333333333333
2026-07-23 18:22:00,24.2,71.96666666666667
2026-07-23 18:23:00,24.233333333333334,71.83333333333333
2026-07-23 18:24:00,24.3,71.8
2026-07-23 18:25:00,24.3,71.76666666666667
2026-07-23 18:26:00,24.3,71.63333333333333
2026-07-23 18:27:00,24.3,71.60000000000001
2026-07-23 18:28:00,24.3,71.5
2026-07-23 18:29:00,24.3,71.5
2026-07-23 18:30:00,24.3,71.5
2026-07-23 18:31:00,24.3,71.39999999999999
2026-07-23 18:32:00,24.3,71.36666666666667
2026-07-23 18:33:00,24.3,71.36666666666667
2026-07-23 18:34:00,24.2,71.4
2026-07-23 18:35:00,24.2,71.46666666666667
2026-07-23 18:36:00,24.2,71.53333333333333
2026-07-23 18:37:00,24.2,71.6
2026-07-23 18:38:00,24.2,71.4
2026-07-23 18:39:00,24.233333333333334,71.46666666666667
2026-07-23 18:40:00,24.3,71.36666666666667
2026-07-23 18:41:00,24.233333333333334,71.5
2026-07-23 18:42:00,24.2,71.63333333333333
2026-07-23 18:43:00,24.3,71.5
2026-07-23 18:44:00,24.3,71.4
2026-07-23 18:45:00,24.3,71.3
2026-07-23 18:46:00,24.3,71.16666666666667
2026-07-23 18:47:00,24.3,70.89999999999999
2026-07-23 18:48:00,24.3,70.8
2026-07-23 18:49:00,24.3,70.89999999999999
2026-07-23 18:50:00,24.3,70.73333333333333
2026-07-23 18:51:00,24.233333333333334,70.56666666666666
2026-07-23 18:52:00,24.266666666666666,70.53333333333333
2026-07-23 18:53:00,24.266666666666666,70.23333333333333
2026-07-23 18:54:00,24.2,69.96666666666667
2026-07-23 18:55:00,24.2,69.60000000000001
2026-07-23 18:56:00,24.2,69.7
2026-07-23 18:57:00,24.2,69.56666666666666
2026-07-23 18:58:00,24.266666666666666,69.33333333333333
2026-07-23 18:59:00,24.3,69.16666666666667
2026-07-23 19:00:00,24.266666666666666,69.06666666666666
2026-07-23 19:01:00,24.233333333333334,68.86666666666666
2026-07-23 19:02:00,24.2,68.7
2026-07-23 19:03:00,24.2,68.53333333333333
2026-07-23 19:04:00,24.2,68.46666666666665
2026-07-23 19:05:00,24.2,68.23333333333333
2026-07-23 19:06:00,24.166666666666668,68.33333333333333
2026-07-23 19:07:00,24.2,68.56666666666666
2026-07-23 19:08:00,24.166666666666668,68.46666666666667
2026-07-23 19:09:00,24.2,68.33333333333333
2026-07-23 19:10:00,24.2,68.2
2026-07-23 19:11:00,24.2,68.2
2026-07-23 19:12:00,24.2,68.16666666666667
2026-07-23 19:13:00,24.133333333333336,68.16666666666667
2026-07-23 19:14:00,24.100000000000005,68.1
2026-07-23 19:15:00,24.100000000000005,68.2
2026-07-23 19:16:00,24.100000000000005,68.3
2026-07-23 19:17:00,24.100000000000005,68.36666666666667
2026-07-23 19:18:00,24.100000000000005,68.33333333333333
2026-07-23 19:19:00,24.100000000000005,68.36666666666667
2026-07-23 19:20:00,24.066666666666666,68.43333333333334
2026-07-23 19:21:00,24.066666666666666,68.46666666666667
2026-07-23 19:22:00,24.03333333333333,68.5
2026-07-23 19:23:00,24.03333333333333,68.53333333333333
2026-07-23 19:24:00,24.0,68.7
2026-07-23 19:25:00,24.100000000000005,68.8
2026-07-23 19:26:00,24.100000000000005,68.7
2026-07-23 19:27:00,24.100000000000005,68.56666666666666
2026-07-23 19:28:00,24.100000000000005,68.56666666666666
2026-07-23 19:29:00,24.066666666666666,68.6
2026-07-23 19:30:00,24.0,68.7
2026-07-23 19:31:00,24.03333333333333,68.96666666666667
2026-07-23 19:32:00,24.100000000000005,68.83333333333333
2026-07-23 19:33:00,24.03333333333333,68.83333333333333
2026-07-23 19:34:00,24.100000000000005,68.8
2026-07-23 19:35:00,24.03333333333333,68.73333333333333
2026-07-23 19:36:00,24.0,68.86666666666667
2026-07-23 19:37:00,24.0,68.8
2026-07-23 19:38:00,24.0,68.76666666666667
2026-07-23 19:39:00,24.0,68.73333333333333
2026-07-23 19:40:00,24.0,68.7
2026-07-23 19:41:00,24.0,68.7
2026-07-23 19:42:00,23.899999999999995,68.86666666666667
2026-07-23 19:43:00,23.899999999999995,68.96666666666667
2026-07-23 19:44:00,23.899999999999995,69.0
2026-07-23 19:45:00,23.899999999999995,68.96666666666667
2026-07-23 19:46:00,23.899999999999995,69.0
2026-07-23 19:47:00,23.899999999999995,68.96666666666667
2026-07-23 19:48:00,23.899999999999995,69.0
2026-07-23 19:49:00,23.899999999999995,68.93333333333334
2026-07-23 19:50:00,23.899999999999995,69.0
2026-07-23 19:51:00,23.899999999999995,68.96666666666667
2026-07-23 19:52:00,23.899999999999995,68.9
2026-07-23 19:53:00,23.833333333333332,69.06666666666666
2026-07-23 19:54:00,23.8,69.26666666666667
2026-07-23 19:55:00,23.833333333333332,69.36666666666667
2026-07-23 19:56:00,23.899999999999995,69.4
2026-07-23 19:57:00,23.899999999999995,69.3
2026-07-23 19:58:00,23.899999999999995,69.23333333333333
2026-07-23 19:59:00,23.899999999999995,69.06666666666666
2026-07-23 20:00:00,23.899999999999995,69.16666666666667
2026-07-23 20:01:00,23.899999999999995,69.23333333333333
2026-07-23 20:02:00,23.8,69.03333333333333
2026-07-23 20:03:00,23.8,69.03333333333333
2026-07-23 20:04:00,23.8,69.10000000000001
2026-07-23 20:05:00,23.8,69.03333333333333
2026-07-23 20:06:00,23.8,69.16666666666667
2026-07-23 20:07:00,23.8,68.96666666666667
2026-07-23 20:08:00,23.8,69.03333333333333
2026-07-23 20:09:00,23.8,68.93333333333334
2026-07-23 20:10:00,23.8,68.83333333333333
2026-07-23 20:11:00,23.666666666666668,68.8
2026-07-23 20:12:00,23.600000000000005,69.06666666666666
2026-07-23 20:13:00,23.600000000000005,69.13333333333333
2026-07-23 20:14:00,23.53333333333333,69.16666666666667
2026-07-23 20:15:00,23.5,69.13333333333333
2026-07-23 20:16:00,23.53333333333333,69.23333333333333
2026-07-23 20:17:00,23.600000000000005,69.23333333333333
2026-07-23 20:18:00,23.600000000000005,69.13333333333333
2026-07-23 20:19:00,23.600000000000005,69.06666666666666
2026-07-23 20:20:00,23.600000000000005,69.03333333333333
2026-07-23 20:21:00,23.600000000000005,69.0
2026-07-23 20:22:00,23.566666666666666,69.10000000000001
2026-07-23 20:23:00,23.600000000000005,69.16666666666667
2026-07-23 20:24:00,23.53333333333333,69.3
2026-07-23 20:25:00,23.5,69.3
2026-07-23 20:26:00,23.5,69.4
2026-07-23 20:27:00,23.5,69.5
2026-07-23 20:28:00,23.433333333333334,69.73333333333333
2026-07-23 20:29:00,23.399999999999995,70.03333333333333
2026-07-23 20:30:00,23.399999999999995,70.1
2026-07-23 20:31:00,23.399999999999995,70.23333333333333
2026-07-23 20:32:00,23.399999999999995,70.36666666666667
2026-07-23 20:33:00,23.399999999999995,70.46666666666667
2026-07-23 20:34:00,23.399999999999995,70.56666666666666
2026-07-23 20:35:00,23.46666666666667,70.46666666666667
2026-07-23 20:36:00,23.433333333333334,70.53333333333333
2026-07-23 20:37:00,23.399999999999995,70.76666666666667
2026-07-23 20:38:00,23.3,71.03333333333333
2026-07-23 20:39:00,23.233333333333334,71.3
2026-07-23 20:40:00,23.3,71.5
2026-07-23 20:41:00,23.333333333333332,71.5
2026-07-23 20:42:00,23.366666666666664,71.4
2026-07-23 20:43:00,23.399999999999995,71.46666666666667
2026-07-23 20:44:00,23.333333333333332,71.56666666666666
2026-07-23 20:45:00,23.3,71.73333333333333
2026-07-23 20:46:00,23.266666666666666,71.93333333333334
2026-07-23 20:47:00,23.266666666666666,72.0
2026-07-23 20:48:00,23.3,72.06666666666666
2026-07-23 20:49:00,23.3,72.03333333333333
2026-07-23 20:50:00,23.3,72.03333333333333
2026-07-23 20:51:00,23.3,72.13333333333333
2026-07-23 20:52:00,23.3,72.2
2026-07-23 20:53:00,23.3,72.1
2026-07-23 20:54:00,23.3,72.1
2026-07-23 20:55:00,23.3,72.26666666666667
2026-07-23 20:56:00,23.3,72.3
2026-07-23 20:57:00,23.3,72.26666666666667
2026-07-23 20:58:00,23.3,72.3
2026-07-23 20:59:00,23.3,72.3
2026-07-23 21:00:00,23.3,72.26666666666667
2026-07-23 21:01:00,23.366666666666664,72.26666666666667
2026-07-23 21:02:00,23.399999999999995,72.2
2026-07-23 21:03:00,23.399999999999995,72.13333333333333
2026-07-23 21:04:00,23.399999999999995,72.13333333333333
2026-07-23 21:05:00,23.399999999999995,72.06666666666666
2026-07-23 21:06:00,23.399999999999995,72.1
2026-07-23 21:07:00,23.399999999999995,72.1
2026-07-23 21:08:00,23.399999999999995,72.03333333333333
2026-07-23 21:09:00,23.399999999999995,72.1
2026-07-23 21:10:00,23.399999999999995,72.1
2026-07-23 21:11:00,23.399999999999995,72.13333333333333
2026-07-23 21:12:00,23.333333333333332,72.13333333333333
2026-07-23 21:13:00,23.3,72.23333333333333
2026-07-23 21:14:00,23.3,72.3
2026-07-23 21:15:00,23.3,72.4
2026-07-23 21:16:00,23.3,72.36666666666667
2026-07-23 21:17:00,23.333333333333332,72.36666666666667
2026-07-23 21:18:00,23.399999999999995,72.2
2026-07-23 21:19:00,23.399999999999995,72.2
2026-07-23 21:20:00,23.333333333333332,72.26666666666667
2026-07-23 21:21:00,23.333333333333332,72.3
2026-07-23 21:22:00,23.366666666666664,72.23333333333333
2026-07-23 21:23:00,23.399999999999995,72.26666666666667
2026-07-23 21:24:00,23.3,72.2
2026-07-23 21:25:00,23.366666666666664,72.3
2026-07-23 21:26:00,23.399999999999995,72.3
2026-07-23 21:27:00,23.35,72.36666666666667
2026-07-23 21:28:00,23.3,72.5
2026-07-23 21:29:00,23.3,72.53333333333333
2026-07-23 21:30:00,23.3,72.53333333333333
2026-07-23 21:31:00,23.3,72.56666666666666
2026-07-23 21:32:00,23.3,72.53333333333333
2026-07-23 21:33:00,23.3,72.56666666666666
2026-07-23 21:34:00,23.3,72.5
2026-07-23 21:35:00,23.3,72.5
2026-07-23 21:36:00,23.3,72.56666666666666
2026-07-23 21:37:00,23.3,72.63333333333333
2026-07-23 21:38:00,23.3,72.6
2026-07-23 21:39:00,23.333333333333332,72.56666666666666
2026-07-23 21:40:00,23.3,72.5
2026-07-23 21:41:00,23.333333333333332,72.5
2026-07-23 21:42:00,23.3,72.6
2026-07-23 21:43:00,23.3,72.66666666666667
2026-07-23 21:44:00,23.366666666666664,72.5
2026-07-23 21:45:00,23.333333333333332,72.4
2026-07-23 21:46:00,23.3,72.43333333333334
2026-07-23 21:47:00,23.3,72.53333333333333
2026-07-23 21:48:00,23.3,72.6
2026-07-23 21:49:00,23.366666666666664,72.5
2026-07-23 21:50:00,23.399999999999995,72.46666666666667
2026-07-23 21:51:00,23.399999999999995,72.43333333333334
2026-07-23 21:52:00,23.399999999999995,72.4
2026-07-23 21:53:00,23.399999999999995,72.36666666666667
2026-07-23 21:54:00,23.399999999999995,72.5
2026-07-23 21:55:00,23.333333333333332,72.5
2026-07-23 21:56:00,23.399999999999995,72.53333333333333
2026-07-23 21:57:00,23.399999999999995,72.5
2026-07-23 21:58:00,23.399999999999995,72.36666666666667
2026-07-23 21:59:00,23.433333333333334,72.36666666666667
2026-07-23 22:00:00,23.5,72.33333333333333
2026-07-23 22:01:00,23.5,72.2
2026-07-23 22:02:00,23.53333333333333,72.26666666666667
2026-07-23 22:03:00,23.5,72.33333333333333
2026-07-23 22:04:00,23.5,72.36666666666667
2026-07-23 22:05:00,23.5,72.33333333333333
2026-07-23 22:06:00,23.433333333333334,72.46666666666667
2026-07-23 22:07:00,23.46666666666667,72.56666666666666
2026-07-23 22:08:00,23.399999999999995,72.60000000000001
2026-07-23 22:09:00,23.399999999999995,72.73333333333333
2026-07-23 22:10:00,23.399999999999995,72.96666666666667
2026-07-23 22:11:00,23.399999999999995,73.03333333333333
2026-07-23 22:12:00,23.399999999999995,72.93333333333334
2026-07-23 22:13:00,23.399999999999995,72.86666666666667
2026-07-23 22:14:00,23.399999999999995,72.83333333333333
2026-07-23 22:15:00,23.399999999999995,73.0
2026-07-23 22:16:00,23.3,73.03333333333333
2026-07-23 22:17:00,23.366666666666664,73.06666666666666
2026-07-23 22:18:00,23.399999999999995,72.86666666666667
2026-07-23 22:19:00,23.399999999999995,72.8
2026-07-23 22:20:00,23.399999999999995,72.86666666666667
2026-07-23 22:21:00,23.399999999999995,72.83333333333333
2026-07-23 22:22:00,23.3,73.0
2026-07-23 22:23:00,23.233333333333334,73.2
2026-07-23 22:24:00,23.3,73.26666666666667
2026-07-23 22:25:00,23.3,73.0
2026-07-23 22:26:00,23.399999999999995,72.93333333333334
2026-07-23 22:27:00,23.399999999999995,72.83333333333333
2026-07-23 22:28:00,23.366666666666664,72.73333333333333
2026-07-23 22:29:00,23.3,72.89999999999999
2026-07-23 22:30:00,23.3,73.03333333333333
2026-07-23 22:31:00,23.366666666666664,72.93333333333334
2026-07-23 22:32:00,23.3,72.8
2026-07-23 22:33:00,23.3,72.83333333333333
2026-07-23 22:34:00,23.3,73.0
2026-07-23 22:35:00,23.2,73.23333333333333
2026-07-23 22:36:00,23.100000000000005,73.5
2026-07-23 22:37:00,23.1,73.6
2026-07-23 22:40:00,23.1,73.7
2026-07-23 22:41:00,23.166666666666668,73.63333333333333
2026-07-23 22:42:00,23.233333333333334,73.53333333333333
2026-07-23 22:43:00,23.233333333333334,73.46666666666667
2026-07-23 22:44:00,23.2,73.7
2026-07-23 22:45:00,23.100000000000005,73.96666666666667
2026-07-23 22:46:00,23.100000000000005,74.2
2026-07-23 22:47:00,23.03333333333333,74.3
2026-07-23 22:48:00,23.100000000000005,74.26666666666667
2026-07-23 22:49:00,23.2,74.03333333333333
2026-07-23 22:50:00,23.3,73.76666666666667
2026-07-23 22:51:00,23.3,73.6
2026-07-23 22:52:00,23.3,73.6
2026-07-23 22:53:00,23.366666666666664,73.46666666666667
2026-07-23 22:54:00,23.366666666666664,73.5
2026-07-23 22:55:00,23.3,73.53333333333333
2026-07-23 22:56:00,23.3,73.63333333333333
2026-07-23 22:57:00,23.333333333333332,73.7
2026-07-23 22:58:00,23.3,73.86666666666667
2026-07-23 22:59:00,23.3,73.96666666666667
2026-07-23 23:00:00,23.3,73.96666666666667
2026-07-23 23:01:00,23.3,73.9
2026-07-23 23:02:00,23.3,73.8
2026-07-23 23:03:00,23.3,73.8
2026-07-23 23:04:00,23.3,73.89999999999999
2026-07-23 23:05:00,23.233333333333334,74.06666666666666
2026-07-23 23:06:00,23.266666666666666,74.03333333333333
2026-07-23 23:07:00,23.2,74.03333333333333
2026-07-23 23:08:00,23.3,74.03333333333333
2026-07-23 23:09:00,23.3,73.96666666666667
2026-07-23 23:10:00,23.3,73.96666666666667
2026-07-23 23:11:00,23.3,73.96666666666667
2026-07-23 23:12:00,23.3,73.86666666666667
2026-07-23 23:13:00,23.3,73.93333333333334
2026-07-23 23:14:00,23.166666666666668,74.23333333333333
2026-07-23 23:15:00,23.2,74.4
2026-07-23 23:16:00,23.2,74.4
2026-07-23 23:17:00,23.166666666666668,74.43333333333334
2026-07-23 23:18:00,23.100000000000005,74.66666666666667
2026-07-23 23:19:00,23.100000000000005,74.8
2026-07-23 23:20:00,23.066666666666666,74.96666666666667
2026-07-23 23:21:00,23.03333333333333,75.2
2026-07-23 23:22:00,22.96666666666667,75.53333333333333
2026-07-23 23:23:00,23.0,75.56666666666666
2026-07-23 23:24:00,22.96666666666667,75.73333333333333
2026-07-23 23:25:00,22.933333333333334,75.96666666666667
2026-07-23 23:26:00,22.899999999999995,76.0
2026-07-23 23:27:00,22.899999999999995,76.1
2026-07-23 23:28:00,22.899999999999995,76.1
2026-07-23 23:29:00,22.899999999999995,76.16666666666667
2026-07-23 23:30:00,22.899999999999995,76.1
2026-07-23 23:31:00,22.933333333333334,76.03333333333333
2026-07-23 23:32:00,22.933333333333334,76.16666666666667
2026-07-23 23:33:00,22.899999999999995,76.26666666666667
2026-07-23 23:34:00,22.899999999999995,76.4
2026-07-23 23:35:00,22.8,76.56666666666666
2026-07-23 23:36:00,22.8,76.63333333333333
2026-07-23 23:37:00,22.8,76.63333333333333
2026-07-23 23:38:00,22.8,76.7
2026-07-23 23:39:00,22.8,76.8
2026-07-23 23:40:00,22.7,77.0
2026-07-23 23:41:00,22.7,77.13333333333333
2026-07-23 23:42:00,22.7,77.2
2026-07-23 23:43:00,22.733333333333334,77.23333333333333
2026-07-23 23:44:00,22.7,77.13333333333333
2026-07-23 23:45:00,22.7,77.16666666666667
2026-07-23 23:46:00,22.7,77.16666666666667
2026-07-23 23:47:00,22.7,77.26666666666667
2026-07-23 23:48:00,22.7,77.39999999999999
2026-07-23 23:49:00,22.7,77.56666666666666
2026-07-23 23:50:00,22.7,77.53333333333333
2026-07-23 23:51:00,22.7,77.4
2026-07-23 23:52:00,22.8,77.36666666666667
2026-07-23 23:53:00,22.8,77.13333333333333
2026-07-23 23:54:00,22.8,77.03333333333333
2026-07-23 23:55:00,22.8,77.13333333333333
2026-07-23 23:56:00,22.766666666666666,77.16666666666667
2026-07-23 23:57:00,22.766666666666666,77.1
2026-07-23 23:58:00,22.8,76.96666666666667
2026-07-23 23:59:00,22.8,77.06666666666666
2026-07-24 00:00:00,22.7,77.15
2026-07-24 00:01:00,22.7,77.33333333333333
2026-07-24 00:02:00,22.600000000000005,77.53333333333333
2026-07-24 00:03:00,22.666666666666668,77.43333333333334
2026-07-24 00:04:00,22.7,77.33333333333333
2026-07-24 00:05:00,22.7,77.16666666666667
2026-07-24 00:06:00,22.766666666666666,77.03333333333333
2026-07-24 00:07:00,22.8,76.8
2026-07-24 00:08:00,22.866666666666664,76.6
2026-07-24 00:09:00,22.8,76.7
2026-07-24 00:10:00,22.733333333333334,76.76666666666667
2026-07-24 00:11:00,22.766666666666666,76.86666666666667
2026-07-24 00:12:00,22.666666666666668,76.96666666666667
2026-07-24 00:13:00,22.600000000000005,77.23333333333333
2026-07-24 00:14:00,22.600000000000005,77.3
2026-07-24 00:15:00,22.600000000000005,77.33333333333333
2026-07-24 00:16:00,22.600000000000005,77.3
2026-07-24 00:17:00,22.600000000000005,77.33333333333333
2026-07-24 00:18:00,22.600000000000005,77.2
2026-07-24 00:19:00,22.7,77.13333333333333
2026-07-24 00:20:00,22.633333333333336,77.16666666666667
2026-07-24 00:21:00,22.600000000000005,77.39999999999999
2026-07-24 00:22:00,22.600000000000005,77.5
2026-07-24 00:23:00,22.600000000000005,77.5
2026-07-24 00:24:00,22.600000000000005,77.46666666666667
2026-07-24 00:25:00,22.600000000000005,77.53333333333333
2026-07-24 00:26:00,22.600000000000005,77.60000000000001
2026-07-24 00:27:00,22.600000000000005,77.7
2026-07-24 00:28:00,22.600000000000005,77.66666666666667
2026-07-24 00:29:00,22.600000000000005,77.56666666666666
2026-07-24 00:30:00,22.666666666666668,77.43333333333334
2026-07-24 00:31:00,22.733333333333334,77.33333333333333
2026-07-24 00:32:00,22.7,77.26666666666667
2026-07-24 00:33:00,22.7,77.33333333333333
2026-07-24 00:34:00,22.7,77.43333333333334
2026-07-24 00:35:00,22.600000000000005,77.60000000000001
2026-07-24 00:36:00,22.600000000000005,77.63333333333333
2026-07-24 00:37:00,22.600000000000005,77.7
2026-07-24 00:38:00,22.600000000000005,77.66666666666667
2026-07-24 00:39:00,22.600000000000005,77.66666666666667
2026-07-24 00:40:00,22.566666666666666,77.8
2026-07-24 00:41:00,22.5,77.86666666666667
2026-07-24 00:42:00,22.399999999999995,78.1
2026-07-24 00:43:00,22.399999999999995,78.16666666666667
2026-07-24 00:44:00,22.399999999999995,78.03333333333333
2026-07-24 00:45:00,22.433333333333334,78.0
2026-07-24 00:46:00,22.5,77.9
2026-07-24 00:47:00,22.399999999999995,77.9
2026-07-24 00:48:00,22.399999999999995,77.83333333333333
2026-07-24 00:49:00,22.399999999999995,77.8
2026-07-24 00:50:00,22.399999999999995,77.89999999999999
2026-07-24 00:51:00,22.366666666666664,77.96666666666667
2026-07-24 00:52:00,22.399999999999995,77.93333333333334
2026-07-24 00:53:00,22.399999999999995,77.86666666666667
2026-07-24 00:54:00,22.399999999999995,77.8
2026-07-24 00:55:00,22.399999999999995,77.66666666666667
2026-07-24 00:56:00,22.399999999999995,77.66666666666667
2026-07-24 00:57:00,22.399999999999995,77.8
2026-07-24 00:58:00,22.399999999999995,77.7
2026-07-24 00:59:00,22.5,77.56666666666666
2026-07-24 01:00:00,22.46666666666667,77.53333333333333
2026-07-24 01:01:00,22.433333333333334,77.43333333333334
2026-07-24 01:02:00,22.399999999999995,77.43333333333334
2026-07-24 01:03:00,22.399999999999995,77.46666666666667
2026-07-24 01:04:00,22.46666666666667,77.36666666666667
2026-07-24 01:05:00,22.46666666666667,77.33333333333333
2026-07-24 01:06:00,22.399999999999995,77.13333333333333
2026-07-24 01:07:00,22.399999999999995,76.96666666666667
2026-07-24 01:08:00,22.333333333333332,76.96666666666667
2026-07-24 01:09:00,22.333333333333332,76.83333333333333
2026-07-24 01:10:00,22.3,76.7
2026-07-24 01:11:00,22.3,76.63333333333333
2026-07-24 01:12:00,22.3,76.63333333333333
2026-07-24 01:13:00,22.3,76.6
2026-07-24 01:14:00,22.3,76.66666666666667
2026-07-24 01:15:00,22.3,76.56666666666666
2026-07-24 01:16:00,22.3,76.5
2026-07-24 01:17:00,22.366666666666664,76.39999999999999
2026-07-24 01:18:00,22.366666666666664,76.26666666666667
2026-07-24 01:19:00,22.333333333333332,76.2
2026-07-24 01:20:00,22.333333333333332,76.1
2026-07-24 01:21:00,22.3,76.16666666666667
2026-07-24 01:22:00,22.3,76.03333333333333
2026-07-24 01:23:00,22.3,76.13333333333333
2026-07-24 01:24:00,22.3,76.16666666666667
2026-07-24 01:25:00,22.3,76.03333333333333
2026-07-24 01:26:00,22.366666666666664,75.93333333333334
2026-07-24 01:27:00,22.333333333333332,75.7
2026-07-24 01:28:00,22.3,75.7
2026-07-24 01:29:00,22.266666666666666,75.76666666666667
2026-07-24 01:30:00,22.233333333333334,75.8
2026-07-24 01:31:00,22.3,75.66666666666667
2026-07-24 01:32:00,22.3,75.5
2026-07-24 01:33:00,22.399999999999995,75.33333333333333
2026-07-24 01:34:00,22.46666666666667,75.10000000000001
2026-07-24 01:35:00,22.5,75.03333333333333
2026-07-24 01:36:00,22.5,74.93333333333334
2026-07-24 01:37:00,22.433333333333334,74.9
2026-07-24 01:38:00,22.3,75.13333333333333
2026-07-24 01:39:00,22.3,75.23333333333333
2026-07-24 01:40:00,22.233333333333334,75.26666666666667
2026-07-24 01:41:00,22.400000000000002,75.26666666666667
2026-07-24 01:42:00,22.5,74.8
2026-07-24 01:43:00,22.566666666666666,74.53333333333335
2026-07-24 01:44:00,22.566666666666666,74.26666666666667
2026-07-24 01:45:00,22.5,74.33333333333333
2026-07-24 01:46:00,22.433333333333334,74.53333333333335
2026-07-24 01:47:00,22.3,74.96666666666667
2026-07-24 01:48:00,22.3,75.13333333333333
2026-07-24 01:49:00,22.366666666666664,75.06666666666666
2026-07-24 01:50:00,22.399999999999995,74.9
2026-07-24 01:51:00,22.366666666666664,74.86666666666667
2026-07-24 01:52:00,22.366666666666664,74.96666666666667
2026-07-24 01:53:00,22.3,75.03333333333333
2026-07-24 01:54:00,22.3,75.2
2026-07-24 01:55:00,22.2,75.26666666666667
2026-07-24 01:56:00,22.266666666666666,75.36666666666667
2026-07-24 01:57:00,22.3,75.26666666666667
2026-07-24 01:58:00,22.266666666666666,75.2
2026-07-24 01:59:00,22.233333333333334,75.33333333333333
2026-07-24 02:00:00,22.266666666666666,75.4
2026-07-24 02:01:00,22.266666666666666,75.46666666666667
2026-07-24 02:02:00,22.2,75.53333333333333
2026-07-24 02:03:00,22.2,75.53333333333333
2026-07-24 02:04:00,22.266666666666666,75.43333333333334
2026-07-24 02:05:00,22.3,75.43333333333334
2026-07-24 02:06:00,22.266666666666666,75.43333333333334
2026-07-24 02:07:00,22.233333333333334,75.4
2026-07-24 02:08:00,22.2,75.6
2026-07-24 02:09:00,22.2,75.76666666666667
2026-07-24 02:10:00,22.2,75.7
2026-07-24 02:11:00,22.266666666666666,75.56666666666666
2026-07-24 02:12:00,22.2,75.46666666666667
2026-07-24 02:13:00,22.2,75.43333333333334
2026-07-24 02:14:00,22.2,75.56666666666666
2026-07-24 02:15:00,22.2,75.53333333333333
2026-07-24 02:16:00,22.2,75.56666666666666
2026-07-24 02:17:00,22.233333333333334,75.4
2026-07-24 02:18:00,22.2,75.4
2026-07-24 02:19:00,22.2,75.43333333333334
2026-07-24 02:20:00,22.2,75.53333333333333
2026-07-24 02:21:00,22.2,75.53333333333333
2026-07-24 02:22:00,22.133333333333336,75.53333333333333
2026-07-24 02:23:00,22.2,75.5
2026-07-24 02:24:00,22.2,75.5
2026-07-24 02:25:00,22.2,75.5
2026-07-24 02:26:00,22.2,75.46666666666667
2026-07-24 02:27:00,22.2,75.46666666666667
2026-07-24 02:28:00,22.2,75.36666666666667
2026-07-24 02:29:00,22.2,75.36666666666667
2026-07-24 02:30:00,22.233333333333334,75.3
2026-07-24 02:31:00,22.233333333333334,75.2
2026-07-24 02:32:00,22.2,75.23333333333333
2026-07-24 02:33:00,22.2,75.23333333333333
2026-07-24 02:34:00,22.2,75.23333333333333
2026-07-24 02:35:00,22.2,75.2
2026-07-24 02:36:00,22.3,75.06666666666666
2026-07-24 02:37:00,22.3,75.06666666666666
2026-07-24 02:38:00,22.366666666666664,74.83333333333333
2026-07-24 02:39:00,22.333333333333332,74.76666666666667
2026-07-24 02:40:00,22.3,74.86666666666666
2026-07-24 02:41:00,22.3,74.93333333333334
2026-07-24 02:42:00,22.2,75.0
2026-07-24 02:43:00,22.2,75.0
2026-07-24 02:44:00,22.166666666666668,75.03333333333333
2026-07-24 02:45:00,22.133333333333336,75.2
2026-07-24 02:46:00,22.2,75.1
2026-07-24 02:47:00,22.2,75.06666666666666
2026-07-24 02:48:00,22.2,75.06666666666666
2026-07-24 02:49:00,22.2,75.1
2026-07-24 02:50:00,22.100000000000005,75.1
2026-07-24 02:51:00,22.133333333333336,75.06666666666666
2026-07-24 02:52:00,22.266666666666666,75.10000000000001
2026-07-24 02:53:00,22.2,74.86666666666667
2026-07-24 02:54:00,22.2,74.8
2026-07-24 02:55:00,22.2,74.73333333333333
2026-07-24 02:56:00,22.166666666666668,74.7
2026-07-24 02:57:00,22.166666666666668,74.76666666666667
2026-07-24 02:58:00,22.233333333333334,74.6
2026-07-24 02:59:00,22.3,74.5
2026-07-24 03:00:00,22.3,74.26666666666667
2026-07-24 03:01:00,22.266666666666666,74.13333333333333
2026-07-24 03:02:00,22.2,74.23333333333333
2026-07-24 03:03:00,22.166666666666668,74.26666666666667
2026-07-24 03:04:00,22.133333333333336,74.3
2026-07-24 03:05:00,22.100000000000005,74.36666666666667
2026-07-24 03:06:00,22.066666666666666,74.46666666666667
2026-07-24 03:07:00,22.066666666666666,74.56666666666666
2026-07-24 03:08:00,22.100000000000005,74.53333333333333
2026-07-24 03:09:00,22.100000000000005,74.5
2026-07-24 03:10:00,22.100000000000005,74.43333333333334
2026-07-24 03:11:00,22.100000000000005,74.33333333333333
2026-07-24 03:12:00,22.066666666666666,74.4
2026-07-24 03:13:00,22.0,74.46666666666667
2026-07-24 03:14:00,22.066666666666666,74.5
2026-07-24 03:15:00,22.03333333333333,74.4
2026-07-24 03:16:00,22.0,74.46666666666667
2026-07-24 03:17:00,22.0,74.5
2026-07-24 03:18:00,22.0,74.53333333333333
2026-07-24 03:19:00,22.03333333333333,74.56666666666666
2026-07-24 03:20:00,22.100000000000005,74.43333333333334
2026-07-24 03:21:00,22.100000000000005,74.26666666666667
2026-07-24 03:22:00,22.100000000000005,74.23333333333333
2026-07-24 03:23:00,22.100000000000005,74.2
2026-07-24 03:24:00,22.100000000000005,74.23333333333333
2026-07-24 03:25:00,22.133333333333336,74.13333333333333
2026-07-24 03:26:00,22.100000000000005,74.1
2026-07-24 03:27:00,22.100000000000005,74.23333333333333
2026-07-24 03:28:00,22.100000000000005,74.3
2026-07-24 03:29:00,22.0,74.36666666666667
2026-07-24 03:30:00,22.03333333333333,74.43333333333334
2026-07-24 03:31:00,22.0,74.43333333333334
2026-07-24 03:32:00,22.0,74.43333333333334
2026-07-24 03:33:00,22.0,74.46666666666667
2026-07-24 03:34:00,22.100000000000005,74.4
2026-07-24 03:35:00,22.100000000000005,74.4
2026-07-24 03:36:00,22.100000000000005,74.36666666666667
2026-07-24 03:37:00,22.066666666666666,74.43333333333334
2026-07-24 03:38:00,22.0,74.5
2026-07-24 03:39:00,22.0,74.46666666666667
2026-07-24 03:40:00,22.0,74.56666666666666
2026-07-24 03:41:00,22.100000000000005,74.46666666666667
2026-07-24 03:42:00,22.100000000000005,74.36666666666667
2026-07-24 03:43:00,22.100000000000005,74.36666666666667
2026-07-24 03:44:00,22.133333333333336,74.3
2026-07-24 03:45:00,22.100000000000005,74.23333333333333
2026-07-24 03:46:00,22.100000000000005,74.33333333333333
2026-07-24 03:47:00,22.03333333333333,74.46666666666667
2026-07-24 03:48:00,22.0,74.5
2026-07-24 03:49:00,22.03333333333333,74.53333333333333
2026-07-24 03:50:00,22.0,74.46666666666667
2026-07-24 03:51:00,22.0,74.5
2026-07-24 03:52:00,22.0,74.5
2026-07-24 03:53:00,22.0,74.5
2026-07-24 03:54:00,22.066666666666666,74.4
2026-07-24 03:55:00,22.100000000000005,74.33333333333333
2026-07-24 03:56:00,22.100000000000005,74.23333333333333
2026-07-24 03:57:00,22.133333333333336,74.1
2026-07-24 03:58:00,22.2,74.1
2026-07-24 03:59:00,22.166666666666668,74.13333333333333
2026-07-24 04:00:00,22.100000000000005,74.13333333333333
2026-07-24 04:01:00,22.100000000000005,74.1
2026-07-24 04:02:00,22.066666666666666,74.16666666666667
2026-07-24 04:03:00,22.0,74.23333333333333
2026-07-24 04:04:00,22.0,74.3
2026-07-24 04:05:00,22.066666666666666,74.23333333333333
2026-07-24 04:06:00,22.03333333333333,74.26666666666667
2026-07-24 04:07:00,22.0,74.23333333333333
2026-07-24 04:08:00,22.0,74.2
2026-07-24 04:09:00,22.03333333333333,74.23333333333333
2026-07-24 04:10:00,22.066666666666666,74.26666666666667
2026-07-24 04:11:00,22.133333333333336,74.10000000000001
2026-07-24 04:12:00,22.133333333333336,73.9
2026-07-24 04:13:00,22.100000000000005,73.93333333333334
2026-07-24 04:14:00,22.03333333333333,74.03333333333333
2026-07-24 04:15:00,22.0,74.1
2026-07-24 04:16:00,22.100000000000005,74.06666666666666
2026-07-24 04:17:00,22.100000000000005,74.03333333333333
2026-07-24 04:18:00,22.100000000000005,73.9
2026-07-24 04:19:00,22.03333333333333,73.9
2026-07-24 04:20:00,22.066666666666666,73.8
2026-07-24 04:21:00,22.066666666666666,73.7
2026-07-24 04:22:00,22.066666666666666,73.73333333333333
2026-07-24 04:23:00,22.100000000000005,73.63333333333333
2026-07-24 04:24:00,22.100000000000005,73.63333333333333
2026-07-24 04:25:00,22.100000000000005,73.53333333333333
2026-07-24 04:26:00,22.100000000000005,73.39999999999999
2026-07-24 04:27:00,22.100000000000005,73.2
2026-07-24 04:28:00,22.066666666666666,73.2
2026-07-24 04:29:00,22.0,73.26666666666667
2026-07-24 04:30:00,22.03333333333333,73.2
2026-07-24 04:31:00,22.0,73.2
2026-07-24 04:32:00,21.933333333333334,73.16666666666667
2026-07-24 04:33:00,21.899999999999995,73.23333333333333
2026-07-24 04:34:00,21.866666666666664,73.2
2026-07-24 04:35:00,21.866666666666664,73.23333333333333
2026-07-24 04:36:00,21.899999999999995,73.16666666666667
2026-07-24 04:37:00,21.899999999999995,72.86666666666666
2026-07-24 04:38:00,21.899999999999995,72.8
2026-07-24 04:39:00,21.899999999999995,72.63333333333333
2026-07-24 04:40:00,21.899999999999995,72.56666666666666
2026-07-24 04:41:00,21.899999999999995,72.56666666666666
2026-07-24 04:42:00,21.899999999999995,72.56666666666666
2026-07-24 04:43:00,21.899999999999995,72.60000000000001
2026-07-24 04:44:00,21.899999999999995,72.4
2026-07-24 04:45:00,21.899999999999995,72.46666666666667
2026-07-24 04:46:00,21.899999999999995,72.36666666666667
2026-07-24 04:47:00,21.899999999999995,72.43333333333334
2026-07-24 04:48:00,21.933333333333334,72.3
2026-07-24 04:49:00,21.96666666666667,72.26666666666667
2026-07-24 04:50:00,22.0,72.1
2026-07-24 04:51:00,22.0,71.96666666666667
2026-07-24 04:52:00,21.899999999999995,71.86666666666667
2026-07-24 04:53:00,21.899999999999995,71.86666666666667
2026-07-24 04:54:00,21.899999999999995,71.73333333333333
2026-07-24 04:55:00,21.833333333333332,71.8
2026-07-24 04:56:00,21.866666666666664,71.8
2026-07-24 04:57:00,21.866666666666664,71.66666666666667
2026-07-24 04:58:00,21.8,71.63333333333333
2026-07-24 04:59:00,21.8,71.6
2026-07-24 05:00:00,21.8,71.7
2026-07-24 05:01:00,21.8,71.56666666666666
2026-07-24 05:02:00,21.8,71.53333333333333
2026-07-24 05:03:00,21.8,71.43333333333334
2026-07-24 05:04:00,21.8,71.46666666666667
2026-07-24 05:05:00,21.8,71.43333333333334
2026-07-24 05:06:00,21.8,71.4
2026-07-24 05:07:00,21.8,71.36666666666667
2026-07-24 05:08:00,21.8,71.16666666666667
2026-07-24 05:09:00,21.8,71.16666666666667
2026-07-24 05:10:00,21.8,71.23333333333333
2026-07-24 05:11:00,21.8,71.1
2026-07-24 05:12:00,21.866666666666664,71.13333333333333
2026-07-24 05:13:00,21.899999999999995,70.89999999999999
2026-07-24 05:14:00,21.833333333333332,70.86666666666667
2026-07-24 05:15:00,21.8,70.9
2026-07-24 05:16:00,21.866666666666664,70.89999999999999
2026-07-24 05:17:00,21.8,70.86666666666667
2026-07-24 05:18:00,21.8,70.86666666666667
2026-07-24 05:19:00,21.8,70.83333333333333
2026-07-24 05:20:00,21.8,70.86666666666667
2026-07-24 05:21:00,21.899999999999995,70.8
2026-07-24 05:22:00,21.899999999999995,70.73333333333333
2026-07-24 05:23:00,21.866666666666664,70.83333333333333
2026-07-24 05:24:00,21.8,70.93333333333334
2026-07-24 05:25:00,21.8,71.03333333333333
2026-07-24 05:26:00,21.833333333333332,71.03333333333333
2026-07-24 05:27:00,21.8,71.10000000000001
2026-07-24 05:28:00,21.8,71.2
2026-07-24 05:29:00,21.833333333333332,71.16666666666667
2026-07-24 05:30:00,21.899999999999995,71.23333333333333
2026-07-24 05:31:00,21.899999999999995,71.36666666666667
2026-07-24 05:32:00,21.899999999999995,71.33333333333333
2026-07-24 05:33:00,21.833333333333332,71.46666666666667
2026-07-24 05:34:00,21.8,71.63333333333333
2026-07-24 05:35:00,21.8,71.73333333333333
2026-07-24 05:36:00,21.8,71.76666666666667
2026-07-24 05:37:00,21.8,71.9
2026-07-24 05:38:00,21.8,72.03333333333333
2026-07-24 05:39:00,21.8,72.10000000000001
2026-07-24 05:40:00,21.8,72.13333333333333
2026-07-24 05:41:00,21.766666666666666,72.23333333333333
2026-07-24 05:42:00,21.733333333333334,72.36666666666667
2026-07-24 05:43:00,21.733333333333334,72.46666666666667
2026-07-24 05:44:00,21.8,72.46666666666667
2026-07-24 05:45:00,21.733333333333334,72.56666666666666
2026-07-24 05:46:00,21.7,72.6
2026-07-24 05:47:00,21.7,72.6
2026-07-24 05:48:00,21.733333333333334,72.56666666666666
2026-07-24 05:49:00,21.766666666666666,72.43333333333334
2026-07-24 05:50:00,21.766666666666666,72.4
2026-07-24 05:51:00,21.766666666666666,72.56666666666666
2026-07-24 05:52:00,21.8,72.43333333333334
2026-07-24 05:53:00,21.733333333333334,72.5
2026-07-24 05:54:00,21.7,72.46666666666667
2026-07-24 05:55:00,21.7,72.4
2026-07-24 05:56:00,21.733333333333334,72.36666666666667
2026-07-24 05:57:00,21.7,72.33333333333333
2026-07-24 05:58:00,21.7,72.3
2026-07-24 05:59:00,21.7,72.13333333333333
2026-07-24 06:00:00,21.7,72.0
2026-07-24 06:01:00,21.7,72.0
2026-07-24 06:02:00,21.633333333333336,72.03333333333333
2026-07-24 06:03:00,21.7,72.03333333333333
2026-07-24 06:04:00,21.7,71.8
2026-07-24 06:05:00,21.7,71.7
2026-07-24 06:06:00,21.7,71.7
2026-07-24 06:07:00,21.7,71.73333333333333
2026-07-24 06:08:00,21.7,71.66666666666667
2026-07-24 06:09:00,21.7,71.56666666666666
2026-07-24 06:10:00,21.7,71.56666666666666
2026-07-24 06:11:00,21.7,71.5
2026-07-24 06:12:00,21.7,71.5
2026-07-24 06:13:00,21.7,71.5
2026-07-24 06:14:00,21.666666666666668,71.53333333333333
2026-07-24 06:15:00,21.7,71.53333333333333
2026-07-24 06:16:00,21.7,71.4
2026-07-24 06:17:00,21.7,71.4
2026-07-24 06:18:00,21.7,71.23333333333333
2026-07-24 06:19:00,21.7,71.10000000000001
2026-07-24 06:20:00,21.7,71.03333333333333
2026-07-24 06:21:00,21.733333333333334,70.89999999999999
2026-07-24 06:22:00,21.7,70.8
2026-07-24 06:23:00,21.733333333333334,70.76666666666667
2026-07-24 06:24:00,21.7,70.6
2026-07-24 06:25:00,21.7,70.56666666666666
2026-07-24 06:26:00,21.7,70.43333333333334
2026-07-24 06:27:00,21.7,70.43333333333334
2026-07-24 06:28:00,21.733333333333334,70.36666666666667
2026-07-24 06:29:00,21.766666666666666,70.2
2026-07-24 06:30:00,21.7,70.13333333333334
2026-07-24 06:31:00,21.733333333333334,69.8
2026-07-24 06:32:00,21.766666666666666,69.63333333333333
2026-07-24 06:33:00,21.766666666666666,69.43333333333334
2026-07-24 06:34:00,21.8,69.26666666666667
2026-07-24 06:35:00,21.8,69.10000000000001
2026-07-24 06:36:00,21.8,68.86666666666667
2026-07-24 06:37:00,21.866666666666664,68.73333333333333
2026-07-24 06:38:00,21.899999999999995,68.5
2026-07-24 06:39:00,21.899999999999995,68.36666666666667
2026-07-24 06:40:00,21.8,68.26666666666667
2026-07-24 06:41:00,21.833333333333332,68.33333333333333
2026-07-24 06:42:00,21.899999999999995,68.26666666666667
2026-07-24 06:43:00,21.899999999999995,68.26666666666667
2026-07-24 06:44:00,21.899999999999995,68.10000000000001
2026-07-24 06:45:00,21.899999999999995,68.0
2026-07-24 06:46:00,21.899999999999995,67.93333333333334
2026-07-24 06:47:00,21.866666666666664,67.9
2026-07-24 06:48:00,21.899999999999995,67.9
2026-07-24 06:49:00,21.899999999999995,67.86666666666667
2026-07-24 06:50:00,21.899999999999995,67.73333333333333
2026-07-24 06:51:00,21.899999999999995,67.8
2026-07-24 06:52:00,21.96666666666667,67.76666666666667
2026-07-24 06:53:00,21.933333333333334,67.73333333333333
2026-07-24 06:54:00,21.933333333333334,67.7
2026-07-24 06:55:00,22.0,67.83333333333333
2026-07-24 06:56:00,22.0,67.63333333333333
2026-07-24 06:57:00,21.933333333333334,67.56666666666666
2026-07-24 06:58:00,21.899999999999995,67.4
2026-07-24 06:59:00,21.899999999999995,67.5
2026-07-24 07:00:00,21.96666666666667,67.56666666666666
2026-07-24 07:01:00,22.0,67.5
2026-07-24 07:02:00,22.0,67.36666666666667
2026-07-24 07:03:00,22.0,67.4
2026-07-24 07:04:00,22.0,67.36666666666667
2026-07-24 07:05:00,22.0,67.3
2026-07-24 07:06:00,22.0,67.33333333333333
2026-07-24 07:07:00,22.0,67.3
2026-07-24 07:08:00,22.0,67.39999999999999
2026-07-24 07:09:00,22.0,67.46666666666667
2026-07-24 07:10:00,22.066666666666666,67.5
2026-07-24 07:11:00,22.100000000000005,67.56666666666666
2026-07-24 07:12:00,22.100000000000005,67.66666666666667
2026-07-24 07:13:00,22.100000000000005,67.7
2026-07-24 07:14:00,22.166666666666668,67.7
2026-07-24 07:15:00,22.133333333333336,67.73333333333333
2026-07-24 07:16:00,22.100000000000005,67.8
2026-07-24 07:17:00,22.133333333333336,67.8
2026-07-24 07:18:00,22.2,67.86666666666667
2026-07-24 07:19:00,22.2,67.9
2026-07-24 07:20:00,22.2,67.9
2026-07-24 07:21:00,22.2,67.9
2026-07-24 07:22:00,22.2,67.93333333333334
2026-07-24 07:23:00,22.2,68.0
2026-07-24 07:24:00,22.2,67.96666666666667
2026-07-24 07:25:00,22.2,68.0
2026-07-24 07:26:00,22.2,68.03333333333333
2026-07-24 07:27:00,22.2,68.06666666666666
2026-07-24 07:28:00,22.2,68.16666666666667
2026-07-24 07:29:00,22.233333333333334,68.2
2026-07-24 07:30:00,22.3,68.16666666666667
2026-07-24 07:31:00,22.3,68.2
2026-07-24 07:32:00,22.3,68.1
2026-07-24 07:33:00,22.3,68.1
2026-07-24 07:34:00,22.3,68.1
2026-07-24 07:35:00,22.3,68.13333333333333
2026-07-24 07:36:00,22.3,68.23333333333333
2026-07-24 07:37:00,22.366666666666664,68.13333333333333
2026-07-24 07:38:00,22.333333333333332,67.83333333333333
2026-07-24 07:39:00,22.3,67.63333333333333
2026-07-24 07:40:00,22.3,67.63333333333333
2026-07-24 07:41:00,22.366666666666664,67.63333333333333
2026-07-24 07:42:00,22.399999999999995,67.6
2026-07-24 07:43:00,22.399999999999995,67.66666666666667
2026-07-24 07:44:00,22.399999999999995,67.76666666666667
2026-07-24 07:45:00,22.399999999999995,67.8
2026-07-24 07:46:00,22.399999999999995,67.8
2026-07-24 07:47:00,22.5,67.8
2026-07-24 07:48:00,22.5,67.83333333333333
2026-07-24 07:49:00,22.5,67.7
2026-07-24 07:50:00,22.566666666666666,67.5
2026-07-24 07:51:00,22.566666666666666,67.3
2026-07-24 07:52:00,22.566666666666666,67.1
2026-07-24 07:53:00,22.600000000000005,67.03333333333333
2026-07-24 07:54:00,22.600000000000005,66.86666666666667
2026-07-24 07:55:00,22.566666666666666,66.66666666666667
2026-07-24 07:56:00,22.5,66.63333333333333
2026-07-24 07:57:00,22.53333333333333,66.5
2026-07-24 07:58:00,22.53333333333333,66.26666666666667
2026-07-24 07:59:00,22.600000000000005,66.3
2026-07-24 08:00:00,22.600000000000005,66.13333333333333
2026-07-24 08:01:00,22.600000000000005,66.03333333333333
2026-07-24 08:02:00,22.600000000000005,66.0
2026-07-24 08:03:00,22.600000000000005,66.0
2026-07-24 08:04:00,22.600000000000005,65.9
2026-07-24 08:05:00,22.600000000000005,65.9
2026-07-24 08:06:00,22.600000000000005,65.9
2026-07-24 08:07:00,22.600000000000005,65.83333333333333
2026-07-24 08:08:00,22.600000000000005,65.60000000000001
2026-07-24 08:09:00,22.600000000000005,65.33333333333333
2026-07-24 08:10:00,22.600000000000005,65.36666666666667
2026-07-24 08:11:00,22.633333333333336,65.0
2026-07-24 08:12:00,22.600000000000005,64.76666666666667
2026-07-24 08:13:00,22.633333333333336,64.53333333333333
2026-07-24 08:14:00,22.7,64.6
2026-07-24 08:15:00,22.733333333333334,64.63333333333333
2026-07-24 08:16:00,22.8,64.63333333333333
2026-07-24 08:17:00,22.8,64.76666666666667
2026-07-24 08:18:00,22.8,64.86666666666667
2026-07-24 08:19:00,22.899999999999995,65.0
2026-07-24 08:20:00,22.833333333333332,65.0
2026-07-24 08:21:00,22.866666666666664,64.8
2026-07-24 08:22:00,22.833333333333332,64.76666666666667
2026-07-24 08:23:00,22.899999999999995,64.7
2026-07-24 08:24:00,22.899999999999995,64.5
2026-07-24 08:25:00,22.899999999999995,64.10000000000001
2026-07-24 08:26:00,22.899999999999995,63.36666666666667
2026-07-24 08:27:00,22.899999999999995,63.06666666666666
2026-07-24 08:28:00,22.899999999999995,63.03333333333333
2026-07-24 08:29:00,22.899999999999995,63.0
2026-07-24 08:30:00,22.899999999999995,63.1
2026-07-24 08:31:00,22.96666666666667,63.26666666666667
2026-07-24 08:32:00,23.0,63.5
2026-07-24 08:33:00,23.066666666666666,63.56666666666666
2026-07-24 08:34:00,23.066666666666666,63.5
2026-07-24 08:35:00,23.0,63.43333333333334
2026-07-24 08:36:00,23.066666666666666,63.36666666666667
2026-07-24 08:37:00,23.066666666666666,63.13333333333333
2026-07-24 08:38:00,23.0,63.1
2026-07-24 08:39:00,23.0,62.9
2026-07-24 08:40:00,23.0,62.79999999999999
2026-07-24 08:41:00,23.0,62.833333333333336
2026-07-24 08:42:00,23.0,62.9
2026-07-24 08:43:00,23.0,62.86666666666667
2026-07-24 08:44:00,23.0,62.43333333333334
2026-07-24 08:45:00,23.100000000000005,62.36666666666667
2026-07-24 08:46:00,23.2,62.199999999999996
2026-07-24 08:47:00,23.2,61.86666666666667
2026-07-24 08:48:00,23.2,61.70000000000001
2026-07-24 08:49:00,23.2,61.666666666666664
2026-07-24 08:50:00,23.2,61.86666666666667
2026-07-24 08:51:00,23.2,62.06666666666666
2026-07-24 08:52:00,23.2,62.300000000000004
2026-07-24 08:53:00,23.2,62.43333333333334
2026-07-24 08:54:00,23.266666666666666,62.300000000000004
2026-07-24 08:55:00,23.333333333333332,62.06666666666666
2026-07-24 08:56:00,23.399999999999995,61.56666666666666
2026-07-24 08:57:00,23.399999999999995,61.1
2026-07-24 08:58:00,23.399999999999995,60.93333333333334
2026-07-24 08:59:00,23.399999999999995,61.1
2026-07-24 09:00:00,23.399999999999995,61.1
2026-07-24 09:01:00,23.399999999999995,61.1
2026-07-24 09:02:00,23.399999999999995,61.199999999999996
2026-07-24 09:03:00,23.46666666666667,61.166666666666664
2026-07-24 09:04:00,23.5,60.6
2026-07-24 09:05:00,23.600000000000005,60.0
2026-07-24 09:06:00,23.600000000000005,59.46666666666667
2026-07-24 09:07:00,23.600000000000005,59.166666666666664
2026-07-24 09:08:00,23.600000000000005,58.93333333333334
2026-07-24 09:09:00,23.600000000000005,58.73333333333333
2026-07-24 09:10:00,23.600000000000005,58.43333333333334
2026-07-24 09:11:00,23.600000000000005,57.833333333333336
2026-07-24 09:12:00,23.600000000000005,57.63333333333333
2026-07-24 09:13:00,23.600000000000005,57.93333333333334
2026-07-24 09:14:00,23.666666666666668,57.9
2026-07-24 09:15:00,23.666666666666668,58.0
2026-07-24 09:16:00,23.600000000000005,58.03333333333333
2026-07-24 09:17:00,23.600000000000005,58.13333333333333
2026-07-24 09:18:00,23.666666666666668,58.26666666666667
2026-07-24 09:19:00,23.7,58.43333333333334
2026-07-24 09:20:00,23.7,58.333333333333336
2026-07-24 09:21:00,23.733333333333334,58.29999999999999
2026-07-24 09:22:00,23.833333333333332,58.03333333333333
2026-07-24 09:23:00,23.96666666666667,57.699999999999996
2026-07-24 09:24:00,24.066666666666666,57.199999999999996
2026-07-24 09:25:00,24.133333333333336,56.9
2026-07-24 09:26:00,24.166666666666668,56.76666666666667
2026-07-24 09:27:00,24.100000000000005,56.63333333333333
2026-07-24 09:28:00,24.100000000000005,56.63333333333333
2026-07-24 09:29:00,24.100000000000005,56.56666666666666
2026-07-24 09:30:00,24.03333333333333,56.666666666666664
2026-07-24 09:31:00,24.100000000000005,56.53333333333333
2026-07-24 09:32:00,24.2,56.333333333333336
2026-07-24 09:33:00,24.100000000000005,56.333333333333336
2026-07-24 09:34:00,24.0,56.699999999999996
2026-07-24 09:35:00,24.066666666666666,57.03333333333333
2026-07-24 09:36:00,24.100000000000005,56.93333333333334
2026-07-24 09:37:00,24.2,56.833333333333336
2026-07-24 09:38:00,24.266666666666666,56.53333333333333
2026-07-24 09:39:00,24.366666666666664,56.199999999999996
2026-07-24 09:40:00,24.399999999999995,56.06666666666666
2026-07-24 09:41:00,24.433333333333334,56.0
2026-07-24 09:42:00,24.399999999999995,56.03333333333333
2026-07-24 09:43:00,24.46666666666667,56.0
2026-07-24 09:44:00,24.46666666666667,55.96666666666667
2026-07-24 09:45:00,24.399999999999995,56.06666666666666
2026-07-24 09:46:00,24.399999999999995,56.333333333333336
2026-07-24 09:47:00,24.399999999999995,56.29999999999999
2026-07-24 09:48:00,24.366666666666664,56.199999999999996
2026-07-24 09:49:00,24.366666666666664,56.23333333333333
2026-07-24 09:50:00,24.46666666666667,56.300000000000004
2026-07-24 09:51:00,24.5,55.96666666666667
2026-07-24 09:52:00,24.566666666666666,55.833333333333336
2026-07-24 09:53:00,24.733333333333334,55.13333333333333
2026-07-24 09:54:00,24.8,54.5
2026-07-24 09:55:00,24.8,54.13333333333333
2026-07-24 09:56:00,24.8,54.166666666666664
2026-07-24 09:57:00,24.7,54.4
2026-07-24 09:58:00,24.7,54.53333333333333
2026-07-24 09:59:00,24.7,54.9
2026-07-24 10:00:00,24.833333333333332,55.1
2026-07-24 10:01:00,24.899999999999995,54.833333333333336
2026-07-24 10:02:00,24.899999999999995,54.63333333333333
2026-07-24 10:03:00,24.866666666666664,54.666666666666664
2026-07-24 10:04:00,24.733333333333334,55.166666666666664
2026-07-24 10:05:00,24.7,55.333333333333336
2026-07-24 10:06:00,24.633333333333336,55.53333333333333
2026-07-24 10:07:00,24.600000000000005,55.833333333333336
2026-07-24 10:08:00,24.600000000000005,56.06666666666666
2026-07-24 10:09:00,24.8,55.166666666666664
2026-07-24 10:10:00,24.933333333333334,53.36666666666667
2026-07-24 10:11:00,25.100000000000005,51.76666666666667
2026-07-24 10:12:00,25.133333333333336,50.96666666666667
2026-07-24 10:13:00,25.100000000000005,50.79999999999999
2026-07-24 10:14:00,25.133333333333336,50.5
2026-07-24 10:15:00,25.2,50.36666666666667
2026-07-24 10:16:00,25.266666666666666,50.36666666666667
2026-07-24 10:17:00,25.3,50.333333333333336
2026-07-24 10:18:00,25.3,50.333333333333336
2026-07-24 10:19:00,25.333333333333332,50.26666666666667
2026-07-24 10:20:00,25.399999999999995,50.1
2026-07-24 10:21:00,25.333333333333332,50.333333333333336
2026-07-24 10:22:00,25.266666666666666,50.6
2026-07-24 10:23:00,25.2,50.73333333333333
2026-07-24 10:24:00,25.133333333333336,50.833333333333336
2026-07-24 10:25:00,25.100000000000005,50.93333333333334
2026-07-24 10:26:00,25.100000000000005,50.86666666666667
2026-07-24 10:27:00,25.133333333333336,51.166666666666664
2026-07-24 10:28:00,25.266666666666666,51.333333333333336
2026-07-24 10:29:00,25.366666666666664,51.0
2026-07-24 10:30:00,25.399999999999995,50.73333333333333
2026-07-24 10:31:00,25.399999999999995,50.699999999999996
2026-07-24 10:32:00,25.399999999999995,51.03333333333333
2026-07-24 10:33:00,25.5,51.03333333333333
2026-07-24 10:34:00,25.7,50.300000000000004
2026-07-24 10:35:00,25.8,49.5
2026-07-24 10:36:00,25.8,49.13333333333333
2026-07-24 10:37:00,25.8,49.300000000000004
2026-07-24 10:38:00,25.8,49.56666666666666
2026-07-24 10:39:00,25.8,50.199999999999996
2026-07-24 10:40:00,25.666666666666668,50.73333333333333
2026-07-24 10:41:00,25.46666666666667,51.199999999999996
2026-07-24 10:42:00,25.5,51.36666666666667
2026-07-24 10:43:00,25.5,50.0
2026-07-24 10:44:00,25.5,48.86666666666667
2026-07-24 10:45:00,25.5,48.76666666666667
2026-07-24 10:46:00,25.5,49.333333333333336
2026-07-24 10:47:00,25.399999999999995,49.56666666666666
2026-07-24 10:48:00,25.399999999999995,49.43333333333334
2026-07-24 10:49:00,25.333333333333332,49.800000000000004
2026-07-24 10:50:00,25.3,50.166666666666664
2026-07-24 10:51:00,25.3,50.833333333333336
2026-07-24 10:52:00,25.3,51.46666666666667
2026-07-24 10:53:00,25.3,51.86666666666667
2026-07-24 10:54:00,25.3,52.20000000000001
2026-07-24 10:55:00,25.333333333333332,52.166666666666664
2026-07-24 10:56:00,25.399999999999995,52.5
2026-07-24 10:57:00,25.366666666666664,52.93333333333334
2026-07-24 10:58:00,25.399999999999995,53.833333333333336
2026-07-24 10:59:00,25.433333333333334,54.63333333333333
2026-07-24 11:00:00,25.566666666666666,55.13333333333333
2026-07-24 11:01:00,25.6,55.3
2026-07-24 11:02:00,25.7,55.56666666666666
2026-07-24 11:03:00,25.7,55.63333333333333
2026-07-24 11:04:00,25.7,55.79999999999999
2026-07-24 11:05:00,25.7,55.9
2026-07-24 11:06:00,25.633333333333336,56.23333333333333
2026-07-24 11:07:00,25.566666666666666,56.46666666666667
2026-07-24 11:08:00,25.600000000000005,56.6
2026-07-24 11:09:00,25.53333333333333,56.4
2026-07-24 11:10:00,25.5,56.4
2026-07-24 11:11:00,25.5,56.29999999999999
2026-07-24 11:12:00,25.5,56.36666666666667
2026-07-24 11:13:00,25.53333333333333,56.53333333333333
2026-07-24 11:14:00,25.600000000000005,56.6
2026-07-24 11:15:00,25.600000000000005,56.76666666666667
2026-07-24 11:16:00,25.566666666666666,56.46666666666667
2026-07-24 11:17:00,25.5,56.166666666666664
2026-07-24 11:18:00,25.5,56.0
2026-07-24 11:19:00,25.5,56.13333333333333
2026-07-24 11:20:00,25.46666666666667,56.03333333333333
2026-07-24 11:21:00,25.566666666666666,55.96666666666667
2026-07-24 11:22:00,25.666666666666668,55.76666666666667
2026-07-24 11:23:00,25.733333333333334,55.46666666666667
2026-07-24 11:24:00,25.7,55.5
2026-07-24 11:25:00,25.666666666666668,55.833333333333336
2026-07-24 11:26:00,25.7,56.36666666666667
2026-07-24 11:27:00,25.8,56.23333333333333
2026-07-24 11:28:00,25.733333333333334,56.06666666666666
2026-07-24 11:29:00,25.7,55.699999999999996
2026-07-24 11:30:00,25.7,55.46666666666667
2026-07-24 11:31:00,25.766666666666666,55.333333333333336
2026-07-24 11:32:00,25.833333333333332,54.9
2026-07-24 11:33:00,25.899999999999995,54.13333333333333
2026-07-24 11:34:00,25.8,53.5
2026-07-24 11:35:00,25.8,53.03333333333333
2026-07-24 11:36:00,25.7,52.9
2026-07-24 11:37:00,25.733333333333334,53.199999999999996
2026-07-24 11:38:00,25.7,53.4
2026-07-24 11:39:00,25.7,53.5
2026-07-24 11:40:00,25.766666666666666,53.666666666666664
2026-07-24 11:41:00,25.8,53.800000000000004
2026-07-24 11:42:00,25.8,53.93333333333334
2026-07-24 11:43:00,25.8,54.1
2026-07-24 11:44:00,25.8,54.46666666666667
2026-07-24 11:45:00,25.8,54.9
2026-07-24 11:46:00,25.8,55.26666666666667
2026-07-24 11:47:00,25.866666666666664,55.46666666666667
2026-07-24 11:48:00,25.899999999999995,55.26666666666667
2026-07-24 11:49:00,25.833333333333332,55.20000000000001
2026-07-24 11:50:00,25.8,54.833333333333336
2026-07-24 11:51:00,25.7,54.199999999999996
2026-07-24 11:52:00,25.7,53.53333333333333
2026-07-24 11:53:00,25.833333333333332,53.43333333333334
2026-07-24 11:54:00,25.933333333333334,53.46666666666667
2026-07-24 11:55:00,26.0,53.63333333333333
2026-07-24 11:56:00,26.066666666666666,53.833333333333336
2026-07-24 11:57:00,26.100000000000005,54.0
2026-07-24 11:58:00,26.133333333333336,54.36666666666667
2026-07-24 11:59:00,26.2,54.03333333333333
2026-07-24 12:00:00,26.133333333333336,53.13333333333333
2026-07-24 12:01:00,26.100000000000005,52.93333333333334
2026-07-24 12:02:00,26.133333333333336,52.79999999999999
2026-07-24 12:03:00,26.166666666666668,52.9
2026-07-24 12:04:00,26.100000000000005,53.0
2026-07-24 12:05:00,26.100000000000005,52.96666666666667
2026-07-24 12:06:00,26.0,53.06666666666666
2026-07-24 12:07:00,26.0,53.56666666666666
2026-07-24 12:08:00,26.0,53.800000000000004
2026-07-24 12:09:00,26.03333333333333,53.5
2026-07-24 12:10:00,26.100000000000005,53.4
2026-07-24 12:11:00,26.100000000000005,53.56666666666666
2026-07-24 12:12:00,26.03333333333333,53.699999999999996
2026-07-24 12:13:00,26.100000000000005,53.63333333333333
2026-07-24 12:14:00,26.2,53.9
2026-07-24 12:15:00,26.2,54.5
2026-07-24 12:16:00,26.266666666666666,54.56666666666666
2026-07-24 12:17:00,26.3,54.13333333333333
2026-07-24 12:18:00,26.3,53.93333333333334
2026-07-24 12:19:00,26.2,54.23333333333333
2026-07-24 12:20:00,26.333333333333332,54.43333333333334
2026-07-24 12:21:00,26.433333333333334,54.73333333333333
2026-07-24 12:22:00,26.5,54.93333333333334
2026-07-24 12:23:00,26.5,54.93333333333334
2026-07-24 12:24:00,26.5,54.4
2026-07-24 12:25:00,26.399999999999995,53.76666666666667
2026-07-24 12:26:00,26.399999999999995,53.333333333333336
2026-07-24 12:27:00,26.399999999999995,53.36666666666667
2026-07-24 12:28:00,26.46666666666667,53.800000000000004
2026-07-24 12:29:00,26.5,54.1
2026-07-24 12:30:00,26.566666666666666,54.46666666666667
2026-07-24 12:31:00,26.566666666666666,54.63333333333333
2026-07-24 12:32:00,26.5,54.666666666666664
2026-07-24 12:33:00,26.399999999999995,54.56666666666666
2026-07-24 12:34:00,26.399999999999995,54.76666666666667
2026-07-24 12:35:00,26.46666666666667,55.1
2026-07-24 12:36:00,26.5,55.1
2026-07-24 12:37:00,26.53333333333333,55.199999999999996
2026-07-24 12:38:00,26.5,55.5
2026-07-24 12:39:00,26.7,55.666666666666664
2026-07-24 12:40:00,27.0,55.53333333333333
2026-07-24 12:41:00,27.2,55.06666666666666
2026-07-24 12:42:00,27.366666666666664,54.6
2026-07-24 12:43:00,27.399999999999995,54.333333333333336
2026-07-24 12:44:00,27.399999999999995,54.43333333333334
2026-07-24 12:45:00,27.233333333333334,54.73333333333333
2026-07-24 12:46:00,27.100000000000005,55.13333333333333
2026-07-24 12:47:00,27.0,55.300000000000004
2026-07-24 12:48:00,26.899999999999995,55.6
2026-07-24 12:49:00,26.833333333333332,55.76666666666667
2026-07-24 12:50:00,26.7,56.1
2026-07-24 12:51:00,26.733333333333334,56.23333333333333
2026-07-24 12:52:00,26.8,55.73333333333333
2026-07-24 12:53:00,26.8,55.0
2026-07-24 12:54:00,26.8,54.70000000000001
2026-07-24 12:55:00,26.766666666666666,54.96666666666667
2026-07-24 12:56:00,26.7,55.300000000000004
2026-07-24 12:57:00,26.7,55.70000000000001
2026-07-24 12:58:00,26.7,55.800000000000004
2026-07-24 12:59:00,26.666666666666668,55.79999999999999
2026-07-24 13:00:00,26.633333333333336,55.833333333333336
2026-07-24 13:01:00,26.566666666666666,55.96666666666667
2026-07-24 13:02:00,26.5,56.166666666666664
2026-07-24 13:03:00,26.5,56.333333333333336
2026-07-24 13:04:00,26.46666666666667,56.699999999999996
2026-07-24 13:05:00,26.600000000000005,56.73333333333333
2026-07-24 13:06:00,26.600000000000005,56.63333333333333
2026-07-24 13:07:00,26.5,56.76666666666667
2026-07-24 13:08:00,26.5,57.06666666666666
2026-07-24 13:09:00,26.46666666666667,57.20000000000001
2026-07-24 13:10:00,26.399999999999995,57.333333333333336
2026-07-24 13:11:00,26.399999999999995,57.20000000000001
2026-07-24 13:12:00,26.399999999999995,57.20000000000001
2026-07-24 13:13:00,26.46666666666667,57.06666666666666
2026-07-24 13:14:00,26.5,56.93333333333334
2026-07-24 13:15:00,26.5,56.96666666666667
2026-07-24 13:16:00,26.5,57.06666666666666
2026-07-24 13:17:00,26.433333333333334,57.26666666666667
2026-07-24 13:18:00,26.333333333333332,57.5
2026-07-24 13:19:00,26.3,57.73333333333333
2026-07-24 13:20:00,26.3,57.9
2026-07-24 13:21:00,26.3,57.86666666666667
2026-07-24 13:22:00,26.333333333333332,57.76666666666667
2026-07-24 13:23:00,26.3,57.79999999999999
2026-07-24 13:24:00,26.2,57.9
2026-07-24 13:25:00,26.2,58.06666666666666
2026-07-24 13:26:00,26.3,57.9
2026-07-24 13:27:00,26.399999999999995,57.86666666666667
2026-07-24 13:28:00,26.399999999999995,57.79999999999999
2026-07-24 13:29:00,26.399999999999995,57.833333333333336
2026-07-24 13:30:00,26.399999999999995,57.9
2026-07-24 13:31:00,26.399999999999995,57.9
2026-07-24 13:32:00,26.333333333333332,57.86666666666667
2026-07-24 13:33:00,26.3,57.73333333333333
2026-07-24 13:34:00,26.3,57.63333333333333
2026-07-24 13:35:00,26.233333333333334,57.70000000000001
2026-07-24 13:36:00,26.233333333333334,57.73333333333333
2026-07-24 13:37:00,26.2,57.76666666666667
2026-07-24 13:38:00,26.166666666666668,57.666666666666664
2026-07-24 13:39:00,26.100000000000005,57.699999999999996
2026-07-24 13:40:00,26.03333333333333,58.0
2026-07-24 13:41:00,26.066666666666666,58.23333333333333
2026-07-24 13:42:00,26.133333333333336,58.46666666666667
2026-07-24 13:43:00,26.166666666666668,58.63333333333333
2026-07-24 13:44:00,26.2,58.73333333333333
2026-07-24 13:45:00,26.2,58.96666666666667
2026-07-24 13:46:00,26.2,59.166666666666664
2026-07-24 13:47:00,26.2,59.36666666666667
2026-07-24 13:48:00,26.2,59.333333333333336
2026-07-24 13:49:00,26.3,59.166666666666664
2026-07-24 13:50:00,26.3,59.0
2026-07-24 13:51:00,26.3,58.833333333333336
2026-07-24 13:52:00,26.3,58.86666666666667
2026-07-24 13:53:00,26.3,59.0
2026-07-24 13:54:00,26.3,59.13333333333333
2026-07-24 13:55:00,26.3,59.20000000000001
2026-07-24 13:56:00,26.3,59.13333333333333
2026-07-24 13:57:00,26.3,59.1
2026-07-24 13:58:00,26.3,59.20000000000001
2026-07-24 13:59:00,26.3,59.20000000000001
2026-07-24 14:00:00,26.3,59.0
2026-07-24 14:01:00,26.3,58.86666666666667
2026-07-24 14:02:00,26.233333333333334,58.96666666666667
2026-07-24 14:03:00,26.2,59.1
2026-07-24 14:04:00,26.2,59.1
2026-07-24 14:05:00,26.2,59.03333333333333
2026-07-24 14:06:00,26.2,58.86666666666667
2026-07-24 14:07:00,26.100000000000005,58.833333333333336
2026-07-24 14:08:00,26.100000000000005,58.800000000000004
2026-07-24 14:09:00,26.100000000000005,58.800000000000004
2026-07-24 14:10:00,26.0,58.79999999999999
2026-07-24 14:11:00,26.0,58.833333333333336
2026-07-24 14:12:00,26.0,58.76666666666667
2026-07-24 14:13:00,26.0,58.699999999999996
2026-07-24 14:14:00,26.0,58.46666666666667
2026-07-24 14:15:00,26.100000000000005,58.13333333333333
2026-07-24 14:16:00,26.100000000000005,57.833333333333336
2026-07-24 14:17:00,26.100000000000005,57.5
2026-07-24 14:18:00,26.100000000000005,57.43333333333334
2026-07-24 14:19:00,26.100000000000005,57.43333333333334
2026-07-24 14:20:00,26.133333333333336,57.43333333333334
2026-07-24 14:21:00,26.100000000000005,57.36666666666667
2026-07-24 14:22:00,26.166666666666668,57.166666666666664
2026-07-24 14:23:00,26.266666666666666,56.93333333333334
2026-07-24 14:24:00,26.266666666666666,56.6
2026-07-24 14:25:00,26.3,56.36666666666667
2026-07-24 14:26:00,26.233333333333334,56.300000000000004
2026-07-24 14:27:00,26.2,56.166666666666664
2026-07-24 14:28:00,26.3,55.800000000000004
2026-07-24 14:29:00,26.3,55.4
2026-07-24 14:30:00,26.366666666666664,55.26666666666667
2026-07-24 14:31:00,26.366666666666664,54.96666666666667
2026-07-24 14:32:00,26.3,54.833333333333336
2026-07-24 14:33:00,26.2,55.03333333333333
2026-07-24 14:34:00,26.2,55.166666666666664
2026-07-24 14:35:00,26.166666666666668,55.36666666666667
2026-07-24 14:36:00,26.133333333333336,55.63333333333333
2026-07-24 14:37:00,26.2,55.86666666666667
2026-07-24 14:38:00,26.2,56.13333333333333
2026-07-24 14:39:00,26.2,56.5
2026-07-24 14:40:00,26.3,56.833333333333336
2026-07-24 14:41:00,26.3,57.0
2026-07-24 14:42:00,26.3,57.166666666666664
2026-07-24 14:43:00,26.3,57.36666666666667
2026-07-24 14:44:00,26.3,57.46666666666667
2026-07-24 14:45:00,26.3,57.666666666666664
2026-07-24 14:46:00,26.266666666666666,57.86666666666667
2026-07-24 14:47:00,26.3,57.9
2026-07-24 14:48:00,26.3,58.0
2026-07-24 14:49:00,26.3,58.06666666666666
2026-07-24 14:50:00,26.2,58.26666666666667
2026-07-24 14:51:00,26.2,58.4
2026-07-24 14:52:00,26.2,58.5
2026-07-24 14:53:00,26.2,58.5
2026-07-24 14:54:00,26.2,58.5
2026-07-24 14:55:00,26.2,58.5
2026-07-24 14:56:00,26.2,58.5
2026-07-24 14:57:00,26.2,58.63333333333333
2026-07-24 14:58:00,26.2,58.6
2026-07-24 14:59:00,26.166666666666668,58.666666666666664
2026-07-24 15:00:00,26.2,58.73333333333333
2026-07-24 15:01:00,26.2,58.63333333333333
2026-07-24 15:02:00,26.233333333333334,58.333333333333336
2026-07-24 15:03:00,26.2,58.13333333333333
2026-07-24 15:04:00,26.2,58.06666666666666
2026-07-24 15:05:00,26.100000000000005,58.23333333333333
2026-07-24 15:06:00,26.100000000000005,58.29999999999999
2026-07-24 15:07:00,26.100000000000005,58.333333333333336
2026-07-24 15:08:00,26.100000000000005,58.56666666666666
2026-07-24 15:09:00,26.100000000000005,58.666666666666664
2026-07-24 15:10:00,26.066666666666666,58.5
2026-07-24 15:11:00,26.100000000000005,58.23333333333333
2026-07-24 15:12:00,26.066666666666666,58.06666666666666
2026-07-24 15:13:00,26.0,57.96666666666667
2026-07-24 15:14:00,26.100000000000005,57.9
2026-07-24 15:15:00,26.066666666666666,57.93333333333334
2026-07-24 15:16:00,26.03333333333333,57.9
2026-07-24 15:17:00,26.03333333333333,57.9
2026-07-24 15:18:00,26.03333333333333,58.0
2026-07-24 15:19:00,26.0,58.06666666666666
2026-07-24 15:20:00,26.0,58.20000000000001
2026-07-24 15:21:00,26.0,58.26666666666667
2026-07-24 15:22:00,25.933333333333334,58.4
2026-07-24 15:23:00,25.899999999999995,58.53333333333333
2026-07-24 15:24:00,25.899999999999995,58.63333333333333
2026-07-24 15:25:00,25.899999999999995,58.6
2026-07-24 15:26:00,25.833333333333332,58.56666666666666
2026-07-24 15:27:00,25.8,58.56666666666666
2026-07-24 15:28:00,25.8,58.56666666666666
2026-07-24 15:29:00,25.7,58.70000000000001
2026-07-24 15:30:00,25.7,58.56666666666666
2026-07-24 15:31:00,25.733333333333334,58.13333333333333
2026-07-24 15:32:00,25.7,57.699999999999996
2026-07-24 15:33:00,25.8,57.4
2026-07-24 15:34:00,25.8,57.333333333333336
2026-07-24 15:35:00,25.8,57.20000000000001
2026-07-24 15:36:00,25.8,57.166666666666664
2026-07-24 15:37:00,25.733333333333334,57.23333333333333
2026-07-24 15:38:00,25.7,57.23333333333333
2026-07-24 15:39:00,25.7,57.13333333333333
2026-07-24 15:40:00,25.7,57.13333333333333
2026-07-24 15:41:00,25.7,57.199999999999996
2026-07-24 15:42:00,25.7,57.26666666666667
2026-07-24 15:43:00,25.7,57.20000000000001
2026-07-24 15:44:00,25.7,57.166666666666664
2026-07-24 15:45:00,25.7,57.333333333333336
2026-07-24 15:46:00,25.633333333333336,57.43333333333334
2026-07-24 15:47:00,25.7,57.199999999999996
2026-07-24 15:48:00,25.7,56.93333333333334
2026-07-24 15:49:00,25.7,56.6
2026-07-24 15:50:00,25.7,56.53333333333333
2026-07-24 15:51:00,25.7,56.53333333333333
2026-07-24 15:52:00,25.7,56.4
2026-07-24 15:53:00,25.7,56.36666666666667
2026-07-24 15:54:00,25.7,56.666666666666664
2026-07-24 15:55:00,25.600000000000005,56.93333333333334
2026-07-24 15:56:00,25.600000000000005,56.86666666666667
2026-07-24 15:57:00,25.600000000000005,56.79999999999999
2026-07-24 15:58:00,25.633333333333336,56.833333333333336
2026-07-24 15:59:00,25.666666666666668,56.833333333333336
2026-07-24 16:00:00,25.7,56.86666666666667
2026-07-24 16:01:00,25.7,56.86666666666667
2026-07-24 16:02:00,25.7,56.93333333333334
2026-07-24 16:03:00,25.7,56.93333333333334
2026-07-24 16:04:00,25.7,57.06666666666666
2026-07-24 16:05:00,25.600000000000005,57.13333333333333
2026-07-24 16:06:00,25.600000000000005,57.4
2026-07-24 16:07:00,25.600000000000005,57.46666666666667
2026-07-24 16:08:00,25.5,57.6
2026-07-24 16:09:00,25.5,57.73333333333333
2026-07-24 16:10:00,25.5,57.76666666666667
2026-07-24 16:11:00,25.5,57.800000000000004
2026-07-24 16:12:00,25.5,58.03333333333333
2026-07-24 16:13:00,25.46666666666667,58.29999999999999
2026-07-24 16:14:00,25.5,58.4
2026-07-24 16:15:00,25.5,58.46666666666667
2026-07-24 16:16:00,25.5,58.43333333333334
2026-07-24 16:17:00,25.5,58.53333333333333
2026-07-24 16:18:00,25.5,58.56666666666666
2026-07-24 16:19:00,25.5,58.6
2026-07-24 16:20:00,25.53333333333333,58.56666666666666
2026-07-24 16:21:00,25.53333333333333,58.5
2026-07-24 16:22:00,25.5,58.46666666666667
2026-07-24 16:23:00,25.5,58.5
2026-07-24 16:24:00,25.5,58.63333333333333
2026-07-24 16:25:00,25.5,58.6
2026-07-24 16:26:00,25.566666666666666,58.5
2026-07-24 16:27:00,25.53333333333333,58.4
2026-07-24 16:28:00,25.53333333333333,58.53333333333333
2026-07-24 16:29:00,25.5,58.666666666666664
2026-07-24 16:30:00,25.5,58.86666666666667
2026-07-24 16:31:00,25.433333333333334,59.166666666666664
2026-07-24 16:32:00,25.399999999999995,59.4
2026-07-24 16:33:00,25.399999999999995,59.63333333333333
2026-07-24 16:34:00,25.399999999999995,59.833333333333336
2026-07-24 16:35:00,25.333333333333332,59.96666666666667
2026-07-24 16:36:00,25.3,60.1
2026-07-24 16:37:00,25.333333333333332,60.26666666666667
2026-07-24 16:38:00,25.3,60.36666666666667
2026-07-24 16:39:00,25.3,60.56666666666666
2026-07-24 16:40:00,25.3,60.666666666666664
2026-07-24 16:41:00,25.3,60.79999999999999
2026-07-24 16:42:00,25.3,60.9
2026-07-24 16:43:00,25.3,60.9
2026-07-24 16:44:00,25.3,60.9
2026-07-24 16:45:00,25.3,60.96666666666667
2026-07-24 16:46:00,25.2,61.0
2026-07-24 16:47:00,25.2,61.166666666666664
2026-07-24 16:48:00,25.2,61.166666666666664
2026-07-24 16:49:00,25.2,61.20000000000001
2026-07-24 16:50:00,25.2,61.166666666666664
2026-07-24 16:51:00,25.2,61.1
2026-07-24 16:52:00,25.100000000000005,60.93333333333334
2026-07-24 16:53:00,25.100000000000005,60.9
2026-07-24 16:54:00,25.066666666666666,60.93333333333334
2026-07-24 16:55:00,24.933333333333334,61.03333333333333
2026-07-24 16:56:00,24.833333333333332,61.23333333333333
2026-07-24 16:57:00,24.8,61.4
2026-07-24 16:58:00,24.7,61.6
2026-07-24 16:59:00,24.7,61.76666666666667
2026-07-24 17:00:00,24.7,61.833333333333336
2026-07-24 17:01:00,24.7,61.833333333333336
2026-07-24 17:02:00,24.600000000000005,61.9
2026-07-24 17:03:00,24.600000000000005,62.0
2026-07-24 17:04:00,24.600000000000005,62.06666666666666
2026-07-24 17:05:00,24.600000000000005,62.13333333333333
2026-07-24 17:06:00,24.600000000000005,62.23333333333333
2026-07-24 17:07:00,24.600000000000005,62.333333333333336
2026-07-24 17:08:00,24.53333333333333,62.36666666666667
2026-07-24 17:09:00,24.5,62.46666666666667
2026-07-24 17:10:00,24.5,62.53333333333333
2026-07-24 17:11:00,24.5,62.56666666666666
2026-07-24 17:12:00,24.5,62.56666666666666
2026-07-24 17:13:00,24.600000000000005,62.5
2026-07-24 17:14:00,24.600000000000005,62.333333333333336
2026-07-24 17:15:00,24.600000000000005,62.26666666666667
2026-07-24 17:16:00,24.7,62.13333333333333
2026-07-24 17:17:00,24.7,62.0
2026-07-24 17:18:00,24.7,62.0
2026-07-24 17:19:00,24.7,62.03333333333333
2026-07-24 17:20:00,24.7,62.06666666666666
2026-07-24 17:21:00,24.7,62.03333333333333
2026-07-24 17:22:00,24.666666666666668,62.06666666666666
2026-07-24 17:23:00,24.633333333333336,62.29999999999999
2026-07-24 17:24:00,24.600000000000005,62.29999999999999
2026-07-24 17:25:00,24.600000000000005,62.333333333333336
2026-07-24 17:26:00,24.600000000000005,62.333333333333336
2026-07-24 17:27:00,24.600000000000005,62.36666666666667
2026-07-24 17:28:00,24.53333333333333,62.5
2026-07-24 17:29:00,24.46666666666667,62.6
2026-07-24 17:30:00,24.433333333333334,62.86666666666667
2026-07-24 17:31:00,24.5,62.9
2026-07-24 17:32:00,24.5,62.833333333333336
2026-07-24 17:33:00,24.5,62.86666666666667
2026-07-24 17:34:00,24.566666666666666,62.833333333333336
2026-07-24 17:35:00,24.600000000000005,62.9
2026-07-24 17:36:00,24.600000000000005,62.9
2026-07-24 17:37:00,24.600000000000005,62.833333333333336
2026-07-24 17:38:00,24.600000000000005,62.86666666666667
2026-07-24 17:39:00,24.600000000000005,62.86666666666667
2026-07-24 17:40:00,24.566666666666666,62.9
2026-07-24 17:41:00,24.5,62.93333333333334
2026-07-24 17:42:00,24.5,63.166666666666664
2026-07-24 17:43:00,24.5,63.26666666666667
2026-07-24 17:44:00,24.5,63.0
2026-07-24 17:45:00,24.5,63.1
2026-07-24 17:46:00,24.5,63.0
2026-07-24 17:47:00,24.5,63.1
2026-07-24 17:48:00,24.5,63.36666666666667
2026-07-24 17:49:00,24.5,63.333333333333336
2026-07-24 17:50:00,24.5,63.333333333333336
2026-07-24 17:51:00,24.5,63.36666666666667
2026-07-24 17:52:00,24.5,63.5
2026-07-24 17:53:00,24.5,63.4
2026-07-24 17:54:00,24.5,63.5
2026-07-24 17:55:00,24.5,63.4
2026-07-24 17:56:00,24.5,63.43333333333334
2026-07-24 17:57:00,24.5,63.56666666666666
2026-07-24 17:58:00,24.5,63.56666666666666
2026-07-24 17:59:00,24.5,63.56666666666666
2026-07-24 18:00:00,24.5,63.36666666666667
2026-07-24 18:01:00,24.46666666666667,63.43333333333334
2026-07-24 18:02:00,24.46666666666667,63.46666666666667
2026-07-24 18:03:00,24.399999999999995,63.46666666666667
2026-07-24 18:04:00,24.399999999999995,63.56666666666666
2026-07-24 18:05:00,24.399999999999995,63.46666666666667
2026-07-24 18:06:00,24.399999999999995,63.333333333333336
2026-07-24 18:07:00,24.433333333333334,63.23333333333333
2026-07-24 18:08:00,24.433333333333334,63.1
2026-07-24 18:09:00,24.433333333333334,63.03333333333333
2026-07-24 18:10:00,24.399999999999995,63.13333333333333
2026-07-24 18:11:00,24.399999999999995,63.0
2026-07-24 18:12:00,24.399999999999995,63.03333333333333
2026-07-24 18:13:00,24.399999999999995,62.96666666666667
2026-07-24 18:14:00,24.366666666666664,62.86666666666667
2026-07-24 18:15:00,24.3,62.9
2026-07-24 18:16:00,24.3,62.86666666666667
2026-07-24 18:17:00,24.3,62.9
2026-07-24 18:18:00,24.3,62.833333333333336
2026-07-24 18:19:00,24.333333333333332,62.800000000000004
2026-07-24 18:20:00,24.3,62.833333333333336
2026-07-24 18:21:00,24.3,62.79999999999999
2026-07-24 18:22:00,24.3,62.699999999999996
2026-07-24 18:23:00,24.266666666666666,62.26666666666667
2026-07-24 18:24:00,24.2,62.36666666666667
2026-07-24 18:25:00,24.2,62.13333333333333
2026-07-24 18:26:00,24.133333333333336,62.03333333333333
2026-07-24 18:27:00,24.100000000000005,62.03333333333333
2026-07-24 18:28:00,24.100000000000005,62.13333333333333
2026-07-24 18:29:00,24.100000000000005,62.13333333333333
2026-07-24 18:30:00,24.100000000000005,62.13333333333333
2026-07-24 18:31:00,24.100000000000005,62.06666666666666
2026-07-24 18:32:00,24.100000000000005,61.76666666666667
2026-07-24 18:33:00,24.03333333333333,61.6
2026-07-24 18:34:00,24.066666666666666,61.73333333333333
2026-07-24 18:35:00,24.066666666666666,61.699999999999996
2026-07-24 18:36:00,24.0,61.56666666666666
2026-07-24 18:37:00,24.0,61.666666666666664
2026-07-24 18:38:00,24.0,61.53333333333333
2026-07-24 18:39:00,24.0,61.833333333333336
2026-07-24 18:40:00,24.100000000000005,61.63333333333333
2026-07-24 18:41:00,24.100000000000005,61.199999999999996
2026-07-24 18:42:00,24.066666666666666,61.1
2026-07-24 18:43:00,24.0,61.166666666666664
2026-07-24 18:44:00,23.96666666666667,61.300000000000004
2026-07-24 18:45:00,23.899999999999995,61.36666666666667
2026-07-24 18:46:00,23.899999999999995,61.26666666666667
2026-07-24 18:47:00,23.899999999999995,61.29999999999999
2026-07-24 18:48:00,23.866666666666664,61.4
2026-07-24 18:49:00,23.899999999999995,61.4
2026-07-24 18:50:00,23.8,61.4
2026-07-24 18:51:00,23.8,61.5
2026-07-24 18:52:00,23.8,61.4
2026-07-24 18:53:00,23.8,61.4
2026-07-24 18:54:00,23.8,61.46666666666667
2026-07-24 18:55:00,23.8,61.4
2026-07-24 18:56:00,23.8,61.43333333333334
2026-07-24 18:57:00,23.8,61.36666666666667
2026-07-24 18:58:00,23.8,61.43333333333334
2026-07-24 18:59:00,23.8,61.333333333333336
2026-07-24 19:00:00,23.8,61.29999999999999
2026-07-24 19:01:00,23.8,61.29999999999999
2026-07-24 19:02:00,23.8,61.29999999999999
2026-07-24 19:03:00,23.766666666666666,61.23333333333333
2026-07-24 19:04:00,23.733333333333334,61.20000000000001
2026-07-24 19:05:00,23.733333333333334,61.166666666666664
2026-07-24 19:06:00,23.7,61.1
2026-07-24 19:07:00,23.7,61.166666666666664
2026-07-24 19:08:00,23.7,61.20000000000001
2026-07-24 19:09:00,23.7,61.13333333333333
2026-07-24 19:10:00,23.7,61.1
2026-07-24 19:11:00,23.666666666666668,61.166666666666664
2026-07-24 19:12:00,23.633333333333336,61.29999999999999
2026-07-24 19:13:00,23.633333333333336,61.4
2026-07-24 19:14:00,23.7,61.4
2026-07-24 19:15:00,23.7,61.20000000000001
2026-07-24 19:16:00,23.633333333333336,61.166666666666664
2026-07-24 19:17:00,23.633333333333336,61.20000000000001
2026-07-24 19:18:00,23.7,61.26666666666667
2026-07-24 19:19:00,23.7,61.23333333333333
2026-07-24 19:20:00,23.666666666666668,61.26666666666667
2026-07-24 19:21:00,23.7,61.300000000000004
2026-07-24 19:22:00,23.633333333333336,61.23333333333333
2026-07-24 19:23:00,23.633333333333336,61.23333333333333
2026-07-24 19:24:00,23.600000000000005,61.1
2026-07-24 19:25:00,23.600000000000005,61.1
2026-07-24 19:26:00,23.600000000000005,61.1
2026-07-24 19:27:00,23.600000000000005,61.26666666666667
2026-07-24 19:28:00,23.600000000000005,61.26666666666667
2026-07-24 19:29:00,23.666666666666668,61.20000000000001
2026-07-24 19:30:00,23.7,61.1
2026-07-24 19:31:00,23.666666666666668,60.96666666666667
2026-07-24 19:32:00,23.600000000000005,60.86666666666667
2026-07-24 19:33:00,23.600000000000005,60.9
2026-07-24 19:34:00,23.600000000000005,60.93333333333334
2026-07-24 19:35:00,23.600000000000005,61.03333333333333
2026-07-24 19:36:00,23.633333333333336,61.03333333333333
2026-07-24 19:37:00,23.7,60.93333333333334
2026-07-24 19:38:00,23.7,60.93333333333334
2026-07-24 19:39:00,23.7,60.9
2026-07-24 19:40:00,23.7,60.96666666666667
2026-07-24 19:41:00,23.7,60.96666666666667
2026-07-24 19:42:00,23.7,61.03333333333333
2026-07-24 19:43:00,23.7,60.93333333333334
2026-07-24 19:44:00,23.733333333333334,60.833333333333336
2026-07-24 19:45:00,23.7,60.833333333333336
2026-07-24 19:46:00,23.7,60.833333333333336
2026-07-24 19:47:00,23.7,60.76666666666667
2026-07-24 19:48:00,23.7,60.79999999999999
2026-07-24 19:49:00,23.7,60.76666666666667
2026-07-24 19:50:00,23.7,60.699999999999996
2026-07-24 19:51:00,23.7,60.833333333333336
2026-07-24 19:52:00,23.7,60.93333333333334
2026-07-24 19:53:00,23.7,60.833333333333336
2026-07-24 19:54:00,23.7,60.79999999999999
2026-07-24 19:55:00,23.7,60.79999999999999
2026-07-24 19:56:00,23.7,60.70000000000001
2026-07-24 19:57:00,23.7,60.76666666666667
2026-07-24 19:58:00,23.7,60.5
2026-07-24 19:59:00,23.7,60.4
2026-07-24 20:00:00,23.666666666666668,60.5
2026-07-24 20:01:00,23.7,60.300000000000004
2026-07-24 20:02:00,23.7,60.4
2026-07-24 20:03:00,23.7,60.36666666666667
2026-07-24 20:04:00,23.7,60.1
2026-07-24 20:05:00,23.666666666666668,59.9
2026-07-24 20:06:00,23.600000000000005,60.03333333333333
2026-07-24 20:07:00,23.600000000000005,59.5
2026-07-24 20:08:00,23.600000000000005,59.300000000000004
2026-07-24 20:09:00,23.600000000000005,59.43333333333334
2026-07-24 20:10:00,23.600000000000005,59.29999999999999
2026-07-24 20:11:00,23.600000000000005,59.333333333333336
2026-07-24 20:12:00,23.53333333333333,59.06666666666666
2026-07-24 20:13:00,23.5,58.833333333333336
2026-07-24 20:14:00,23.5,58.6
2026-07-24 20:15:00,23.5,58.6
2026-07-24 20:16:00,23.5,58.93333333333334
2026-07-24 20:17:00,23.5,58.93333333333334
2026-07-24 20:18:00,23.5,58.7
2026-07-24 20:19:00,23.5,58.36666666666667
2026-07-24 20:20:00,23.5,58.63333333333333
2026-07-24 20:21:00,23.5,58.46666666666667
2026-07-24 20:22:00,23.5,58.333333333333336
2026-07-24 20:23:00,23.46666666666667,58.23333333333333
2026-07-24 20:24:00,23.46666666666667,58.166666666666664
2026-07-24 20:25:00,23.399999999999995,58.13333333333333
2026-07-24 20:26:00,23.399999999999995,58.1
2026-07-24 20:27:00,23.399999999999995,58.0
2026-07-24 20:28:00,23.399999999999995,57.96666666666667
2026-07-24 20:29:00,23.366666666666664,57.9
2026-07-24 20:30:00,23.399999999999995,58.0
2026-07-24 20:31:00,23.399999999999995,58.0
2026-07-24 20:32:00,23.366666666666664,58.06666666666666
2026-07-24 20:33:00,23.399999999999995,58.166666666666664
2026-07-24 20:34:00,23.399999999999995,58.166666666666664
2026-07-24 20:35:00,23.399999999999995,58.1
2026-07-24 20:36:00,23.399999999999995,58.1
2026-07-24 20:37:00,23.399999999999995,57.93333333333334
2026-07-24 20:38:00,23.399999999999995,57.79999999999999
2026-07-24 20:39:00,23.399999999999995,57.9
2026-07-24 20:40:00,23.399999999999995,57.9
2026-07-24 20:41:00,23.399999999999995,58.03333333333333
2026-07-24 20:42:00,23.399999999999995,57.96666666666667
2026-07-24 20:43:00,23.399999999999995,57.93333333333334
2026-07-24 20:44:00,23.46666666666667,58.0
2026-07-24 20:45:00,23.399999999999995,57.76666666666667
2026-07-24 20:46:00,23.399999999999995,57.833333333333336
2026-07-24 20:47:00,23.399999999999995,57.86666666666667
2026-07-24 20:48:00,23.399999999999995,57.86666666666667
2026-07-24 20:49:00,23.399999999999995,57.9
2026-07-24 20:50:00,23.399999999999995,57.93333333333334
2026-07-24 20:51:00,23.399999999999995,58.03333333333333
2026-07-24 20:52:00,23.399999999999995,58.0
2026-07-24 20:53:00,23.333333333333332,57.96666666666667
2026-07-24 20:54:00,23.3,58.0
2026-07-24 20:55:00,23.3,58.1
2026-07-24 20:56:00,23.3,58.23333333333333
2026-07-24 20:57:00,23.3,58.333333333333336
2026-07-24 20:58:00,23.3,58.36666666666667
2026-07-24 20:59:00,23.3,58.4
2026-07-24 21:00:00,23.3,58.43333333333334
2026-07-24 21:01:00,23.3,58.43333333333334
2026-07-24 21:02:00,23.3,58.46666666666667
2026-07-24 21:03:00,23.3,58.46666666666667
2026-07-24 21:04:00,23.3,58.43333333333334
2026-07-24 21:05:00,23.3,58.4
2026-07-24 21:06:00,23.3,58.43333333333334
2026-07-24 21:07:00,23.3,58.43333333333334
2026-07-24 21:08:00,23.3,58.43333333333334
2026-07-24 21:09:00,23.3,58.5
2026-07-24 21:10:00,23.3,58.46666666666667
2026-07-24 21:11:00,23.3,58.46666666666667
2026-07-24 21:12:00,23.266666666666666,58.36666666666667
2026-07-24 21:13:00,23.2,58.43333333333334
2026-07-24 21:14:00,23.2,58.5
2026-07-24 21:15:00,23.2,58.666666666666664
2026-07-24 21:16:00,23.2,58.6
2026-07-24 21:17:00,23.2,58.666666666666664
2026-07-24 21:18:00,23.2,58.63333333333333
2026-07-24 21:19:00,23.2,58.70000000000001
2026-07-24 21:20:00,23.166666666666668,58.79999999999999
2026-07-24 21:21:00,23.133333333333336,58.79999999999999
2026-07-24 21:22:00,23.100000000000005,58.79999999999999
2026-07-24 21:23:00,23.100000000000005,58.833333333333336
2026-07-24 21:24:00,23.066666666666666,58.9
2026-07-24 21:25:00,23.0,58.9
2026-07-24 21:26:00,23.03333333333333,59.06666666666666
2026-07-24 21:27:00,23.0,59.1
2026-07-24 21:28:00,23.0,59.13333333333333
2026-07-24 21:29:00,22.933333333333334,59.20000000000001
2026-07-24 21:30:00,22.96666666666667,59.333333333333336
2026-07-24 21:31:00,23.0,59.333333333333336
2026-07-24 21:32:00,23.0,59.26666666666667
2026-07-24 21:33:00,23.03333333333333,59.333333333333336
2026-07-24 21:34:00,23.03333333333333,59.333333333333336
2026-07-24 21:35:00,23.100000000000005,59.29999999999999
2026-07-24 21:36:00,23.100000000000005,59.23333333333333
2026-07-24 21:37:00,23.100000000000005,59.13333333333333
2026-07-24 21:38:00,23.066666666666666,59.06666666666666
2026-07-24 21:39:00,23.0,59.06666666666666
2026-07-24 21:40:00,23.0,59.13333333333333
2026-07-24 21:41:00,23.0,59.13333333333333
2026-07-24 21:42:00,23.0,59.06666666666666
2026-07-24 21:43:00,23.0,59.1
2026-07-24 21:44:00,23.0,59.1
2026-07-24 21:45:00,23.0,59.1
2026-07-24 21:46:00,22.96666666666667,59.166666666666664
2026-07-24 21:47:00,22.899999999999995,59.20000000000001
2026-07-24 21:48:00,22.899999999999995,59.23333333333333
2026-07-24 21:49:00,22.933333333333334,59.29999999999999
2026-07-24 21:50:00,22.96666666666667,59.26666666666667
2026-07-24 21:51:00,22.933333333333334,59.20000000000001
2026-07-24 21:52:00,22.933333333333334,59.03333333333333
2026-07-24 21:53:00,22.899999999999995,58.96666666666667
2026-07-24 21:54:00,22.899999999999995,58.96666666666667
